customer_id,customer_name,email,country,signup_at,acquisition_channel,total_orders,lifetime_revenue,avg_order_value,first_order_at,last_order_at,recency_days,rfm_segment,is_churn_risk
CUST_00001,Allison Hill,donaldgarcia@example.net,United States,2025-03-28 11:21:41,Social Media,2,1087.94,543.97,2025-05-28 14:51:10,2025-09-24 14:17:11,158,At Risk,true
CUST_00002,Angie Henderson,davisjesse@example.net,Canada,2025-07-10 05:06:54,Paid Ads,2,194.94,97.47,2025-08-25 02:53:07,2025-11-03 22:45:06,118,At Risk,false
CUST_00004,Abigail Shaffer,jpeterson@example.org,France,2025-03-09 12:39:26,Email Campaign,4,954.87,238.72,2025-03-20 12:29:45,2025-10-23 05:49:18,129,At Risk,true
CUST_00005,Gabrielle Davis,howardmaurice@example.com,United States,2025-01-25 16:28:19,Organic Search,2,164.95,82.48,2025-03-18 08:05:39,2026-01-19 08:31:23,41,Active / Recent,false
CUST_00006,Monica Herrera,smiller@example.net,Canada,2025-06-19 19:42:26,Referral,6,2218.64,369.77,2025-06-22 11:32:26,2026-01-21 06:05:19,39,Loyal Customers,false
CUST_00007,Shannon Ray,williamsjeremy@example.com,France,2025-01-21 14:39:58,Paid Ads,4,672.91,168.23,2025-03-12 19:12:43,2026-02-13 18:10:00,16,Loyal Customers,false
CUST_00008,Dr. Sharon James,xreid@example.org,Canada,2025-11-22 20:24:58,Email Campaign,3,539.87,179.96,2025-12-02 09:28:47,2025-12-30 13:15:54,61,Active / Recent,false
CUST_00009,Daniel Adams,lynchgeorge@example.net,Australia,2025-08-05 01:51:02,Organic Search,2,549.97,274.99,2025-11-23 18:18:35,2026-01-23 23:02:42,37,Active / Recent,false
CUST_00010,Joel Nelson,gabriellecameron@example.org,India,2025-05-05 00:15:55,Email Campaign,2,264.97,132.49,2025-05-05 07:29:48,2026-02-01 04:22:03,28,Active / Recent,false
CUST_00011,Andrew Stewart,carl95@example.org,United Kingdom,2025-09-22 06:43:45,Paid Ads,6,1304.79,217.47,2025-09-30 14:42:27,2026-02-23 15:13:28,6,Champions,false
CUST_00012,Jennifer Rocha,ithomas@example.org,Australia,2025-06-17 05:44:21,Social Media,2,484.92,242.46,2025-10-22 23:01:26,2026-02-19 12:44:27,10,Active / Recent,false
CUST_00013,Kimberly Burgess,zhurst@example.com,United States,2025-03-21 09:20:15,Email Campaign,2,379.91,189.96,2025-06-30 03:19:05,2025-12-08 04:26:00,83,Active / Recent,false
CUST_00014,Zachary Hicks,camposmichelle@example.org,United Kingdom,2025-03-17 02:55:26,Social Media,2,344.94,172.47,2025-06-03 15:32:41,2025-06-15 10:58:05,259,Lost / Churned,true
CUST_00015,Rebecca Henderson,cruzcaitlin@example.com,Australia,2025-07-25 11:01:34,Organic Search,2,749.92,374.96,2025-09-21 11:19:25,2026-02-14 16:11:19,15,Active / Recent,false
CUST_00016,Tricia Valencia,frazierdanny@example.net,France,2025-12-23 20:18:01,Organic Search,4,854.88,213.72,2025-12-28 05:42:10,2026-02-17 10:11:20,12,Loyal Customers,false
CUST_00017,Patricia Peterson,ryan70@example.net,United States,2025-10-22 00:23:32,Referral,2,244.93,122.47,2026-01-19 12:05:38,2026-02-19 14:58:52,10,Active / Recent,false
CUST_00018,Deborah Mason,williamrodriguez@example.net,Australia,2025-08-16 17:14:21,Referral,2,134.95,67.47,2025-10-22 06:13:08,2025-11-11 18:26:38,110,At Risk,false
CUST_00019,Mark Lynch,nathanielmartin@example.net,France,2025-10-08 21:21:55,Paid Ads,3,428.88,142.96,2025-12-08 18:33:54,2026-02-17 08:26:45,12,Loyal Customers,false
CUST_00020,Linda Burns,hickmannatasha@example.com,United States,2025-02-24 00:36:07,Paid Ads,1,169.97,169.97,2026-02-07 04:42:11,2026-02-07 04:42:11,22,Active / Recent,false
CUST_00021,David Bradley,millertodd@example.org,United States,2025-08-13 18:34:57,Paid Ads,2,1184.85,592.42,2025-08-17 05:31:03,2026-01-11 00:47:10,49,Active / Recent,false
CUST_00022,Kim Martinez,karroyo@example.com,Germany,2025-03-20 10:48:11,Social Media,2,724.91,362.46,2025-04-28 01:50:12,2026-01-26 01:49:59,34,Active / Recent,false
CUST_00023,Lisa Brandt,jenniferross@example.net,India,2025-12-19 04:10:50,Social Media,6,885.80,147.63,2025-12-25 10:24:40,2026-02-13 00:34:02,16,Champions,false
CUST_00024,Jessica Holmes,wrightcaleb@example.org,United Kingdom,2025-05-07 08:05:31,Social Media,3,652.88,217.63,2025-09-13 05:24:25,2025-11-09 18:11:18,112,At Risk,false
CUST_00025,Crystal Robinson,zimmermanbrian@example.org,India,2025-06-12 17:29:38,Social Media,3,619.90,206.63,2025-08-30 19:17:36,2026-01-05 12:52:33,55,Loyal Customers,false
CUST_00026,Shannon Jones,joshuawashington@example.net,France,2025-02-25 11:02:21,Paid Ads,1,389.97,389.97,2025-05-06 04:42:47,2025-05-06 04:42:47,299,Lost / Churned,true
CUST_00027,Timothy Duncan,esanchez@example.com,Canada,2025-07-10 03:36:23,Email Campaign,2,649.90,324.95,2025-09-07 17:10:05,2026-02-06 03:42:16,23,Active / Recent,false
CUST_00028,Brent Jordan,ujenkins@example.org,United Kingdom,2025-10-22 17:33:43,Referral,2,989.88,494.94,2025-11-05 12:28:30,2025-12-16 13:14:11,75,Active / Recent,false
CUST_00029,Victoria Garcia,zchandler@example.org,India,2025-06-20 13:55:24,Social Media,4,857.87,214.47,2025-08-03 16:38:44,2026-02-15 08:44:34,14,Loyal Customers,false
CUST_00030,Connor West,dwhite@example.org,Canada,2025-02-13 10:45:32,Organic Search,1,319.94,319.94,2025-03-20 16:53:00,2025-03-20 16:53:00,346,Lost / Churned,true
CUST_00031,Angela Morton,williamsyvette@example.org,Germany,2025-09-03 00:28:15,Social Media,3,619.92,206.64,2025-10-01 13:00:44,2025-11-28 17:12:27,93,At Risk,false
CUST_00032,Tammy Allison,richardolson@example.com,Canada,2025-02-21 09:50:42,Referral,1,359.96,359.96,2025-07-01 00:57:16,2025-07-01 00:57:16,243,Lost / Churned,true
CUST_00033,Carmen Smith,ybaker@example.com,Canada,2025-09-02 10:01:15,Email Campaign,2,224.94,112.47,2025-09-05 06:40:11,2025-12-27 03:01:34,64,Active / Recent,false
CUST_00034,Michael Cross,smoore@example.org,India,2025-11-04 07:06:47,Email Campaign,2,1489.86,744.93,2025-11-20 04:50:01,2025-12-03 10:30:42,88,Active / Recent,false
CUST_00035,Lauren Daniels,brian97@example.net,United Kingdom,2025-04-21 23:19:10,Paid Ads,1,309.97,309.97,2026-02-24 15:08:00,2026-02-24 15:08:00,5,Active / Recent,false
CUST_00036,Kim Brown,yorkcasey@example.org,India,2025-07-11 13:28:11,Referral,3,644.90,214.97,2025-11-12 21:23:05,2026-02-03 13:39:58,26,Loyal Customers,false
CUST_00037,Cynthia Wilson,bethwilliams@example.org,India,2025-07-24 01:51:30,Referral,1,138.96,138.96,2025-09-05 10:49:19,2025-09-05 10:49:19,177,At Risk,true
CUST_00038,Kevin Mills,james53@example.com,France,2025-11-29 18:35:07,Email Campaign,2,189.93,94.97,2025-12-07 11:43:28,2026-01-11 14:07:55,49,Active / Recent,false
CUST_00039,Michael Evans,sarah10@example.com,Canada,2025-10-09 04:06:10,Paid Ads,2,114.96,57.48,2025-11-01 19:51:49,2025-12-10 09:08:20,81,Active / Recent,false
CUST_00040,Kristine Garcia,williamanderson@example.com,United States,2026-01-19 07:48:07,Organic Search,2,569.89,284.95,2026-01-24 02:45:40,2026-01-28 12:56:44,32,Active / Recent,false
CUST_00041,Sherry Wood,samueldaniels@example.com,Canada,2025-03-27 04:00:28,Paid Ads,1,79.96,79.96,2025-08-17 16:11:39,2025-08-17 16:11:39,196,Lost / Churned,true
CUST_00042,Victoria Valdez,contrerasangela@example.net,France,2025-11-24 21:37:55,Organic Search,3,988.83,329.61,2025-12-02 21:17:00,2025-12-16 10:27:56,75,Active / Recent,false
CUST_00043,Shawn Baker,newtoneric@example.com,Germany,2025-10-26 20:34:57,Referral,2,298.94,149.47,2025-11-09 12:06:39,2025-11-16 01:32:34,105,At Risk,false
CUST_00044,Michelle Harris,william40@example.org,France,2025-12-30 13:04:56,Social Media,3,205.94,68.65,2026-02-04 18:56:45,2026-02-26 02:32:51,3,Loyal Customers,false
CUST_00045,Sandra Williams,kellie42@example.net,India,2025-01-09 22:01:18,Organic Search,6,789.82,131.64,2025-02-04 09:58:50,2025-09-01 16:51:59,181,Lost / Churned,true
CUST_00046,Michael Hoffman,jonesnicole@example.org,Australia,2025-07-27 05:58:55,Social Media,4,314.90,78.72,2025-11-14 17:34:50,2026-02-27 18:24:38,2,Loyal Customers,false
CUST_00047,Sandra Aguilar,russellwilliams@example.com,United Kingdom,2025-03-28 15:28:59,Email Campaign,3,409.90,136.63,2025-09-18 21:37:20,2026-02-09 16:25:50,20,Loyal Customers,false
CUST_00048,Rebecca Valencia,jason31@example.com,Germany,2025-05-03 20:16:27,Organic Search,1,289.93,289.93,2025-08-20 09:43:16,2025-08-20 09:43:16,193,Lost / Churned,true
CUST_00049,Stacey Russell,sarayoung@example.org,France,2025-07-24 13:55:39,Paid Ads,3,569.93,189.98,2025-07-29 13:50:13,2025-12-19 18:32:07,72,Active / Recent,false
CUST_00050,Rita Keith,whitesandra@example.com,Australia,2025-03-24 15:38:29,Social Media,1,479.98,479.98,2025-09-22 19:39:42,2025-09-22 19:39:42,160,At Risk,true
CUST_00051,Sharon Cochran,erik16@example.org,Canada,2025-06-04 11:58:18,Social Media,3,419.92,139.97,2025-07-17 11:16:01,2025-12-22 22:07:50,69,Active / Recent,false
CUST_00052,Courtney Velasquez,ybailey@example.org,France,2025-05-06 11:29:32,Referral,3,949.84,316.61,2025-08-25 04:24:39,2025-10-06 06:55:53,146,At Risk,true
CUST_00053,Matthew Ross,michelle45@example.net,France,2025-01-01 10:39:39,Social Media,2,478.93,239.47,2025-02-07 12:34:27,2025-08-23 08:35:36,190,Lost / Churned,true
CUST_00054,Meghan Anthony,sheila14@example.org,United States,2026-01-15 12:16:14,Organic Search,3,884.91,294.97,2026-02-10 14:20:27,2026-02-18 06:35:19,11,Loyal Customers,false
CUST_00056,William Wilson,jonathanfletcher@example.org,United States,2025-07-05 23:42:52,Paid Ads,3,554.84,184.95,2025-09-26 02:58:15,2025-12-16 18:15:23,75,Active / Recent,false
CUST_00057,Renee Mcdaniel,michaeljones@example.net,United States,2025-03-03 04:08:16,Email Campaign,3,294.91,98.3,2025-04-04 11:17:03,2026-02-25 19:29:51,4,Loyal Customers,false
CUST_00058,Lisa Alvarado,cortezkevin@example.com,Australia,2025-02-23 18:12:53,Referral,2,394.93,197.47,2025-05-12 09:26:25,2025-09-28 22:52:39,154,At Risk,true
CUST_00059,Erika Terry,jamesortega@example.com,Canada,2025-04-08 16:20:45,Email Campaign,3,675.89,225.3,2025-10-27 12:54:35,2026-02-05 09:13:58,24,Loyal Customers,false
CUST_00060,Stephanie Gilbert,richard04@example.com,United Kingdom,2025-05-09 06:11:22,Referral,2,1179.94,589.97,2025-05-21 03:38:23,2025-07-08 12:26:20,236,Lost / Churned,true
CUST_00061,Richard Lawson,steven73@example.net,Canada,2025-11-25 15:51:46,Referral,2,569.93,284.96,2025-11-28 12:05:09,2025-12-20 02:58:36,71,Active / Recent,false
CUST_00062,Steven Flynn,donnacampbell@example.net,India,2025-06-06 05:43:39,Social Media,3,870.89,290.3,2025-06-29 10:52:19,2025-12-10 12:01:45,81,Active / Recent,false
CUST_00063,Frances Cardenas,emilywalker@example.org,India,2025-11-06 21:45:19,Social Media,3,964.90,321.63,2025-12-01 08:09:07,2026-02-02 04:25:24,27,Loyal Customers,false
CUST_00064,Angel Riggs,gibsonolivia@example.net,France,2025-12-07 06:46:38,Email Campaign,1,74.97,74.97,2025-12-14 04:35:21,2025-12-14 04:35:21,77,Active / Recent,false
CUST_00065,Michael Snyder,dylanwatts@example.org,Canada,2025-04-04 23:40:54,Paid Ads,3,1089.82,363.27,2025-04-22 13:35:45,2026-01-26 21:03:25,34,Loyal Customers,false
CUST_00066,Colleen Brock,pwilliams@example.org,United Kingdom,2025-02-19 17:31:45,Organic Search,4,559.86,139.97,2025-03-09 09:21:36,2026-02-20 21:41:24,9,Loyal Customers,false
CUST_00067,Robert Contreras,stephanie79@example.net,France,2025-06-28 17:38:58,Paid Ads,5,1219.77,243.95,2025-07-16 11:46:31,2025-10-29 22:57:31,123,At Risk,true
CUST_00068,Jessica Meadows,vmerritt@example.com,United States,2025-01-06 14:02:49,Organic Search,2,732.94,366.47,2025-09-09 13:07:38,2025-10-06 21:07:28,146,At Risk,true
CUST_00069,Paul Larsen,katie87@example.net,United States,2025-06-27 19:47:03,Organic Search,1,59.98,59.98,2025-07-16 15:33:57,2025-07-16 15:33:57,228,Lost / Churned,true
CUST_00070,Jeremiah Reeves,josephflores@example.net,United States,2025-09-14 15:38:00,Referral,1,479.96,479.96,2025-11-21 16:59:38,2025-11-21 16:59:38,100,At Risk,false
CUST_00071,Chris Reyes,jasminebrown@example.com,United Kingdom,2025-07-04 20:43:40,Email Campaign,3,979.90,326.63,2025-07-13 07:44:27,2026-02-07 19:22:02,22,Loyal Customers,false
CUST_00073,Alicia Gilmore,wwoods@example.com,Canada,2026-01-03 03:13:35,Email Campaign,2,684.90,342.45,2026-01-25 08:42:40,2026-02-23 03:11:49,6,Active / Recent,false
CUST_00074,Sarah Ashley,vmedina@example.net,Canada,2025-11-13 04:08:51,Organic Search,2,499.92,249.96,2026-01-15 17:55:55,2026-01-16 23:02:26,44,Active / Recent,false
CUST_00075,Stephanie Freeman,ryan06@example.com,India,2025-03-17 06:55:16,Email Campaign,2,749.94,374.97,2025-03-19 00:02:32,2025-06-01 13:44:33,273,Lost / Churned,true
CUST_00076,Rebecca Ramsey,ncalhoun@example.net,Germany,2025-10-03 04:35:07,Email Campaign,5,1125.86,225.17,2025-10-09 16:18:00,2025-11-27 01:00:55,94,At Risk,false
CUST_00077,James Elliott,millerroy@example.com,Australia,2025-12-29 17:58:14,Organic Search,4,534.84,133.71,2026-01-08 13:59:40,2026-02-15 11:35:36,14,Loyal Customers,false
CUST_00078,David Murphy,wmurphy@example.com,United States,2025-03-18 10:38:31,Email Campaign,3,230.97,76.99,2025-06-03 13:54:39,2025-11-22 03:12:23,99,At Risk,false
CUST_00079,Trevor Fisher,ruizkaitlyn@example.org,Australia,2025-09-21 13:03:32,Organic Search,2,489.95,244.98,2025-11-18 20:06:29,2026-02-20 17:39:30,9,Active / Recent,false
CUST_00082,Jacob Obrien,stricklandfrank@example.com,United Kingdom,2025-05-23 12:27:53,Email Campaign,3,1319.89,439.96,2025-06-15 18:59:15,2026-02-07 11:53:04,22,Loyal Customers,false
CUST_00083,Alexander Collins,tsanders@example.org,Australia,2025-07-14 00:43:46,Organic Search,3,254.97,84.99,2025-12-05 22:50:01,2026-02-26 10:56:16,3,Loyal Customers,false
CUST_00085,Barbara Riggs,reedross@example.com,United States,2025-03-18 01:09:03,Referral,2,169.97,84.99,2025-08-11 17:40:20,2025-09-06 03:14:22,176,At Risk,true
CUST_00086,Matthew Smith,gshort@example.com,United States,2025-01-12 11:06:22,Paid Ads,1,109.96,109.96,2025-04-01 07:19:01,2025-04-01 07:19:01,334,Lost / Churned,true
CUST_00088,Robert Medina,umarshall@example.net,Canada,2026-01-09 21:10:16,Email Campaign,1,95.96,95.96,2026-02-13 14:00:45,2026-02-13 14:00:45,16,Active / Recent,false
CUST_00089,Samuel Rivas,ramirezshannon@example.com,Canada,2025-02-15 13:02:35,Email Campaign,5,832.86,166.57,2025-02-27 01:09:55,2026-02-09 15:11:54,20,Champions,false
CUST_00091,Robert Peterson,angela83@example.org,United Kingdom,2025-12-20 09:58:14,Email Campaign,5,357.88,71.58,2026-01-12 22:54:00,2026-02-18 15:39:29,11,Champions,false
CUST_00092,Jason Peters,hannahbrewer@example.com,Canada,2026-01-14 00:12:45,Paid Ads,2,533.86,266.93,2026-01-20 01:57:24,2026-02-02 22:45:41,27,Active / Recent,false
CUST_00093,Alan Phillips,tholt@example.net,Canada,2025-08-19 11:02:05,Organic Search,4,593.88,148.47,2025-08-22 13:16:28,2026-02-27 17:27:02,2,Loyal Customers,false
CUST_00094,Kara Schmidt,jbarajas@example.com,India,2025-02-17 08:19:53,Social Media,2,344.93,172.47,2025-03-29 15:09:37,2025-12-02 22:37:22,89,Active / Recent,false
CUST_00095,Jesse Parker,davidlee@example.org,United States,2025-02-14 09:38:16,Referral,5,658.82,131.76,2025-03-18 14:55:28,2025-09-30 23:57:01,152,At Risk,true
CUST_00096,Tiffany Vaughn,javierwashington@example.net,France,2026-01-06 07:58:55,Referral,4,489.89,122.47,2026-01-16 22:20:10,2026-02-08 10:08:12,21,Loyal Customers,false
CUST_00098,Adrian Ferguson,brandon08@example.com,Australia,2025-03-04 05:23:09,Paid Ads,6,1294.84,215.81,2025-03-10 14:08:44,2026-02-13 01:17:35,16,Champions,false
CUST_00099,Beth Oneill,agarcia@example.net,France,2025-02-23 05:19:48,Organic Search,2,59.97,29.99,2025-06-24 01:52:52,2025-09-03 10:26:17,179,At Risk,true
CUST_00100,John Peterson,kingmichelle@example.org,Germany,2025-07-02 16:31:06,Organic Search,2,737.89,368.95,2025-12-03 09:10:22,2026-01-29 23:44:38,31,Active / Recent,false
CUST_00101,Jennifer Jones,hernandezlisa@example.com,France,2025-07-11 05:47:12,Referral,1,149.97,149.97,2025-12-04 17:08:06,2025-12-04 17:08:06,87,Active / Recent,false
CUST_00102,David Grant,yobrien@example.net,France,2025-01-31 20:50:17,Organic Search,1,179.97,179.97,2026-01-23 20:03:47,2026-01-23 20:03:47,37,Active / Recent,false
CUST_00103,Joseph Hayes,levans@example.com,India,2025-11-22 14:55:07,Referral,1,74.98,74.98,2026-01-10 00:10:07,2026-01-10 00:10:07,50,Active / Recent,false
CUST_00104,Marc Lynch,mezajared@example.org,United Kingdom,2025-09-03 17:33:40,Paid Ads,3,469.90,156.63,2025-10-11 02:24:39,2026-01-20 04:49:39,40,Loyal Customers,false
CUST_00105,Brad Allen,moorericky@example.net,Canada,2025-09-02 00:48:42,Social Media,1,149.98,149.98,2026-01-09 13:22:37,2026-01-09 13:22:37,51,Active / Recent,false
CUST_00106,Doris Hall,jacqueline71@example.net,Canada,2025-11-04 09:58:58,Social Media,2,523.88,261.94,2025-11-25 01:55:16,2026-01-27 06:15:37,33,Active / Recent,false
CUST_00107,Dennis Moody,ronaldstephens@example.net,United Kingdom,2025-12-22 03:17:01,Organic Search,8,1828.70,228.59,2025-12-23 13:43:42,2026-02-28 17:19:34,1,Champions,false
CUST_00108,Derek Thomas,martinkyle@example.net,Germany,2025-01-08 05:39:09,Referral,1,314.94,314.94,2025-08-09 05:52:20,2025-08-09 05:52:20,204,Lost / Churned,true
CUST_00109,Tammy Gonzales,sbarker@example.com,United States,2025-03-19 15:47:08,Referral,3,224.93,74.98,2025-05-22 11:52:17,2025-09-13 06:46:06,169,At Risk,true
CUST_00110,Kathryn Snyder,georgepamela@example.net,France,2025-06-15 13:29:03,Social Media,2,707.89,353.95,2025-08-14 07:59:39,2025-09-26 04:46:23,156,At Risk,true
CUST_00111,David Davis,keyemily@example.com,United Kingdom,2025-04-13 21:10:09,Organic Search,2,114.94,57.47,2025-08-18 18:51:57,2025-10-29 04:47:12,123,At Risk,true
CUST_00112,Pamela Thompson,lmoon@example.net,United Kingdom,2025-07-09 17:47:29,Social Media,1,144.96,144.96,2026-02-05 19:14:04,2026-02-05 19:14:04,24,Active / Recent,false
CUST_00113,Robert Costa,vbailey@example.com,Germany,2025-05-03 12:36:50,Referral,2,179.94,89.97,2025-08-21 02:59:40,2026-02-06 11:59:11,23,Active / Recent,false
CUST_00114,Shannon Rivera,zroberts@example.net,France,2025-08-23 23:19:41,Referral,2,374.89,187.45,2025-09-22 17:15:02,2026-02-20 20:47:35,9,Active / Recent,false
CUST_00115,Brandon King,cordovarichard@example.net,India,2025-01-07 01:49:59,Referral,5,1633.77,326.75,2025-03-17 07:30:44,2025-12-05 00:24:51,86,Active / Recent,false
CUST_00116,April Booth,mgutierrez@example.net,India,2025-08-21 12:49:27,Organic Search,2,1149.88,574.94,2025-11-02 11:37:19,2025-12-11 17:46:01,80,Active / Recent,false
CUST_00117,Peter Garrett,harrisandrea@example.com,United Kingdom,2025-04-15 07:22:04,Organic Search,4,939.91,234.98,2025-06-22 14:04:16,2026-02-14 01:51:42,15,Loyal Customers,false
CUST_00118,Michael Martinez,jennifercollins@example.org,India,2025-03-25 03:17:42,Referral,3,1039.82,346.61,2025-04-26 05:19:55,2025-09-25 23:30:27,157,At Risk,true
CUST_00119,Anna Gay,murraydavid@example.org,United Kingdom,2025-05-01 17:45:32,Social Media,5,1567.82,313.56,2025-11-09 22:39:42,2026-02-21 04:41:45,8,Champions,false
CUST_00120,Dr. Jordan Hill PhD,jsanchez@example.org,India,2025-06-13 14:25:16,Social Media,1,24.98,24.98,2025-09-01 06:08:52,2025-09-01 06:08:52,181,Lost / Churned,true
CUST_00121,Thomas Romero,michellehill@example.com,India,2025-06-08 03:19:44,Social Media,4,899.86,224.97,2025-08-22 06:06:12,2026-02-02 05:37:57,27,Loyal Customers,false
CUST_00122,Richard Adams,campbellkenneth@example.net,Germany,2026-01-28 13:30:27,Social Media,3,1084.89,361.63,2026-02-02 12:19:11,2026-02-23 07:57:25,6,Loyal Customers,false
CUST_00123,Mary Grimes,wryan@example.com,United States,2025-02-09 10:57:36,Email Campaign,2,175.94,87.97,2025-10-16 21:04:22,2026-02-11 02:43:31,18,Active / Recent,false
CUST_00124,Kimberly Gibson,molly39@example.com,United States,2025-08-03 21:41:35,Organic Search,2,789.91,394.96,2025-08-16 07:11:03,2026-01-02 03:26:17,58,Active / Recent,false
CUST_00125,Reginald Williams,zthornton@example.com,Australia,2025-09-17 01:56:40,Paid Ads,3,729.91,243.3,2025-11-05 00:55:14,2025-12-29 22:48:32,62,Active / Recent,false
CUST_00126,Matthew Hoover,tylerjohnson@example.net,Canada,2025-07-23 11:12:00,Email Campaign,4,860.87,215.22,2025-08-22 07:03:49,2026-01-07 19:20:11,53,Loyal Customers,false
CUST_00129,Michael Santos,melissa86@example.com,Australia,2025-01-28 23:36:47,Social Media,3,444.91,148.3,2025-04-10 06:07:55,2025-05-27 09:47:19,278,Lost / Churned,true
CUST_00130,Stacy Freeman,williamsonjimmy@example.net,Germany,2025-04-26 00:40:05,Paid Ads,2,389.89,194.95,2025-09-24 02:26:54,2026-02-02 06:49:03,27,Active / Recent,false
CUST_00131,Yolanda Francis,wgood@example.net,United Kingdom,2025-02-02 11:44:47,Social Media,2,72.97,36.49,2025-09-20 09:40:53,2026-02-24 05:44:31,5,Active / Recent,false
CUST_00132,Ashlee Jackson,rebecca05@example.org,United Kingdom,2025-01-31 23:41:39,Paid Ads,3,1129.92,376.64,2025-03-01 06:28:30,2025-10-06 06:17:35,146,At Risk,true
CUST_00133,James Thomas,yknight@example.org,India,2025-07-13 19:34:17,Organic Search,3,278.94,92.98,2025-10-08 23:38:28,2026-02-19 04:53:34,10,Loyal Customers,false
CUST_00134,Bob Pitts,tyleraguilar@example.org,Australia,2025-10-02 17:02:51,Referral,4,1079.87,269.97,2025-10-19 08:41:24,2025-11-10 04:24:51,111,At Risk,false
CUST_00135,David Scott,nolansteven@example.com,France,2025-11-12 15:25:24,Paid Ads,5,1578.75,315.75,2025-11-14 03:06:06,2026-02-22 22:13:13,7,Champions,false
CUST_00136,Brooke Alexander,vanessa46@example.net,Australia,2025-07-03 21:06:13,Paid Ads,1,339.99,339.99,2025-07-06 18:09:38,2025-07-06 18:09:38,238,Lost / Churned,true
CUST_00137,Ryan Gonzalez,gcastaneda@example.org,Germany,2025-05-18 12:29:43,Organic Search,1,399.96,399.96,2025-12-06 14:10:22,2025-12-06 14:10:22,85,Active / Recent,false
CUST_00138,Ian Phillips,andrew64@example.org,India,2025-05-20 07:31:30,Social Media,1,154.96,154.96,2025-09-18 22:37:39,2025-09-18 22:37:39,164,At Risk,true
CUST_00139,Melissa Garner,lozanojulie@example.com,Australia,2025-11-16 18:53:22,Paid Ads,2,384.95,192.48,2026-01-11 15:30:02,2026-01-25 04:25:35,35,Active / Recent,false
CUST_00140,Crystal Pham,danaoliver@example.net,Canada,2025-07-27 05:37:08,Organic Search,1,269.97,269.97,2025-09-08 09:13:56,2025-09-08 09:13:56,174,At Risk,true
CUST_00141,Patricia Becker,courtneyberger@example.net,Australia,2025-10-25 03:05:40,Organic Search,3,1159.80,386.6,2025-11-07 11:28:52,2026-01-18 11:58:11,42,Loyal Customers,false
CUST_00142,Richard Johnson,jessica14@example.com,Canada,2026-01-01 14:17:52,Paid Ads,3,1339.84,446.61,2026-01-16 07:25:54,2026-02-19 11:12:52,10,Loyal Customers,false
CUST_00143,Casey Anderson,alyssa42@example.com,United Kingdom,2025-12-24 12:40:27,Social Media,2,368.93,184.47,2025-12-27 01:58:25,2026-01-13 14:07:58,47,Active / Recent,false
CUST_00144,Terry Coffey,julie51@example.com,Canada,2025-06-26 18:41:14,Organic Search,3,694.88,231.63,2025-07-10 15:25:09,2025-10-28 16:21:00,124,At Risk,true
CUST_00145,Brenda Levy,zcoffey@example.net,Germany,2025-05-31 00:12:00,Social Media,1,299.95,299.95,2026-02-25 13:23:51,2026-02-25 13:23:51,4,Active / Recent,false
CUST_00146,Richard Smith,gibsonemily@example.net,Australia,2025-08-05 09:32:14,Organic Search,3,692.89,230.96,2025-10-17 12:00:07,2026-02-25 03:09:12,4,Loyal Customers,false
CUST_00147,James Little,daniel37@example.org,United Kingdom,2025-08-05 19:16:01,Referral,1,524.97,524.97,2025-08-15 09:26:14,2025-08-15 09:26:14,198,Lost / Churned,true
CUST_00148,Terri Murphy,deborahreid@example.com,India,2025-11-07 10:32:42,Referral,1,95.95,95.95,2025-12-16 14:36:43,2025-12-16 14:36:43,75,Active / Recent,false
CUST_00149,Elizabeth Ortiz,brandonjohnson@example.com,United States,2025-09-15 05:04:51,Organic Search,2,364.88,182.44,2025-10-04 00:39:31,2026-02-20 16:36:21,9,Active / Recent,false
CUST_00150,David Medina,qchavez@example.net,Canada,2025-07-22 21:24:15,Referral,1,305.96,305.96,2025-10-04 18:46:21,2025-10-04 18:46:21,148,At Risk,true
CUST_00151,Kimberly Matthews,nicolepena@example.com,United States,2025-07-26 04:39:06,Organic Search,4,1243.75,310.94,2025-08-12 22:38:58,2025-10-10 06:25:08,142,At Risk,true
CUST_00152,Teresa Ramirez,jeff73@example.com,United Kingdom,2025-12-04 12:51:20,Social Media,2,394.91,197.46,2025-12-22 02:34:21,2025-12-27 20:58:02,64,Active / Recent,false
CUST_00153,Michael Stephens,bruce43@example.org,France,2025-12-05 22:58:17,Referral,3,754.86,251.62,2025-12-11 18:52:47,2026-02-05 14:46:44,24,Loyal Customers,false
CUST_00154,Samantha Davis,darleneharper@example.org,Germany,2025-03-31 19:47:37,Referral,3,289.91,96.64,2025-06-12 09:52:50,2026-01-23 02:00:13,37,Loyal Customers,false
CUST_00155,Gavin Zhang,caseyhubbard@example.org,United Kingdom,2025-05-28 15:19:30,Organic Search,2,349.96,174.98,2025-06-15 03:31:53,2025-10-12 13:03:58,140,At Risk,true
CUST_00156,Robin Hall,kristinacarlson@example.com,United States,2025-12-05 16:42:04,Referral,2,639.88,319.94,2026-02-10 09:33:35,2026-02-11 15:56:52,18,Active / Recent,false
CUST_00157,Brianna Anderson,lauren10@example.org,United Kingdom,2025-06-03 01:00:03,Email Campaign,2,164.95,82.48,2025-08-10 17:53:59,2025-09-18 19:11:15,164,At Risk,true
CUST_00158,Richard Young,alfred40@example.org,India,2025-02-24 08:24:22,Social Media,2,1005.90,502.95,2025-04-21 20:33:49,2025-05-13 12:56:36,292,Lost / Churned,true
CUST_00159,Kelly Reese,xwest@example.net,India,2025-09-01 19:48:42,Organic Search,1,294.93,294.93,2025-10-07 14:44:07,2025-10-07 14:44:07,145,At Risk,true
CUST_00160,Jodi Walker,acostaregina@example.net,France,2025-08-22 06:24:46,Social Media,3,828.85,276.28,2025-08-25 03:26:49,2025-12-22 01:22:44,69,Active / Recent,false
CUST_00161,Judith Maynard,lutzmelanie@example.com,United Kingdom,2025-11-14 04:59:44,Email Campaign,2,309.94,154.97,2026-01-29 02:13:44,2026-02-08 10:50:04,21,Active / Recent,false
CUST_00162,Katherine Browning,lammarc@example.org,France,2025-08-18 15:24:44,Paid Ads,3,514.91,171.64,2025-09-26 04:06:17,2025-11-04 07:50:10,117,At Risk,false
CUST_00163,Donald Schultz,oscar98@example.com,Germany,2025-05-30 00:09:30,Email Campaign,2,527.95,263.98,2025-06-07 01:11:01,2026-02-06 14:44:21,23,Active / Recent,false
CUST_00164,Larry Garcia,farrelldebra@example.net,France,2025-05-16 04:06:17,Referral,4,978.84,244.71,2025-07-14 05:00:17,2025-12-24 06:34:48,67,Active / Recent,false
CUST_00165,Cindy Hayes,robertwilcox@example.com,Germany,2025-08-22 18:06:44,Referral,1,234.95,234.95,2025-12-23 15:33:40,2025-12-23 15:33:40,68,Active / Recent,false
CUST_00166,Brandon Simmons,nicholas27@example.org,United Kingdom,2025-01-01 07:34:02,Social Media,3,379.91,126.64,2025-09-25 05:12:38,2026-02-16 05:08:38,13,Loyal Customers,false
CUST_00167,Bradley Reynolds,lisa80@example.net,Germany,2025-06-13 06:05:21,Referral,2,909.91,454.96,2025-12-18 02:01:20,2026-02-10 05:24:43,19,Active / Recent,false
CUST_00168,Kristina Santiago,qgomez@example.com,Germany,2025-09-08 07:09:39,Email Campaign,1,624.96,624.96,2026-02-15 00:55:03,2026-02-15 00:55:03,14,Active / Recent,false
CUST_00169,Michelle Schmitt,michael98@example.org,India,2025-12-10 10:27:21,Paid Ads,7,2003.73,286.25,2025-12-15 17:51:00,2026-01-22 03:57:42,38,Loyal Customers,false
CUST_00170,John Boone,megan51@example.com,Australia,2026-01-03 12:49:47,Paid Ads,2,569.93,284.96,2026-01-15 03:00:17,2026-02-22 04:41:47,7,Active / Recent,false
CUST_00171,Renee Bruce,lynchdiane@example.net,United Kingdom,2025-03-07 20:42:12,Referral,2,564.90,282.45,2025-10-26 13:13:12,2026-01-09 14:58:50,51,Active / Recent,false
CUST_00172,Christopher Park,sandra50@example.org,United States,2025-09-18 08:21:43,Paid Ads,2,339.97,169.99,2025-12-15 10:21:45,2025-12-26 02:40:26,65,Active / Recent,false
CUST_00173,Kylie Morales,joycebonilla@example.org,Canada,2025-08-30 02:38:17,Paid Ads,3,864.90,288.3,2025-08-31 01:09:22,2026-02-04 15:17:17,25,Loyal Customers,false
CUST_00174,Cindy Barnes,eric45@example.net,United States,2025-04-25 10:52:37,Organic Search,3,1194.83,398.28,2025-07-15 02:36:42,2025-12-03 22:19:08,88,Active / Recent,false
CUST_00175,Sophia Moore,craigjoseph@example.net,Germany,2025-07-10 04:11:44,Referral,2,469.96,234.98,2025-08-02 12:27:42,2026-02-24 17:06:39,5,Active / Recent,false
CUST_00176,Lawrence Perry,kariwilson@example.com,Germany,2025-02-26 13:36:59,Email Campaign,4,1055.86,263.96,2025-03-26 05:38:53,2025-12-30 02:07:28,61,Active / Recent,false
CUST_00177,Michael Watkins,brandon69@example.org,India,2025-06-01 00:32:07,Email Campaign,1,79.99,79.99,2025-09-15 23:34:52,2025-09-15 23:34:52,167,At Risk,true
CUST_00178,Eric Clark,kathrynroberts@example.org,Germany,2026-01-19 23:51:30,Paid Ads,1,394.95,394.95,2026-01-27 14:38:01,2026-01-27 14:38:01,33,Active / Recent,false
CUST_00179,Paul Thompson,opatel@example.net,India,2025-04-25 14:55:45,Organic Search,4,1410.83,352.71,2025-05-08 01:51:30,2025-09-23 11:33:43,159,At Risk,true
CUST_00181,Thomas Atkins,tberry@example.net,Canada,2025-06-19 23:29:40,Referral,5,341.87,68.37,2025-07-28 23:50:13,2025-12-28 22:08:11,63,Active / Recent,false
CUST_00182,Brian Smith,george97@example.net,United States,2025-12-27 19:50:15,Referral,2,144.93,72.47,2026-01-31 22:51:45,2026-02-19 08:13:34,10,Active / Recent,false
CUST_00183,Anita Richard,ryanmorales@example.org,Australia,2025-07-13 13:23:33,Organic Search,2,439.94,219.97,2025-07-28 15:09:12,2026-01-20 15:41:56,40,Active / Recent,false
CUST_00184,Eric Morgan,kimberly18@example.net,Canada,2025-12-21 13:03:54,Email Campaign,1,227.94,227.94,2025-12-26 02:29:08,2025-12-26 02:29:08,65,Active / Recent,false
CUST_00185,Jordan Bullock,michael23@example.org,Australia,2025-09-04 10:51:45,Email Campaign,4,1514.81,378.7,2025-10-22 15:32:42,2026-02-08 13:15:51,21,Loyal Customers,false
CUST_00186,Craig Morrison,thompsonkendra@example.com,Germany,2026-01-28 01:44:49,Referral,1,184.97,184.97,2026-02-08 05:43:10,2026-02-08 05:43:10,21,Active / Recent,false
CUST_00187,Justin Riley,michelle52@example.com,Canada,2025-12-13 08:25:55,Email Campaign,2,514.94,257.47,2025-12-24 07:22:19,2026-02-19 23:05:19,10,Active / Recent,false
CUST_00188,Jeremy Turner,brittany58@example.org,United Kingdom,2025-12-16 13:54:30,Paid Ads,1,44.97,44.97,2026-01-10 09:23:36,2026-01-10 09:23:36,50,Active / Recent,false
CUST_00189,Jesse Brown,chase19@example.net,Australia,2025-08-04 09:27:29,Referral,3,624.91,208.3,2025-08-05 10:20:18,2025-12-21 23:32:55,70,Active / Recent,false
CUST_00190,Julie Spencer,colelisa@example.net,India,2026-01-12 09:32:35,Paid Ads,5,1403.84,280.77,2026-01-31 06:13:13,2026-02-24 06:14:01,5,Champions,false
CUST_00191,Larry Mason,hayeslisa@example.com,Germany,2025-08-02 06:52:02,Organic Search,3,549.92,183.31,2025-08-29 23:46:06,2026-01-31 12:13:32,29,Loyal Customers,false
CUST_00192,Mrs. Maria Williams,hritter@example.net,Canada,2025-08-10 22:21:31,Social Media,4,805.91,201.48,2025-10-17 15:14:14,2025-12-23 22:49:41,68,Active / Recent,false
CUST_00193,Helen Hardin,vortiz@example.net,United Kingdom,2025-09-18 20:39:06,Referral,4,1063.80,265.95,2025-10-16 08:52:09,2026-02-20 01:12:40,9,Loyal Customers,false
CUST_00194,Rachel Holland,riveraangela@example.com,Canada,2025-03-04 14:04:35,Paid Ads,2,1114.86,557.43,2025-03-29 00:48:30,2025-06-13 05:12:35,261,Lost / Churned,true
CUST_00195,Nathaniel Douglas,mathewaguilar@example.org,Germany,2025-06-29 15:01:35,Paid Ads,2,198.93,99.47,2025-09-22 09:17:54,2025-10-20 17:00:53,132,At Risk,true
CUST_00197,James Conner,elizabethcalderon@example.net,United Kingdom,2025-11-13 14:12:10,Referral,2,495.89,247.95,2025-12-11 23:35:12,2026-01-07 07:45:02,53,Active / Recent,false
CUST_00198,Susan Davis DDS,andrew42@example.org,Germany,2025-12-28 21:27:30,Organic Search,1,244.96,244.96,2026-01-19 20:42:46,2026-01-19 20:42:46,41,Active / Recent,false
CUST_00199,Ralph Lee,ericphillips@example.org,Australia,2025-06-10 15:40:20,Email Campaign,2,354.91,177.46,2025-08-21 13:02:12,2026-02-15 07:08:59,14,Active / Recent,false
CUST_00200,Kimberly Rodgers,stanleynancy@example.net,Australia,2025-10-30 12:22:26,Referral,3,314.90,104.97,2025-12-13 11:34:26,2025-12-30 15:44:11,61,Active / Recent,false
CUST_00201,James Martin,jenniferwilliams@example.com,Australia,2025-01-16 04:06:07,Referral,1,344.94,344.94,2025-01-31 13:26:32,2025-01-31 13:26:32,394,Lost / Churned,true
CUST_00202,Cynthia Wallace,karen73@example.net,Germany,2025-10-23 10:48:58,Organic Search,2,689.92,344.96,2025-12-16 21:24:26,2026-02-23 14:30:30,6,Active / Recent,false
CUST_00204,Douglas Reyes,mburch@example.net,France,2025-11-22 11:07:22,Referral,4,1144.88,286.22,2026-01-02 00:59:30,2026-02-24 02:05:12,5,Loyal Customers,false
CUST_00205,David Davidson,angela18@example.org,Germany,2025-06-21 07:08:21,Paid Ads,3,424.96,141.65,2025-07-27 20:23:09,2025-10-15 01:08:38,137,At Risk,true
CUST_00206,Phillip Nelson,mariahdavis@example.org,Germany,2025-07-31 23:52:58,Email Campaign,2,604.93,302.46,2025-09-01 12:21:27,2025-10-10 19:01:56,142,At Risk,true
CUST_00207,Stacey Arias,gbrown@example.com,Germany,2025-01-23 13:03:42,Social Media,2,829.92,414.96,2025-04-16 16:42:52,2025-05-29 10:37:49,276,Lost / Churned,true
CUST_00208,Zachary Brooks,florescory@example.net,India,2025-11-11 01:00:32,Paid Ads,2,664.92,332.46,2025-11-27 04:51:48,2025-12-10 06:52:09,81,Active / Recent,false
CUST_00209,Raven Taylor,samantha72@example.net,Canada,2025-12-30 00:47:01,Referral,4,1324.78,331.2,2026-01-07 18:54:03,2026-02-12 20:05:19,17,Loyal Customers,false
CUST_00210,Luis Bullock,scottmary@example.net,Germany,2025-01-21 22:41:27,Referral,2,489.91,244.96,2025-06-14 12:12:35,2025-07-08 19:42:38,236,Lost / Churned,true
CUST_00211,Lisa Henderson,john10@example.org,United States,2025-01-22 01:13:07,Email Campaign,4,632.88,158.22,2025-05-25 11:06:32,2025-11-12 12:25:40,109,At Risk,false
CUST_00212,Riley Bryant,copelandvincent@example.net,Australia,2025-04-16 09:37:18,Email Campaign,1,599.95,599.95,2025-06-11 06:05:30,2025-06-11 06:05:30,263,Lost / Churned,true
CUST_00213,Jose Allen,kellysmith@example.com,United States,2025-05-22 03:40:28,Social Media,3,1264.87,421.62,2025-06-03 01:09:33,2025-10-09 14:04:59,143,At Risk,true
CUST_00214,Jason Beck,millsmichael@example.net,United Kingdom,2025-10-22 11:00:29,Paid Ads,2,489.95,244.98,2025-11-30 15:00:17,2025-12-15 21:34:02,76,Active / Recent,false
CUST_00215,Rachel Romero,myerstheodore@example.net,United Kingdom,2025-12-20 04:12:35,Social Media,1,404.97,404.97,2026-02-15 07:40:48,2026-02-15 07:40:48,14,Active / Recent,false
CUST_00216,James Burgess,kristina53@example.net,United Kingdom,2025-10-22 11:25:29,Email Campaign,1,234.94,234.94,2025-12-05 02:04:36,2025-12-05 02:04:36,86,Active / Recent,false
CUST_00217,Ashley Perkins,dennis58@example.com,Australia,2025-07-15 22:40:55,Organic Search,3,519.87,173.29,2025-07-20 04:59:42,2026-02-03 19:11:33,26,Loyal Customers,false
CUST_00218,Carrie Maxwell,epollard@example.net,United States,2026-01-01 07:09:17,Referral,1,219.96,219.96,2026-02-14 16:07:36,2026-02-14 16:07:36,15,Active / Recent,false
CUST_00219,Chad Baldwin,mjohnson@example.org,United Kingdom,2025-02-10 10:56:45,Paid Ads,1,239.96,239.96,2025-07-21 23:52:12,2025-07-21 23:52:12,223,Lost / Churned,true
CUST_00220,Stacey Stewart,zachary87@example.com,Australia,2025-02-23 07:08:20,Organic Search,4,1267.77,316.94,2025-02-26 12:14:41,2025-09-08 17:14:38,174,At Risk,true
CUST_00221,Matthew Mitchell,glennmartin@example.org,Canada,2025-01-25 02:26:27,Paid Ads,1,68.96,68.96,2025-02-17 21:15:14,2025-02-17 21:15:14,377,Lost / Churned,true
CUST_00222,Jessica Ross,ykline@example.com,France,2025-01-16 19:54:39,Paid Ads,4,1054.87,263.72,2025-06-06 05:06:20,2026-02-28 16:29:31,1,Loyal Customers,false
CUST_00223,Kathleen Jimenez,laurie61@example.com,Canada,2025-07-05 06:48:00,Email Campaign,1,34.98,34.98,2026-02-26 03:37:06,2026-02-26 03:37:06,3,Active / Recent,false
CUST_00224,Samantha Gardner,curtis54@example.com,France,2025-03-30 20:22:25,Paid Ads,3,1109.87,369.96,2025-05-29 18:12:12,2026-01-19 09:00:39,41,Loyal Customers,false
CUST_00225,Mitchell Jackson,cbell@example.net,India,2025-12-28 04:51:42,Social Media,3,774.88,258.29,2026-02-09 10:28:38,2026-02-16 04:16:44,13,Loyal Customers,false
CUST_00226,Heather Bolton,danielle01@example.net,Canada,2025-10-14 12:42:16,Referral,3,474.91,158.3,2025-12-04 14:16:52,2026-02-14 20:06:14,15,Loyal Customers,false
CUST_00227,Heidi Owen,stephaniethomas@example.net,Australia,2025-03-30 23:02:50,Paid Ads,5,1321.80,264.36,2025-05-02 19:58:06,2026-02-16 21:52:28,13,Champions,false
CUST_00228,Jessica Martinez,kimberlydiaz@example.com,United States,2025-08-30 14:11:08,Referral,5,1599.73,319.95,2025-09-08 06:34:39,2025-12-08 06:31:06,83,Active / Recent,false
CUST_00229,Amanda Hernandez,xrush@example.com,United Kingdom,2025-01-20 22:40:49,Referral,3,554.93,184.98,2025-07-18 19:17:56,2025-12-26 10:19:08,65,Active / Recent,false
CUST_00230,Laura Moreno,redwards@example.org,Germany,2025-10-19 12:13:43,Paid Ads,4,1249.89,312.47,2025-10-23 12:51:32,2025-12-18 17:41:51,73,Active / Recent,false
CUST_00232,Michele Lewis,heather73@example.org,India,2025-03-21 03:34:40,Social Media,3,304.90,101.63,2025-04-19 08:52:48,2025-11-11 15:17:39,110,At Risk,false
CUST_00234,Victoria Contreras,piercekelly@example.com,United Kingdom,2025-02-01 21:35:02,Referral,2,469.89,234.95,2025-04-20 12:56:24,2026-01-25 19:35:14,35,Active / Recent,false
CUST_00235,Michelle Ho,laurahicks@example.org,India,2025-11-29 17:32:41,Social Media,3,509.89,169.96,2025-12-27 21:43:50,2026-01-23 20:01:29,37,Loyal Customers,false
CUST_00236,Dr. Cynthia Snyder,angela57@example.net,France,2025-02-23 13:26:48,Social Media,2,204.97,102.49,2025-10-01 16:50:23,2025-10-07 20:58:10,145,At Risk,true
CUST_00237,Stephen Jones,ukey@example.com,Australia,2025-01-10 19:51:11,Email Campaign,1,204.98,204.98,2025-04-25 09:08:06,2025-04-25 09:08:06,310,Lost / Churned,true
CUST_00238,Patricia Morrow,martinezlogan@example.org,United States,2026-01-16 18:01:19,Email Campaign,2,274.96,137.48,2026-02-15 13:59:36,2026-02-17 02:51:35,12,Active / Recent,false
CUST_00239,Michael Cooper,katrinaanderson@example.net,India,2025-10-09 07:40:27,Email Campaign,2,114.95,57.48,2025-11-30 08:40:46,2026-02-12 23:55:41,17,Active / Recent,false
CUST_00241,Travis Stone,meghan43@example.net,France,2025-07-29 18:42:02,Referral,3,479.87,159.96,2025-07-30 20:13:14,2025-12-12 15:27:33,79,Active / Recent,false
CUST_00242,Denise Weber,shawgary@example.net,Germany,2026-01-11 13:02:48,Email Campaign,1,304.95,304.95,2026-01-31 14:11:39,2026-01-31 14:11:39,29,Active / Recent,false
CUST_00243,Matthew Le,megan90@example.org,United Kingdom,2025-07-28 11:15:19,Paid Ads,1,17.98,17.98,2026-02-08 07:42:24,2026-02-08 07:42:24,21,Active / Recent,false
CUST_00247,Mr. Lawrence Edwards,jessica56@example.org,Australia,2026-01-19 22:32:27,Social Media,2,584.93,292.46,2026-02-03 10:16:11,2026-02-17 11:09:27,12,Active / Recent,false
CUST_00248,Kayla Rodriguez,stevenadams@example.org,Germany,2025-05-22 05:44:26,Paid Ads,2,180.94,90.47,2025-06-16 01:05:34,2025-10-26 23:03:07,126,At Risk,true
CUST_00250,Michelle Lee,tyronerobertson@example.com,United Kingdom,2025-09-22 08:22:33,Referral,3,819.89,273.3,2025-09-22 14:15:30,2026-01-24 20:22:00,36,Loyal Customers,false
CUST_00251,Kathleen Davis,pwagner@example.org,France,2025-08-03 14:01:10,Organic Search,4,262.90,65.72,2025-08-21 10:35:54,2026-01-22 21:10:00,38,Loyal Customers,false
CUST_00252,Amber Campbell,amitchell@example.org,United States,2025-05-29 09:32:59,Paid Ads,4,260.89,65.22,2025-08-25 02:27:45,2026-02-04 18:37:18,25,Loyal Customers,false
CUST_00253,Stephen Luna,zdiaz@example.org,Germany,2025-11-12 16:22:09,Referral,2,219.95,109.98,2025-11-16 12:08:56,2026-01-08 09:05:08,52,Active / Recent,false
CUST_00254,Chloe Tran,hughesshannon@example.net,India,2025-07-06 15:57:46,Email Campaign,1,224.95,224.95,2026-02-18 02:38:35,2026-02-18 02:38:35,11,Active / Recent,false
CUST_00255,William Becker,andersoncolin@example.com,Germany,2026-01-17 05:34:22,Organic Search,3,1199.90,399.97,2026-01-23 07:08:22,2026-02-26 04:54:54,3,Loyal Customers,false
CUST_00256,Gina Mcmillan,jameshicks@example.net,United Kingdom,2025-03-14 06:38:24,Paid Ads,3,369.91,123.3,2025-06-10 03:11:41,2026-01-23 20:49:30,37,Loyal Customers,false
CUST_00257,Andrew Reeves,jstone@example.net,India,2025-11-11 02:35:00,Paid Ads,2,879.91,439.96,2025-11-30 20:08:44,2026-01-02 14:06:31,58,Active / Recent,false
CUST_00258,Brenda Velazquez,francisco94@example.net,India,2025-08-26 20:05:38,Referral,2,534.94,267.47,2025-11-26 12:17:10,2026-02-09 19:50:32,20,Active / Recent,false
CUST_00259,Ronald Patel,thomas05@example.com,Germany,2025-10-14 15:02:23,Referral,2,1319.83,659.92,2025-12-07 04:14:38,2026-01-31 10:26:29,29,Active / Recent,false
CUST_00260,Veronica Silva,carlsonjoseph@example.net,Germany,2025-09-25 00:06:08,Referral,3,274.90,91.63,2025-10-24 21:38:53,2026-01-16 23:06:40,44,Loyal Customers,false
CUST_00261,Paula Lane,silvageorge@example.net,United Kingdom,2025-09-14 22:23:48,Email Campaign,5,824.86,164.97,2025-10-05 02:25:49,2026-02-23 09:04:43,6,Champions,false
CUST_00262,Patricia James,anthonyvaughan@example.org,United Kingdom,2025-07-30 10:14:53,Social Media,1,154.94,154.94,2026-01-30 08:29:47,2026-01-30 08:29:47,30,Active / Recent,false
CUST_00263,Jeremy Barnes,avaughn@example.net,United States,2025-06-29 01:32:26,Paid Ads,1,619.92,619.92,2025-12-23 22:23:46,2025-12-23 22:23:46,68,Active / Recent,false
CUST_00264,Tami Salas,thorntonapril@example.net,United States,2025-09-03 02:14:24,Referral,2,358.87,179.44,2026-01-04 17:46:03,2026-01-10 09:42:40,50,Active / Recent,false
CUST_00265,Matthew Fox,sue78@example.com,Canada,2025-05-24 19:26:35,Paid Ads,2,359.92,179.96,2025-12-31 11:44:29,2026-01-26 01:50:36,34,Active / Recent,false
CUST_00266,Megan Dillon,chelsea33@example.com,United Kingdom,2026-01-12 02:06:57,Referral,4,974.85,243.71,2026-01-19 14:25:46,2026-02-28 19:19:56,1,Loyal Customers,false
CUST_00267,Courtney Dudley,kellie37@example.com,United States,2025-08-08 19:28:41,Paid Ads,2,584.94,292.47,2025-12-30 09:04:19,2026-01-11 17:03:21,49,Active / Recent,false
CUST_00268,Justin Michael,keith98@example.com,Canada,2025-08-19 02:26:03,Social Media,2,579.89,289.95,2025-11-15 11:51:12,2025-12-05 02:20:54,86,Active / Recent,false
CUST_00269,Jennifer Reed,kellyroberts@example.net,United Kingdom,2025-05-20 09:01:58,Organic Search,1,44.98,44.98,2025-12-11 21:46:12,2025-12-11 21:46:12,80,Active / Recent,false
CUST_00270,Thomas Douglas,ilewis@example.com,United Kingdom,2025-04-09 07:40:38,Organic Search,2,164.94,82.47,2025-09-27 02:21:18,2025-12-28 18:34:58,63,Active / Recent,false
CUST_00272,David Garcia,jennifer12@example.org,India,2025-04-09 02:01:13,Email Campaign,3,654.87,218.29,2025-09-13 23:35:49,2025-10-25 17:22:13,127,At Risk,true
CUST_00273,Vanessa Moore,mwoods@example.com,Australia,2025-03-21 16:22:20,Organic Search,5,1274.78,254.96,2025-04-16 16:09:45,2026-02-09 21:41:21,20,Champions,false
CUST_00274,Matthew Velez,pearsonjesse@example.net,Germany,2025-08-09 20:28:09,Email Campaign,5,1470.80,294.16,2025-08-16 01:53:52,2026-01-19 08:18:55,41,Loyal Customers,false
CUST_00275,Taylor Gentry,robertmonroe@example.org,United Kingdom,2025-12-09 02:56:00,Paid Ads,6,1633.70,272.28,2025-12-25 10:51:29,2026-02-17 03:33:02,12,Champions,false
CUST_00276,Jennifer Simpson DVM,nancy04@example.net,United Kingdom,2025-02-09 21:43:53,Email Campaign,3,759.86,253.29,2025-05-05 16:49:35,2025-08-12 01:30:37,201,Lost / Churned,true
CUST_00277,Tanya Rogers,ihays@example.net,Australia,2025-03-30 14:44:18,Organic Search,1,54.96,54.96,2025-11-08 18:37:21,2025-11-08 18:37:21,113,At Risk,false
CUST_00279,David Lopez,krystal93@example.org,Canada,2025-02-11 15:20:44,Paid Ads,2,194.92,97.46,2026-02-20 16:55:24,2026-02-24 13:30:11,5,Active / Recent,false
CUST_00280,Margaret Sullivan,frobertson@example.com,United States,2025-08-24 23:54:16,Paid Ads,1,129.97,129.97,2026-02-12 13:37:56,2026-02-12 13:37:56,17,Active / Recent,false
CUST_00281,Cathy Taylor,shari04@example.com,France,2025-04-03 00:05:49,Email Campaign,1,79.99,79.99,2025-09-17 15:46:17,2025-09-17 15:46:17,165,At Risk,true
CUST_00282,Paul Finley,brandi90@example.com,Australia,2025-06-25 07:06:47,Referral,4,1300.79,325.2,2025-08-29 02:27:09,2026-01-30 17:45:37,30,Loyal Customers,false
CUST_00283,Melissa Brown,marshallerik@example.net,Germany,2025-10-23 10:45:37,Email Campaign,1,129.96,129.96,2025-12-26 20:35:20,2025-12-26 20:35:20,65,Active / Recent,false
CUST_00284,Stephanie Padilla,hannah45@example.net,Australia,2025-08-19 23:03:50,Referral,4,634.90,158.73,2025-08-30 12:51:57,2025-12-23 03:12:48,68,Active / Recent,false
CUST_00285,Tyler Mendoza,madkins@example.com,United Kingdom,2025-11-30 01:58:03,Referral,1,134.98,134.98,2026-01-28 21:33:18,2026-01-28 21:33:18,32,Active / Recent,false
CUST_00286,Joshua Ruiz,kathleenbecker@example.net,France,2025-02-16 18:46:27,Organic Search,2,1007.91,503.96,2025-06-11 20:10:20,2025-09-16 22:31:18,166,At Risk,true
CUST_00287,Angela Griffin,christian91@example.org,India,2025-06-11 09:26:50,Paid Ads,2,344.93,172.47,2025-08-19 15:33:32,2025-09-14 09:45:26,168,At Risk,true
CUST_00288,Stephanie Harris,franklinbond@example.com,India,2025-07-25 13:21:40,Organic Search,1,189.96,189.96,2025-12-25 02:45:50,2025-12-25 02:45:50,66,Active / Recent,false
CUST_00289,Daniel Aguilar,nolansean@example.org,Canada,2025-05-02 23:45:23,Paid Ads,1,24.98,24.98,2025-08-09 19:05:58,2025-08-09 19:05:58,204,Lost / Churned,true
CUST_00290,Jose Bryant,hansenemily@example.com,Canada,2025-02-28 07:18:38,Organic Search,3,1275.82,425.27,2025-03-05 14:34:31,2025-10-09 12:58:44,143,At Risk,true
CUST_00291,Jennifer Velasquez,bethwilliams@example.com,Germany,2025-11-14 07:19:10,Referral,3,609.91,203.3,2025-12-24 06:50:49,2026-01-31 13:03:40,29,Loyal Customers,false
CUST_00292,Kimberly Brown,andersenthomas@example.com,United Kingdom,2025-12-31 23:48:12,Organic Search,2,588.94,294.47,2026-01-21 08:10:58,2026-02-14 06:11:20,15,Active / Recent,false
CUST_00293,Randy Cannon,ybrooks@example.com,United Kingdom,2025-06-29 19:01:47,Social Media,5,1589.66,317.93,2025-08-09 20:51:27,2026-02-08 15:40:14,21,Champions,false
CUST_00294,Susan Bennett,desireebailey@example.org,United States,2025-12-19 15:45:26,Paid Ads,2,1184.89,592.45,2026-02-01 06:01:14,2026-02-20 18:30:51,9,Active / Recent,false
CUST_00295,Jenna Anderson DVM,avilatiffany@example.com,Australia,2025-07-25 11:39:20,Referral,3,519.92,173.31,2025-10-11 19:47:13,2026-02-02 09:38:11,27,Loyal Customers,false
CUST_00296,Kimberly Patel,johnreed@example.com,Germany,2025-06-03 15:37:02,Organic Search,2,784.92,392.46,2025-11-24 22:55:43,2026-01-09 05:01:27,51,Active / Recent,false
CUST_00297,Shaun Cannon,pachecorobert@example.org,India,2025-06-24 14:45:06,Paid Ads,2,203.94,101.97,2025-10-16 01:40:28,2026-02-13 19:26:28,16,Active / Recent,false
CUST_00298,Austin Wheeler,tharper@example.org,Australia,2025-07-26 07:44:53,Paid Ads,4,934.87,233.72,2025-09-18 12:03:30,2026-02-13 16:19:12,16,Loyal Customers,false
CUST_00299,Andrew Gonzales,karenparsons@example.org,United States,2025-02-25 11:10:33,Paid Ads,1,219.95,219.95,2025-10-02 10:14:07,2025-10-02 10:14:07,150,At Risk,true
CUST_00300,Donna Cabrera,barbara53@example.com,France,2025-08-27 22:17:59,Referral,2,329.89,164.95,2025-09-16 17:54:44,2025-11-02 18:42:15,119,At Risk,false
CUST_00301,Victoria Boyd,dturner@example.net,Germany,2025-08-13 04:05:28,Organic Search,5,944.87,188.97,2025-09-15 10:56:19,2026-01-15 22:33:30,45,Loyal Customers,false
CUST_00302,Sheryl Buck,dpeters@example.com,India,2025-12-31 01:09:48,Social Media,6,1562.66,260.44,2026-01-08 12:19:50,2026-02-28 13:52:11,1,Champions,false
CUST_00303,Megan Floyd,heather62@example.com,United Kingdom,2025-11-09 15:18:09,Referral,3,139.95,46.65,2025-11-28 09:10:47,2026-02-16 22:24:24,13,Loyal Customers,false
CUST_00304,Paul Wells,kevinzimmerman@example.com,Germany,2026-01-19 13:00:36,Organic Search,1,459.95,459.95,2026-01-28 10:52:52,2026-01-28 10:52:52,32,Active / Recent,false
CUST_00305,Kristina Faulkner,paulscott@example.com,Germany,2025-01-31 23:03:31,Social Media,3,805.82,268.61,2025-11-12 10:47:05,2026-02-21 22:03:16,8,Loyal Customers,false
CUST_00306,Tammy Boone,nicholsmaria@example.org,United States,2025-07-14 11:11:45,Organic Search,2,839.91,419.96,2025-08-08 03:49:12,2025-08-22 15:46:23,191,Lost / Churned,true
CUST_00307,Michael Morrison,lopezkathleen@example.net,India,2025-06-27 19:27:37,Referral,4,1064.85,266.21,2025-07-01 08:34:56,2025-11-19 21:52:58,102,At Risk,false
CUST_00308,Claire Clark,kevin03@example.org,Australia,2025-01-17 02:43:23,Social Media,1,169.99,169.99,2025-03-23 17:47:32,2025-03-23 17:47:32,343,Lost / Churned,true
CUST_00310,Jennifer Allen,kimberly67@example.net,France,2026-01-01 10:46:15,Email Campaign,4,655.87,163.97,2026-01-09 21:31:31,2026-02-23 03:25:37,6,Loyal Customers,false
CUST_00311,Elizabeth Ward,zowens@example.net,Canada,2025-08-05 01:12:51,Referral,2,892.86,446.43,2025-11-01 12:02:45,2026-01-05 00:53:45,55,Active / Recent,false
CUST_00314,Kelly Sanchez,jonathan77@example.com,United Kingdom,2025-11-14 04:09:36,Social Media,2,249.98,124.99,2026-02-04 16:54:36,2026-02-10 06:06:13,19,Active / Recent,false
CUST_00315,Robert Jackson,iwhite@example.net,Australia,2025-03-23 05:52:59,Paid Ads,3,693.84,231.28,2025-09-25 19:32:18,2025-12-30 05:14:09,61,Active / Recent,false
CUST_00316,Kelly Combs,landryelizabeth@example.org,Germany,2025-09-14 03:59:09,Email Campaign,2,494.92,247.46,2025-09-18 23:32:30,2025-12-03 00:16:39,88,Active / Recent,false
CUST_00317,Ryan Hall,albertwagner@example.com,India,2025-08-12 20:46:08,Email Campaign,1,79.98,79.98,2025-12-24 00:49:53,2025-12-24 00:49:53,67,Active / Recent,false
CUST_00318,Mark Peck,bhopkins@example.org,Germany,2025-01-29 12:05:02,Organic Search,2,434.91,217.46,2025-07-22 20:46:01,2025-07-24 14:16:58,220,Lost / Churned,true
CUST_00319,Jennifer Smith,amanda40@example.net,United Kingdom,2025-09-02 07:01:29,Social Media,1,194.95,194.95,2025-12-28 12:25:50,2025-12-28 12:25:50,63,Active / Recent,false
CUST_00320,Megan Drake,danieldavis@example.org,Australia,2025-04-01 00:56:06,Email Campaign,5,1089.83,217.97,2025-10-14 19:56:14,2026-01-09 14:34:39,51,Loyal Customers,false
CUST_00321,Manuel King,joseph61@example.com,India,2025-01-01 21:27:26,Referral,1,55.97,55.97,2025-08-29 13:04:51,2025-08-29 13:04:51,184,Lost / Churned,true
CUST_00322,Judy Sanchez,kevinclayton@example.org,Germany,2025-12-25 19:51:47,Organic Search,1,54.97,54.97,2026-01-31 16:02:04,2026-01-31 16:02:04,29,Active / Recent,false
CUST_00323,Shannon Malone,sullivannicholas@example.com,France,2025-05-26 16:47:31,Social Media,1,164.98,164.98,2025-07-19 01:43:08,2025-07-19 01:43:08,225,Lost / Churned,true
CUST_00324,Adam Jackson,pbruce@example.com,India,2026-01-23 04:35:05,Email Campaign,2,234.91,117.46,2026-01-25 08:07:35,2026-02-09 00:00:10,20,Active / Recent,false
CUST_00325,Shannon Davis,hallrachel@example.net,Canada,2025-02-10 02:06:47,Social Media,7,2942.64,420.38,2025-05-25 15:04:40,2025-12-15 13:01:51,76,Active / Recent,false
CUST_00326,Karen Williams,cohenjuan@example.net,United Kingdom,2025-04-12 18:15:48,Email Campaign,5,1087.81,217.56,2025-07-09 08:25:58,2025-12-27 18:26:22,64,Active / Recent,false
CUST_00327,Amanda Mcfarland,alexis39@example.org,United States,2026-01-12 11:40:58,Organic Search,1,384.96,384.96,2026-02-16 13:40:05,2026-02-16 13:40:05,13,Active / Recent,false
CUST_00328,Michelle Sanders,evansanne@example.net,India,2025-07-05 20:49:40,Paid Ads,3,459.91,153.3,2025-07-12 19:43:40,2025-11-17 09:11:44,104,At Risk,false
CUST_00329,Jasmine Mosley,patrick21@example.net,France,2025-08-30 08:48:08,Organic Search,2,120.96,60.48,2025-09-19 14:24:26,2025-10-09 22:02:19,143,At Risk,true
CUST_00330,Haley Davis,marypeterson@example.net,United States,2025-11-13 21:29:51,Paid Ads,4,1769.81,442.45,2025-11-24 10:39:48,2026-01-28 07:29:07,32,Loyal Customers,false
CUST_00331,Jennifer Ayala,walterskristen@example.com,Germany,2025-03-30 03:04:06,Organic Search,2,434.89,217.45,2025-05-20 15:27:23,2026-01-19 12:29:41,41,Active / Recent,false
CUST_00332,Henry Pugh MD,nmiller@example.com,Germany,2025-04-30 14:13:47,Social Media,1,204.93,204.93,2025-06-08 15:37:29,2025-06-08 15:37:29,266,Lost / Churned,true
CUST_00333,Michelle Miller,normanbowers@example.org,Germany,2025-08-01 09:00:34,Email Campaign,3,799.87,266.62,2025-11-07 17:10:13,2025-11-16 21:45:50,105,At Risk,false
CUST_00335,Brandon Jordan,fgarcia@example.com,Germany,2025-04-23 08:19:18,Paid Ads,2,459.94,229.97,2025-06-16 22:12:12,2026-02-23 19:59:34,6,Active / Recent,false
CUST_00337,Misty Hansen,ashleyjackson@example.com,Australia,2025-08-03 13:37:29,Email Campaign,3,792.88,264.29,2025-08-20 23:12:20,2025-12-26 20:25:12,65,Active / Recent,false
CUST_00338,Derrick Adams,bryanhamilton@example.com,Australia,2025-09-21 23:44:01,Referral,1,354.96,354.96,2025-10-10 02:10:57,2025-10-10 02:10:57,142,At Risk,true
CUST_00340,Brian Torres,ncook@example.com,India,2025-08-08 16:30:02,Social Media,1,199.95,199.95,2025-09-12 07:01:34,2025-09-12 07:01:34,170,At Risk,true
CUST_00341,Erin Cook,kevinmorrison@example.net,Australia,2026-01-16 07:33:27,Paid Ads,2,159.95,79.97,2026-02-10 14:04:56,2026-02-11 08:24:13,18,Active / Recent,false
CUST_00343,Douglas Hartman,daniel93@example.net,United Kingdom,2025-09-26 01:34:35,Referral,3,937.84,312.61,2025-09-30 02:38:11,2025-12-23 17:12:00,68,Active / Recent,false
CUST_00345,Sandra Jones,ichambers@example.net,India,2025-05-27 12:44:06,Paid Ads,2,1049.92,524.96,2025-06-25 04:10:07,2025-07-26 19:19:50,218,Lost / Churned,true
CUST_00346,David Moore,emccormick@example.com,Canada,2025-10-25 11:05:38,Email Campaign,4,764.88,191.22,2025-11-23 16:59:47,2026-02-27 15:57:58,2,Loyal Customers,false
CUST_00347,Karen Morales DDS,ystephens@example.com,United Kingdom,2025-02-03 21:38:40,Email Campaign,4,464.92,116.23,2025-03-12 10:38:23,2025-10-06 19:44:01,146,At Risk,true
CUST_00348,Robin Wheeler,rodriguezjohn@example.net,Germany,2025-10-24 02:39:49,Paid Ads,1,159.94,159.94,2025-11-20 16:11:56,2025-11-20 16:11:56,101,At Risk,false
CUST_00349,Matthew Williams,vrasmussen@example.com,United States,2026-01-20 17:35:42,Paid Ads,2,702.90,351.45,2026-02-13 00:28:30,2026-02-17 18:06:17,12,Active / Recent,false
CUST_00350,Brett Walker,seanmyers@example.net,France,2026-01-26 03:23:08,Social Media,3,384.91,128.3,2026-02-10 09:02:26,2026-02-25 08:38:07,4,Loyal Customers,false
CUST_00351,Kathryn Cooper,webbkenneth@example.org,Australia,2025-03-19 22:55:54,Email Campaign,3,727.83,242.61,2025-05-10 08:25:51,2025-07-29 03:00:02,215,Lost / Churned,true
CUST_00352,Todd Thomas,matthew38@example.com,France,2025-03-19 10:45:38,Email Campaign,1,328.96,328.96,2025-06-07 13:13:24,2025-06-07 13:13:24,267,Lost / Churned,true
CUST_00353,Brent Bowen,tflores@example.org,India,2025-01-12 22:05:59,Paid Ads,1,334.96,334.96,2025-12-19 05:04:29,2025-12-19 05:04:29,72,Active / Recent,false
CUST_00354,Ashley Sweeney,byrdfrank@example.net,Australia,2025-11-15 10:33:19,Paid Ads,4,1799.79,449.95,2025-12-01 13:47:31,2026-02-11 18:56:08,18,Loyal Customers,false
CUST_00355,Christopher Moore,omullen@example.com,Germany,2025-02-28 02:53:58,Social Media,3,1250.88,416.96,2025-03-27 14:27:33,2025-10-19 15:19:46,133,At Risk,true
CUST_00356,Charlotte Sandoval,njohnson@example.org,France,2025-09-20 23:14:19,Email Campaign,3,249.93,83.31,2025-10-06 04:52:29,2026-02-22 11:14:40,7,Loyal Customers,false
CUST_00357,Jeffrey Smith,jamiegoodwin@example.org,Australia,2025-03-04 09:11:09,Social Media,3,705.88,235.29,2025-05-24 20:19:09,2026-02-07 08:31:31,22,Loyal Customers,false
CUST_00358,Rebecca Herrera,mark71@example.com,United Kingdom,2025-10-23 03:53:18,Email Campaign,3,1369.84,456.61,2025-12-03 04:06:04,2026-02-24 07:57:02,5,Loyal Customers,false
CUST_00359,Katherine Church,candice96@example.net,France,2025-01-28 21:12:27,Organic Search,2,844.89,422.45,2025-02-24 21:09:05,2025-12-04 14:39:01,87,Active / Recent,false
CUST_00360,Harold Ellis,lisamccarthy@example.com,India,2025-07-02 08:26:04,Social Media,2,549.90,274.95,2026-01-14 05:00:28,2026-02-23 07:51:52,6,Active / Recent,false
CUST_00361,Leslie Powers,david41@example.org,India,2025-06-26 16:39:05,Organic Search,1,124.96,124.96,2025-12-20 17:52:52,2025-12-20 17:52:52,71,Active / Recent,false
CUST_00362,Charles Price,baileyhenderson@example.com,United States,2025-12-04 01:48:52,Organic Search,3,774.93,258.31,2026-01-27 07:14:57,2026-02-20 23:43:55,9,Loyal Customers,false
CUST_00363,Melissa Brewer,angelaburns@example.org,Canada,2025-12-11 14:46:03,Social Media,4,809.86,202.47,2025-12-22 00:28:40,2026-01-19 12:40:50,41,Loyal Customers,false
CUST_00364,Ryan Harvey,stephanie72@example.org,United States,2025-01-23 11:36:57,Social Media,1,119.98,119.98,2025-12-16 11:45:18,2025-12-16 11:45:18,75,Active / Recent,false
CUST_00365,Tracey Wagner,fortiz@example.com,United Kingdom,2025-02-13 14:08:17,Social Media,2,709.95,354.98,2025-12-16 06:43:29,2026-02-26 21:57:20,3,Active / Recent,false
CUST_00366,Jill Jackson,flynnjeffrey@example.org,Germany,2025-10-19 03:32:39,Paid Ads,2,124.96,62.48,2025-12-25 11:21:50,2026-02-27 14:15:23,2,Active / Recent,false
CUST_00367,Joshua Jackson,xcunningham@example.com,France,2025-07-09 16:10:12,Email Campaign,2,100.96,50.48,2025-08-03 18:49:29,2025-12-15 19:22:29,76,Active / Recent,false
CUST_00368,Ashley Wilson,amber07@example.net,Canada,2025-05-20 20:30:13,Paid Ads,2,514.95,257.48,2025-09-02 14:14:19,2026-02-20 06:54:28,9,Active / Recent,false
CUST_00370,Scott Miller,rowejoel@example.net,Germany,2025-07-07 01:23:33,Referral,1,189.96,189.96,2025-11-04 10:37:53,2025-11-04 10:37:53,117,At Risk,false
CUST_00371,Heather Page,imartin@example.org,Canada,2025-04-22 03:54:27,Email Campaign,2,1029.87,514.93,2025-11-02 23:01:10,2025-12-03 19:49:58,88,Active / Recent,false
CUST_00372,Renee Hudson,candice25@example.net,Germany,2025-07-17 06:28:50,Social Media,4,1747.85,436.96,2025-08-30 07:12:16,2026-02-19 02:54:28,10,Loyal Customers,false
CUST_00373,Kenneth Farley,taylorkaren@example.com,Australia,2025-01-08 07:10:50,Email Campaign,3,644.89,214.96,2025-02-17 08:22:36,2025-08-16 02:36:10,197,Lost / Churned,true
CUST_00375,Sandra Juarez,kburns@example.net,United States,2025-05-03 16:52:44,Email Campaign,2,854.90,427.45,2025-11-20 01:56:44,2026-01-08 18:35:09,52,Active / Recent,false
CUST_00376,Jason Hayes,powellkara@example.net,France,2025-09-26 09:48:36,Social Media,4,904.85,226.21,2025-10-01 10:28:03,2026-01-17 10:51:08,43,Loyal Customers,false
CUST_00379,Frank Campbell MD,ashleewashington@example.com,Germany,2025-06-04 17:40:26,Email Campaign,1,139.98,139.98,2025-09-03 14:53:09,2025-09-03 14:53:09,179,At Risk,true
CUST_00380,Pamela Williams,ksmith@example.com,Canada,2025-03-24 20:09:39,Email Campaign,2,979.91,489.96,2025-06-14 15:10:57,2025-09-03 16:22:50,179,At Risk,true
CUST_00381,William Patterson,nicoleturner@example.com,France,2025-10-06 19:29:01,Social Media,2,344.91,172.46,2026-01-01 00:55:00,2026-02-18 09:00:41,11,Active / Recent,false
CUST_00382,Isaac Miller,brettgarrett@example.net,United States,2025-08-18 07:30:00,Email Campaign,3,604.90,201.63,2025-08-23 01:07:35,2026-01-14 07:59:28,46,Loyal Customers,false
CUST_00383,Cynthia Rios,smiththomas@example.org,United States,2025-08-02 04:41:06,Referral,1,619.95,619.95,2025-08-27 10:08:54,2025-08-27 10:08:54,186,Lost / Churned,true
CUST_00384,Kelly Wallace,dominguezlisa@example.com,France,2025-02-08 02:15:03,Email Campaign,4,1179.87,294.97,2025-04-10 17:54:22,2026-02-17 05:04:09,12,Loyal Customers,false
CUST_00385,Karen Perez,crosscurtis@example.com,Australia,2025-08-11 07:02:44,Paid Ads,1,829.95,829.95,2025-12-12 21:18:16,2025-12-12 21:18:16,79,Active / Recent,false
CUST_00386,Edwin Reyes,darlenebyrd@example.org,Canada,2025-10-01 15:44:19,Paid Ads,1,34.97,34.97,2025-11-27 05:00:32,2025-11-27 05:00:32,94,At Risk,false
CUST_00387,Alejandra Santos,nbell@example.net,India,2025-07-14 16:01:19,Paid Ads,2,199.93,99.97,2025-11-29 03:56:16,2026-02-03 04:11:50,26,Active / Recent,false
CUST_00388,Tamara Jensen,fheath@example.org,India,2025-03-17 11:16:00,Organic Search,4,944.88,236.22,2025-03-31 02:38:19,2026-01-21 05:09:43,39,Loyal Customers,false
CUST_00390,Bradley Tran,kimberly04@example.org,France,2025-01-26 21:57:35,Social Media,2,155.93,77.97,2025-04-09 08:53:21,2025-09-14 02:59:30,168,At Risk,true
CUST_00391,Katrina Adkins,debbie37@example.com,United States,2025-04-13 01:41:37,Social Media,4,524.89,131.22,2025-04-21 00:42:45,2025-11-04 20:08:47,117,At Risk,false
CUST_00392,Jonathan Wheeler,hatfieldsarah@example.org,India,2025-09-11 18:29:09,Email Campaign,7,1530.75,218.68,2025-10-31 17:01:16,2026-02-23 19:45:38,6,Champions,false
CUST_00393,Ryan Fisher,kathrynbest@example.org,Canada,2025-05-17 10:10:05,Paid Ads,1,39.98,39.98,2025-07-09 17:18:01,2025-07-09 17:18:01,235,Lost / Churned,true
CUST_00394,Austin Baker,livingstonstacy@example.com,France,2025-10-12 04:04:43,Referral,5,859.83,171.97,2025-12-20 03:55:49,2026-02-22 10:27:43,7,Champions,false
CUST_00395,Lori Mason,zhenderson@example.org,Australia,2025-07-31 16:16:40,Paid Ads,2,1254.92,627.46,2025-08-08 14:44:06,2025-12-13 15:45:35,78,Active / Recent,false
CUST_00396,Kimberly Hernandez,collinswilliam@example.org,Australia,2025-07-19 14:16:10,Email Campaign,4,1124.82,281.21,2025-07-21 12:07:33,2025-08-30 06:42:43,183,Lost / Churned,true
CUST_00397,Brittney Murphy,collinssamuel@example.org,India,2025-08-18 05:50:07,Social Media,2,424.93,212.47,2026-02-04 19:46:38,2026-02-20 21:50:13,9,Active / Recent,false
CUST_00398,Brandon Hamilton,dsalazar@example.com,Germany,2025-03-31 10:55:08,Organic Search,2,189.95,94.98,2026-01-28 04:18:57,2026-02-07 16:59:36,22,Active / Recent,false
CUST_00399,Mary Thompson,zimmermanjacqueline@example.org,Australia,2025-04-20 07:54:03,Paid Ads,2,729.91,364.96,2025-06-12 05:13:40,2026-01-01 06:14:37,59,Active / Recent,false
CUST_00400,Gregory Holmes PhD,gary24@example.net,Australia,2025-11-05 16:17:13,Referral,2,354.89,177.45,2025-12-09 09:52:05,2025-12-25 07:54:02,66,Active / Recent,false
CUST_00401,Patricia Johnson,enelson@example.com,United States,2025-10-12 02:32:28,Email Campaign,4,1284.78,321.2,2025-11-12 14:58:16,2026-01-26 01:48:05,34,Loyal Customers,false
CUST_00402,Laura Jones,ddixon@example.com,United Kingdom,2025-01-11 19:27:45,Referral,3,748.84,249.61,2025-05-14 18:41:34,2025-09-09 08:51:58,173,At Risk,true
CUST_00403,Carol Moore,shannonemily@example.org,Germany,2025-04-06 23:51:39,Social Media,3,389.91,129.97,2025-04-08 06:18:43,2026-01-03 07:42:06,57,Loyal Customers,false
CUST_00404,Jordan Williams,sanchezthomas@example.com,France,2025-07-23 15:02:34,Email Campaign,2,139.96,69.98,2025-08-16 06:29:41,2026-02-16 01:21:25,13,Active / Recent,false
CUST_00405,Cassidy Horne,tranrobin@example.net,United States,2025-10-16 12:46:14,Paid Ads,4,469.89,117.47,2025-11-08 04:31:50,2025-12-08 04:52:41,83,Active / Recent,false
CUST_00406,Courtney Wright,joseph19@example.com,United States,2026-01-02 04:57:57,Referral,3,1764.81,588.27,2026-01-12 23:29:23,2026-02-21 01:24:48,8,Loyal Customers,false
CUST_00407,Michael Williams,lindajarvis@example.com,France,2025-09-12 18:28:48,Paid Ads,3,664.90,221.63,2025-09-20 02:31:21,2025-12-27 13:34:04,64,Active / Recent,false
CUST_00408,John Campbell,mark87@example.org,India,2025-02-19 02:27:03,Email Campaign,1,204.98,204.98,2025-11-19 19:50:17,2025-11-19 19:50:17,102,At Risk,false
CUST_00409,Eddie Mueller,stevenvargas@example.com,India,2025-08-23 17:13:59,Email Campaign,4,1656.80,414.2,2025-11-25 03:22:24,2026-02-16 08:57:31,13,Loyal Customers,false
CUST_00410,Dr. Morgan Payne PhD,adamortiz@example.org,Canada,2025-04-01 14:59:49,Organic Search,2,1199.93,599.97,2025-09-24 09:25:58,2025-10-07 07:54:09,145,At Risk,true
CUST_00411,Makayla Steele,tapiaaaron@example.net,United Kingdom,2025-01-29 21:41:03,Email Campaign,2,535.88,267.94,2025-09-20 01:19:12,2025-12-17 00:47:59,74,Active / Recent,false
CUST_00412,Oscar Parker,alyssaallen@example.com,United States,2025-04-01 04:38:33,Paid Ads,2,289.93,144.97,2025-12-11 04:17:48,2026-01-26 03:40:38,34,Active / Recent,false
CUST_00414,Jacqueline Villegas,carpenterwilliam@example.net,India,2025-10-16 04:09:21,Referral,4,859.84,214.96,2025-11-03 00:39:11,2026-02-21 10:27:00,8,Loyal Customers,false
CUST_00415,Angela Bradley,ibates@example.org,France,2025-11-22 13:05:20,Paid Ads,2,339.94,169.97,2025-12-10 10:22:35,2026-02-02 13:28:07,27,Active / Recent,false
CUST_00416,Samuel Howe,vhaynes@example.com,India,2025-11-19 06:00:29,Organic Search,4,1559.78,389.95,2025-11-24 16:26:53,2026-02-03 08:27:20,26,Loyal Customers,false
CUST_00417,Dillon Jones,derekcarrillo@example.org,France,2026-01-16 02:05:23,Email Campaign,5,1824.80,364.96,2026-01-18 23:36:49,2026-02-22 11:52:43,7,Champions,false
CUST_00418,Christopher Owens,wmartinez@example.org,United States,2025-08-06 06:44:03,Social Media,3,179.94,59.98,2025-08-24 04:36:32,2025-12-31 19:31:47,60,Loyal Customers,false
CUST_00419,John Phelps,mooregina@example.net,Germany,2025-06-18 18:12:01,Email Campaign,2,130.94,65.47,2025-06-27 21:31:51,2025-11-06 10:47:58,115,At Risk,false
CUST_00420,Amanda Huff,eddie35@example.com,Australia,2025-07-03 09:27:30,Social Media,2,1049.91,524.96,2025-11-01 09:45:55,2025-12-05 03:45:55,86,Active / Recent,false
CUST_00421,Megan Green,anthonysullivan@example.com,India,2025-03-19 04:06:15,Social Media,6,1769.72,294.95,2025-05-02 06:25:51,2026-02-18 16:57:00,11,Champions,false
CUST_00422,Krista Davis,laradonald@example.org,United States,2025-10-06 14:09:54,Email Campaign,3,583.85,194.62,2025-10-30 03:10:21,2026-02-23 21:31:35,6,Loyal Customers,false
CUST_00423,Richard Walker,madisonwatson@example.net,Canada,2025-08-03 06:48:10,Organic Search,1,712.96,712.96,2026-02-18 05:44:05,2026-02-18 05:44:05,11,Active / Recent,false
CUST_00424,Angela Willis,johnsoncaleb@example.net,United States,2025-12-20 04:32:46,Paid Ads,5,1024.81,204.96,2025-12-24 14:33:02,2026-01-31 11:21:06,29,Champions,false
CUST_00425,Carl Stein,david70@example.org,United States,2025-01-17 14:07:54,Social Media,3,258.90,86.3,2025-05-19 21:49:18,2025-11-26 01:33:54,95,At Risk,false
CUST_00426,Jessica Ramsey,rjohnson@example.com,Canada,2025-07-09 04:27:11,Referral,4,1029.88,257.47,2025-07-12 16:41:22,2026-01-12 02:29:21,48,Loyal Customers,false
CUST_00427,Daniel Lopez,sean20@example.net,United States,2025-06-09 09:18:33,Referral,5,1639.75,327.95,2025-07-02 01:20:56,2026-01-24 19:30:03,36,Loyal Customers,false
CUST_00428,Danielle Phillips,eandrade@example.org,France,2025-06-10 21:41:35,Paid Ads,3,1054.88,351.63,2025-06-28 01:53:32,2026-02-19 17:55:43,10,Loyal Customers,false
CUST_00429,James Barnes,crystalpham@example.org,United Kingdom,2025-06-30 23:24:36,Paid Ads,2,984.94,492.47,2025-11-05 14:21:41,2026-01-01 04:16:39,59,Active / Recent,false
CUST_00430,Rachael Howard DDS,kcooper@example.net,United Kingdom,2025-01-03 04:51:30,Paid Ads,4,2160.75,540.19,2025-02-23 17:15:34,2025-05-22 09:01:59,283,Lost / Churned,true
CUST_00431,Devin Johnson,anthonycochran@example.com,France,2025-04-11 23:13:44,Social Media,2,214.94,107.47,2025-06-04 10:52:23,2025-12-03 02:58:18,88,Active / Recent,false
CUST_00432,William Moreno,terrigarcia@example.net,United States,2025-05-16 12:51:43,Organic Search,2,204.96,102.48,2025-11-17 04:48:18,2026-01-25 14:30:03,35,Active / Recent,false
CUST_00433,Joseph Moody,gallagherstacie@example.net,United States,2025-04-13 08:59:25,Social Media,6,1589.77,264.96,2025-09-12 03:54:54,2025-12-25 01:46:04,66,Active / Recent,false
CUST_00434,Rebecca Kelly,gregorywatkins@example.net,France,2025-07-04 19:21:59,Social Media,3,739.92,246.64,2025-07-09 01:05:32,2025-08-02 17:12:03,211,Lost / Churned,true
CUST_00435,Suzanne Johnson,stacey92@example.net,Canada,2025-01-13 06:10:50,Social Media,2,604.96,302.48,2025-03-03 16:33:13,2025-06-25 18:47:25,249,Lost / Churned,true
CUST_00436,Sara Cochran,lweaver@example.com,Canada,2025-02-10 16:47:18,Email Campaign,3,1294.84,431.61,2025-07-15 12:45:02,2025-11-03 22:39:43,118,At Risk,false
CUST_00437,Anthony Guzman,foxaaron@example.net,India,2025-03-30 06:34:35,Organic Search,1,219.99,219.99,2025-09-21 11:36:37,2025-09-21 11:36:37,161,At Risk,true
CUST_00438,Carlos Love,brian29@example.net,Germany,2026-01-05 21:52:05,Social Media,1,114.99,114.99,2026-01-10 22:14:02,2026-01-10 22:14:02,50,Active / Recent,false
CUST_00439,Patricia Mathis,susan56@example.net,Germany,2025-03-26 16:54:50,Referral,2,164.92,82.46,2025-08-02 08:38:04,2025-10-18 17:21:06,134,At Risk,true
CUST_00440,Eric Taylor,jessicakim@example.net,France,2025-06-22 01:59:12,Organic Search,1,74.97,74.97,2025-12-08 02:35:19,2025-12-08 02:35:19,83,Active / Recent,false
CUST_00441,Marie Thompson,jeffrey92@example.com,Germany,2025-08-23 06:47:48,Organic Search,1,419.92,419.92,2025-12-12 07:54:30,2025-12-12 07:54:30,79,Active / Recent,false
CUST_00442,Michael Anderson,rushstacy@example.com,Germany,2025-02-17 05:52:03,Email Campaign,6,1784.72,297.45,2025-04-10 11:23:19,2025-12-12 22:50:47,79,Active / Recent,false
CUST_00443,Patricia Bradley,carriemccall@example.net,India,2025-11-28 02:18:58,Organic Search,1,114.96,114.96,2026-01-14 13:27:47,2026-01-14 13:27:47,46,Active / Recent,false
CUST_00444,Keith Zuniga,markmiller@example.com,India,2026-01-16 19:16:25,Email Campaign,2,468.93,234.47,2026-02-08 07:23:10,2026-02-14 22:06:59,15,Active / Recent,false
CUST_00446,Hayley Buchanan,williamssamuel@example.com,United States,2025-04-26 05:08:34,Paid Ads,5,2389.77,477.95,2025-06-01 06:34:14,2026-02-21 14:24:59,8,Champions,false
CUST_00447,Stacey Snyder,ybell@example.org,France,2025-08-02 14:40:11,Referral,2,894.88,447.44,2025-12-24 15:43:33,2025-12-28 19:05:51,63,Active / Recent,false
CUST_00448,Rachel Lane,franciscojones@example.org,Germany,2025-09-10 13:53:45,Referral,1,839.93,839.93,2025-11-02 02:08:23,2025-11-02 02:08:23,119,At Risk,false
CUST_00449,Fernando Lynn,petersonpamela@example.org,Germany,2025-08-18 01:17:32,Referral,4,779.84,194.96,2025-08-29 07:39:39,2026-02-26 17:42:17,3,Loyal Customers,false
CUST_00450,Kimberly Villanueva,morgantricia@example.com,United States,2025-12-01 03:29:48,Organic Search,1,59.99,59.99,2026-01-08 21:38:57,2026-01-08 21:38:57,52,Active / Recent,false
CUST_00451,Jessica Valdez,gmoore@example.com,Germany,2025-06-17 00:19:13,Email Campaign,1,575.92,575.92,2025-11-22 14:39:22,2025-11-22 14:39:22,99,At Risk,false
CUST_00452,Colton Terry,donna43@example.org,Germany,2025-06-27 11:25:44,Social Media,4,1509.87,377.47,2025-07-14 21:43:04,2026-02-09 04:54:15,20,Loyal Customers,false
CUST_00453,Kenneth Larsen,briansmith@example.org,Germany,2025-12-19 05:49:56,Email Campaign,1,119.97,119.97,2026-01-18 03:13:01,2026-01-18 03:13:01,42,Active / Recent,false
CUST_00454,Matthew Greene,collinclark@example.net,United Kingdom,2025-03-15 20:31:42,Email Campaign,4,620.88,155.22,2025-07-18 14:05:52,2025-11-02 17:55:40,119,At Risk,false
CUST_00455,Bradley Anthony,kristen77@example.net,India,2025-08-31 17:51:41,Social Media,2,872.84,436.42,2025-09-22 20:21:05,2026-01-17 05:18:21,43,Active / Recent,false
CUST_00456,Martin Hughes,nicole52@example.com,Canada,2025-10-18 17:28:36,Email Campaign,5,1314.83,262.97,2025-10-20 13:06:46,2026-01-27 11:21:23,33,Loyal Customers,false
CUST_00457,Jeremiah Baker,anne21@example.org,United States,2025-02-22 03:27:20,Organic Search,1,63.96,63.96,2026-02-16 13:44:48,2026-02-16 13:44:48,13,Active / Recent,false
CUST_00458,Rhonda Gutierrez,angelarandall@example.net,Germany,2025-03-14 09:56:06,Organic Search,2,1124.91,562.46,2025-08-05 00:55:20,2025-10-25 05:59:43,127,At Risk,true
CUST_00459,Joseph Camacho,parmstrong@example.com,Australia,2025-10-17 10:38:27,Paid Ads,3,414.88,138.29,2025-11-24 03:04:07,2026-01-01 06:29:05,59,Loyal Customers,false
CUST_00460,James Nash,shawrachel@example.net,France,2025-02-16 14:07:35,Referral,2,289.91,144.96,2025-12-27 15:18:18,2026-01-25 10:22:30,35,Active / Recent,false
CUST_00461,Lisa Martinez,kthompson@example.org,India,2025-09-14 01:02:47,Organic Search,1,424.96,424.96,2025-09-19 05:52:08,2025-09-19 05:52:08,163,At Risk,true
CUST_00462,Beth Henderson,oharris@example.org,United Kingdom,2025-11-16 02:01:40,Email Campaign,2,159.96,79.98,2026-02-02 14:53:31,2026-02-13 18:17:22,16,Active / Recent,false
CUST_00463,Deanna Bartlett,millerangela@example.net,United Kingdom,2025-02-09 23:01:27,Referral,4,594.86,148.72,2025-04-17 02:41:51,2025-09-20 15:31:53,162,At Risk,true
CUST_00464,Donald Ellis,buchanancindy@example.net,United Kingdom,2025-08-31 16:28:10,Organic Search,3,279.90,93.3,2025-09-30 08:01:56,2025-10-23 11:52:32,129,At Risk,true
CUST_00465,Ashley Hernandez,buckleyanna@example.org,Canada,2025-06-15 05:44:19,Email Campaign,3,474.96,158.32,2025-06-27 09:00:56,2026-02-28 00:37:47,1,Loyal Customers,false
CUST_00466,Sharon Beard,pbaker@example.com,Australia,2025-06-24 04:13:38,Organic Search,1,249.96,249.96,2025-10-24 00:17:50,2025-10-24 00:17:50,128,At Risk,true
CUST_00467,Kara Jackson,mthomas@example.net,Australia,2025-09-29 22:35:52,Referral,2,264.94,132.47,2026-01-07 03:00:49,2026-02-18 10:19:08,11,Active / Recent,false
CUST_00468,Amanda Preston,hannah07@example.com,United States,2025-10-13 11:50:04,Social Media,2,864.89,432.45,2025-10-21 17:30:24,2025-11-22 05:38:49,99,At Risk,false
CUST_00469,Alicia Roth,larry71@example.org,Australia,2025-06-25 15:54:39,Email Campaign,5,1094.78,218.96,2025-09-04 18:34:07,2026-02-15 19:30:24,14,Champions,false
CUST_00470,William Ramos,joseph69@example.net,France,2025-01-21 09:24:24,Social Media,3,1304.85,434.95,2025-06-12 15:47:06,2026-02-11 21:51:27,18,Loyal Customers,false
CUST_00471,Jeremy Mcintyre,wfigueroa@example.net,Canada,2025-01-23 11:43:35,Social Media,3,604.88,201.63,2025-06-11 06:30:33,2025-12-15 16:54:26,76,Active / Recent,false
CUST_00472,Samantha Robertson,cameronmckinney@example.com,United Kingdom,2025-08-28 23:53:31,Social Media,2,169.91,84.96,2026-01-03 17:18:43,2026-02-15 08:14:26,14,Active / Recent,false
CUST_00473,Samuel Suarez,thompsonnancy@example.org,Canada,2025-01-05 17:49:12,Paid Ads,2,394.93,197.47,2025-02-27 17:51:11,2025-12-08 19:37:00,83,Active / Recent,false
CUST_00474,Danielle Bryant,janet45@example.com,United States,2025-11-08 07:09:42,Paid Ads,1,144.97,144.97,2025-11-16 05:12:17,2025-11-16 05:12:17,105,At Risk,false
CUST_00475,Madison Martinez,allentracy@example.com,United States,2025-01-24 19:29:23,Referral,4,824.90,206.23,2025-02-18 11:06:45,2025-11-03 04:44:39,118,At Risk,false
CUST_00476,Seth Matthews,max41@example.com,Germany,2025-06-17 02:22:03,Email Campaign,1,329.99,329.99,2025-06-25 04:19:35,2025-06-25 04:19:35,249,Lost / Churned,true
CUST_00478,Matthew Palmer,wellsdavid@example.org,United Kingdom,2025-10-15 10:17:22,Social Media,2,224.92,112.46,2025-10-22 14:44:22,2026-02-24 15:37:15,5,Active / Recent,false
CUST_00479,Alejandra King,jennifer46@example.com,United States,2025-03-07 23:42:50,Paid Ads,6,1879.70,313.28,2025-03-19 11:16:32,2026-02-16 07:31:37,13,Champions,false
CUST_00481,Jorge Bates,anna99@example.com,India,2025-02-08 15:38:24,Organic Search,2,699.90,349.95,2025-02-21 23:43:55,2025-11-28 21:00:49,93,At Risk,false
CUST_00482,Brian Brown,danielle44@example.net,Germany,2025-07-31 08:21:52,Email Campaign,4,574.88,143.72,2025-08-20 22:42:09,2026-02-20 23:16:25,9,Loyal Customers,false
CUST_00483,Stephanie Evans,zacharyallen@example.org,France,2026-01-13 05:23:25,Email Campaign,2,144.94,72.47,2026-01-14 04:15:29,2026-01-30 18:55:54,30,Active / Recent,false
CUST_00484,Rebekah Greene,erin07@example.com,United Kingdom,2025-11-18 16:56:40,Paid Ads,1,59.97,59.97,2025-12-17 13:37:27,2025-12-17 13:37:27,74,Active / Recent,false
CUST_00485,Jason Price,aguilarwanda@example.org,United Kingdom,2025-03-30 09:42:43,Email Campaign,4,715.91,178.98,2025-06-21 23:36:27,2026-02-21 02:12:35,8,Loyal Customers,false
CUST_00486,Micheal Parks,qknox@example.com,United Kingdom,2025-03-28 03:08:06,Referral,4,1084.86,271.21,2025-05-17 22:16:02,2026-01-17 16:03:26,43,Loyal Customers,false
CUST_00487,Sarah Pittman,kellyruiz@example.net,France,2026-01-13 23:29:31,Social Media,1,524.95,524.95,2026-02-16 02:56:23,2026-02-16 02:56:23,13,Active / Recent,false
CUST_00488,Robert Hines,staceylam@example.net,Canada,2025-02-05 06:38:27,Email Campaign,3,249.94,83.31,2025-08-05 18:24:12,2026-01-10 20:07:18,50,Loyal Customers,false
CUST_00489,Henry Garner,robert55@example.com,United States,2025-02-12 13:12:35,Paid Ads,2,813.87,406.94,2025-06-04 01:57:24,2025-12-06 23:31:55,85,Active / Recent,false
CUST_00491,Steve Mason,amoreno@example.org,United Kingdom,2025-07-18 11:13:43,Social Media,3,439.96,146.65,2025-08-29 22:23:15,2026-01-13 14:18:45,47,Loyal Customers,false
CUST_00492,Brittany Gay,robert97@example.org,United States,2025-04-04 04:40:13,Email Campaign,5,487.86,97.57,2025-07-25 14:41:41,2026-02-25 00:45:09,4,Champions,false
CUST_00493,Mike Maxwell,lcook@example.com,Canada,2025-12-01 11:59:28,Paid Ads,2,467.92,233.96,2026-02-02 11:23:33,2026-02-06 19:46:43,23,Active / Recent,false
CUST_00494,Abigail Hill,barbaramoore@example.org,France,2025-10-23 07:34:49,Paid Ads,2,619.90,309.95,2025-11-26 08:56:40,2026-01-03 14:58:59,57,Active / Recent,false
CUST_00495,Jeffrey Jordan,ysanford@example.org,France,2026-01-24 13:33:57,Social Media,5,1574.77,314.95,2026-02-02 05:47:21,2026-02-17 06:16:12,12,Champions,false
CUST_00496,Curtis Watson,mcclainkatherine@example.net,Germany,2025-02-25 23:35:04,Organic Search,2,364.98,182.49,2025-04-18 19:49:08,2025-04-30 23:46:14,305,Lost / Churned,true
CUST_00497,Michael Sims,jeremywiley@example.com,United States,2025-12-05 19:43:21,Email Campaign,2,194.93,97.47,2026-01-07 17:17:44,2026-02-01 05:30:14,28,Active / Recent,false
CUST_00499,Joseph Warren,ibarron@example.com,France,2025-11-30 10:26:20,Email Campaign,3,269.96,89.99,2025-12-07 16:49:14,2026-02-03 09:09:28,26,Loyal Customers,false
CUST_00500,Katherine Christensen MD,osmith@example.net,United Kingdom,2025-11-21 10:22:47,Organic Search,2,419.94,209.97,2026-02-05 04:18:56,2026-02-16 05:13:30,13,Active / Recent,false
CUST_00501,Mrs. Alison Wagner,richardsondebra@example.org,United States,2025-11-11 14:20:58,Social Media,2,494.97,247.49,2025-11-27 11:43:52,2026-01-09 23:34:51,51,Active / Recent,false
CUST_00502,Martin Wise,wheelerbrandon@example.org,Australia,2025-05-14 11:56:53,Referral,4,944.85,236.21,2025-08-31 10:47:07,2025-11-23 01:46:24,98,At Risk,false
CUST_00503,Alicia Norris,hwallace@example.net,Australia,2025-12-24 08:49:40,Social Media,2,348.89,174.45,2025-12-27 00:30:24,2026-01-10 05:44:36,50,Active / Recent,false
CUST_00504,Michael Harris,turnerdorothy@example.net,Germany,2025-03-10 10:51:36,Organic Search,3,924.87,308.29,2025-07-05 01:16:03,2026-02-08 05:02:35,21,Loyal Customers,false
CUST_00505,Lisa Haynes,grivas@example.net,Germany,2025-07-08 23:44:52,Referral,1,129.96,129.96,2025-12-03 01:36:17,2025-12-03 01:36:17,88,Active / Recent,false
CUST_00506,Autumn Wilson,jimenezchelsea@example.com,France,2025-11-08 00:55:32,Organic Search,1,119.97,119.97,2025-12-07 07:23:58,2025-12-07 07:23:58,84,Active / Recent,false
CUST_00507,Valerie Howard,cphillips@example.net,Australia,2025-11-04 09:37:33,Social Media,2,592.91,296.46,2025-12-26 13:05:53,2026-01-13 13:51:33,47,Active / Recent,false
CUST_00508,Daniel Fitzpatrick MD,smithchristopher@example.org,Canada,2025-09-21 16:59:10,Social Media,2,306.88,153.44,2025-10-04 11:10:36,2025-12-23 15:57:55,68,Active / Recent,false
CUST_00509,Maureen Hernandez,chancharles@example.net,United States,2025-05-11 14:13:15,Referral,4,369.93,92.48,2025-07-05 20:20:39,2026-02-04 19:11:32,25,Loyal Customers,false
CUST_00510,David Hall,joseph01@example.org,France,2025-03-30 13:36:38,Referral,1,49.99,49.99,2025-05-07 09:30:02,2025-05-07 09:30:02,298,Lost / Churned,true
CUST_00513,Anna Briggs,danielross@example.com,United States,2025-07-03 12:22:14,Paid Ads,1,119.96,119.96,2026-01-27 03:07:41,2026-01-27 03:07:41,33,Active / Recent,false
CUST_00514,James Jefferson,zbanks@example.org,Canada,2025-07-18 19:35:36,Paid Ads,3,409.89,136.63,2025-09-10 18:52:18,2026-02-02 00:58:40,27,Loyal Customers,false
CUST_00515,Michael Brown,dalepruitt@example.com,Australia,2025-04-29 17:41:57,Organic Search,2,514.91,257.46,2025-09-11 14:40:00,2025-12-20 14:01:16,71,Active / Recent,false
CUST_00516,Meghan White,nmaxwell@example.org,Australia,2025-05-18 14:14:35,Email Campaign,2,594.93,297.46,2025-07-13 20:07:20,2025-08-05 01:33:59,208,Lost / Churned,true
CUST_00517,Sheryl Acosta,timothyfreeman@example.com,Australia,2025-12-27 08:42:43,Referral,1,464.94,464.94,2026-02-13 02:26:41,2026-02-13 02:26:41,16,Active / Recent,false
CUST_00518,Arthur Pena,busherica@example.net,India,2025-12-15 16:12:01,Referral,4,739.88,184.97,2025-12-23 02:19:37,2026-02-09 00:56:41,20,Loyal Customers,false
CUST_00519,Krystal Levine,april91@example.com,Australia,2025-09-09 01:02:17,Social Media,4,1019.81,254.95,2025-09-13 21:14:33,2026-02-22 01:57:45,7,Loyal Customers,false
CUST_00520,Danielle Reed,jhernandez@example.net,Germany,2025-04-28 06:02:59,Organic Search,4,939.83,234.96,2025-06-08 04:33:08,2025-10-23 01:51:05,129,At Risk,true
CUST_00521,Mason Moore,kchristian@example.org,Germany,2025-12-31 05:19:21,Social Media,1,139.97,139.97,2026-01-11 02:17:00,2026-01-11 02:17:00,49,Active / Recent,false
CUST_00522,Erica Rivera,brent38@example.net,France,2025-08-02 08:17:17,Organic Search,2,329.95,164.98,2025-11-03 00:04:32,2026-02-27 01:10:18,2,Active / Recent,false
CUST_00523,Robert Miller,csolis@example.org,France,2025-10-01 08:40:42,Organic Search,1,199.97,199.97,2025-10-08 06:33:18,2025-10-08 06:33:18,144,At Risk,true
CUST_00524,Jillian Wilson,bmcgee@example.org,Germany,2025-08-30 02:25:18,Email Campaign,1,159.96,159.96,2025-10-05 09:15:12,2025-10-05 09:15:12,147,At Risk,true
CUST_00525,Andrew Dunn,connersylvia@example.net,United States,2025-01-30 05:02:59,Social Media,6,1014.74,169.12,2025-04-23 20:25:18,2026-01-19 07:57:16,41,Loyal Customers,false
CUST_00526,Jordan Clark,xclements@example.org,United States,2025-08-11 23:30:13,Organic Search,4,704.89,176.22,2025-09-11 07:59:54,2026-01-14 20:15:44,46,Loyal Customers,false
CUST_00527,Sarah Rivera,xmoran@example.net,Germany,2026-01-29 20:25:45,Email Campaign,4,1443.85,360.96,2026-01-30 08:37:16,2026-02-08 06:49:38,21,Loyal Customers,false
CUST_00529,Jacqueline Rodriguez,travisunderwood@example.net,United Kingdom,2025-05-27 05:02:16,Referral,2,433.90,216.95,2025-10-28 00:46:47,2026-01-18 04:01:03,42,Active / Recent,false
CUST_00530,Ashley Carr,davidphelps@example.org,France,2026-01-05 10:22:03,Paid Ads,4,964.82,241.21,2026-01-11 13:00:54,2026-02-04 19:44:03,25,Loyal Customers,false
CUST_00531,Richard Love,shermanbrandon@example.net,Germany,2025-02-18 01:24:33,Organic Search,3,984.93,328.31,2025-02-22 08:22:31,2025-12-17 22:28:20,74,Active / Recent,false
CUST_00532,Leah Barton,lellis@example.net,India,2025-09-24 18:08:38,Organic Search,3,349.91,116.64,2025-10-22 01:37:05,2025-12-29 17:25:48,62,Active / Recent,false
CUST_00533,Jonathan Moreno,tranryan@example.net,India,2026-01-27 21:28:30,Paid Ads,1,89.97,89.97,2026-02-01 14:19:45,2026-02-01 14:19:45,28,Active / Recent,false
CUST_00534,Mr. Thomas Thompson,jessicaanderson@example.com,Canada,2025-01-31 09:39:43,Email Campaign,1,184.97,184.97,2025-06-21 22:29:08,2025-06-21 22:29:08,253,Lost / Churned,true
CUST_00536,Denise Stuart,shawn22@example.com,United Kingdom,2025-05-04 07:14:37,Social Media,2,662.93,331.47,2025-05-15 10:57:18,2025-06-13 07:44:26,261,Lost / Churned,true
CUST_00537,Stacey Hunt,jennifer83@example.org,Germany,2025-08-08 17:31:06,Email Campaign,2,289.91,144.96,2025-11-10 16:43:01,2026-02-08 18:18:38,21,Active / Recent,false
CUST_00538,Miguel Parks,tinasantos@example.org,India,2025-09-20 19:37:14,Referral,1,354.95,354.95,2025-11-11 00:56:19,2025-11-11 00:56:19,110,At Risk,false
CUST_00539,Melissa Morris,hodgesanna@example.net,Australia,2025-02-10 16:09:50,Social Media,3,1457.82,485.94,2025-04-26 11:22:13,2025-10-23 18:41:48,129,At Risk,true
CUST_00540,Mary Butler,natalie60@example.net,United Kingdom,2025-02-21 04:41:09,Organic Search,2,784.95,392.48,2025-02-26 07:33:20,2025-08-29 14:04:59,184,Lost / Churned,true
CUST_00541,James Brown,gonzalezkaren@example.org,United Kingdom,2025-10-28 06:04:44,Social Media,3,1253.85,417.95,2025-10-30 14:18:54,2026-02-05 03:47:15,24,Loyal Customers,false
CUST_00542,Miss Brianna Brown,james80@example.com,United Kingdom,2025-04-27 19:09:43,Organic Search,1,44.98,44.98,2025-12-18 15:30:11,2025-12-18 15:30:11,73,Active / Recent,false
CUST_00543,Ashley Parrish,juliahoffman@example.org,United Kingdom,2025-04-20 20:24:57,Social Media,3,842.83,280.94,2025-10-23 05:36:40,2025-12-12 18:14:34,79,Active / Recent,false
CUST_00545,Juan Smith,james73@example.net,United Kingdom,2025-03-07 19:16:36,Referral,1,239.97,239.97,2025-03-14 09:40:18,2025-03-14 09:40:18,352,Lost / Churned,true
CUST_00546,Maria Fischer,kimberlybrandt@example.com,India,2025-10-20 13:48:40,Social Media,1,144.95,144.95,2026-01-26 00:24:34,2026-01-26 00:24:34,34,Active / Recent,false
CUST_00547,William Jones,jillwilson@example.org,India,2025-04-10 06:14:54,Referral,1,454.96,454.96,2025-07-21 07:42:47,2025-07-21 07:42:47,223,Lost / Churned,true
CUST_00548,Justin Anderson,adam72@example.org,India,2025-03-14 14:05:22,Email Campaign,4,1354.82,338.71,2025-08-11 15:54:50,2025-11-27 00:51:16,94,At Risk,false
CUST_00549,Frank Williams,tracy98@example.com,United States,2025-10-09 00:57:52,Social Media,3,384.92,128.31,2026-01-10 07:53:56,2026-01-23 04:03:11,37,Loyal Customers,false
CUST_00550,Michael Fox,abigailhartman@example.org,Canada,2025-08-28 21:40:51,Paid Ads,4,1324.83,331.21,2025-09-20 01:57:02,2026-02-05 13:17:04,24,Loyal Customers,false
CUST_00551,Joshua Davis,nicolealvarado@example.com,Australia,2025-09-23 10:21:09,Email Campaign,4,1339.86,334.97,2025-11-28 17:23:21,2026-01-16 18:06:44,44,Loyal Customers,false
CUST_00552,Daniel Goodwin,wbarajas@example.net,Canada,2025-05-30 03:14:13,Paid Ads,3,472.90,157.63,2025-06-14 20:14:05,2025-08-21 09:34:41,192,Lost / Churned,true
CUST_00553,Michael Griffin,susanfleming@example.com,United States,2025-05-01 08:23:14,Social Media,1,39.99,39.99,2025-09-20 18:11:29,2025-09-20 18:11:29,162,At Risk,true
CUST_00554,Robert Wilson,amber40@example.net,France,2025-03-20 13:24:01,Referral,2,379.93,189.97,2026-01-04 22:27:35,2026-02-18 00:10:12,11,Active / Recent,false
CUST_00555,Jaime Lang,stucker@example.net,India,2025-01-30 07:39:51,Social Media,3,1144.87,381.62,2025-09-15 19:45:28,2025-12-24 22:01:18,67,Active / Recent,false
CUST_00556,Jose Vaughan,teresaayala@example.net,France,2025-04-12 18:55:52,Email Campaign,3,843.82,281.27,2025-06-02 23:08:11,2025-11-11 02:39:19,110,At Risk,false
CUST_00557,Austin Santiago,michellecoleman@example.org,Canada,2025-04-30 19:28:47,Paid Ads,3,329.93,109.98,2025-10-30 09:33:55,2026-01-27 02:14:14,33,Loyal Customers,false
CUST_00558,Ronald Johns,elucas@example.net,India,2025-05-09 13:52:25,Email Campaign,1,174.98,174.98,2025-12-22 04:41:07,2025-12-22 04:41:07,69,Active / Recent,false
CUST_00559,Allison Love,millerbrian@example.com,Germany,2025-02-03 22:29:09,Social Media,1,359.96,359.96,2026-01-11 14:07:35,2026-01-11 14:07:35,49,Active / Recent,false
CUST_00560,Laura Perez,rickey76@example.com,Germany,2025-07-04 11:53:01,Referral,1,279.96,279.96,2026-02-03 06:16:28,2026-02-03 06:16:28,26,Active / Recent,false
CUST_00561,James Wilson,maychristine@example.net,Australia,2025-08-10 07:26:29,Email Campaign,4,514.90,128.73,2025-09-05 21:00:01,2026-02-16 05:36:57,13,Loyal Customers,false
CUST_00562,Mercedes Jones,robertsgina@example.net,France,2025-07-01 18:07:51,Paid Ads,3,739.91,246.64,2025-07-02 15:33:52,2026-02-17 22:11:50,12,Loyal Customers,false
CUST_00563,Preston Kim,bshort@example.com,Australia,2025-08-29 08:53:58,Email Campaign,2,449.93,224.97,2025-12-04 10:55:28,2026-02-14 02:52:28,15,Active / Recent,false
CUST_00564,Daniel Francis,susan24@example.net,United Kingdom,2025-05-31 16:43:25,Referral,5,629.84,125.97,2025-08-10 22:10:18,2026-02-22 10:02:13,7,Champions,false
CUST_00565,Traci Camacho,susan08@example.net,Germany,2025-12-09 05:19:51,Social Media,2,584.91,292.46,2025-12-19 18:55:45,2025-12-30 16:37:04,61,Active / Recent,false
CUST_00566,Andrew Armstrong,fmedina@example.com,France,2025-10-24 14:37:05,Referral,3,499.90,166.63,2025-12-26 22:28:44,2026-02-23 16:29:26,6,Loyal Customers,false
CUST_00567,Patrick Swanson,robertbrewer@example.net,Canada,2025-11-22 04:24:12,Paid Ads,3,1819.84,606.61,2025-12-23 14:37:36,2026-02-09 05:31:01,20,Loyal Customers,false
CUST_00568,Clinton Jensen,james29@example.org,Australia,2025-04-18 11:56:08,Social Media,4,384.85,96.21,2025-06-26 19:32:35,2026-02-18 18:23:17,11,Loyal Customers,false
CUST_00569,Tara Gamble,enewman@example.com,India,2025-02-10 12:42:07,Email Campaign,3,364.90,121.63,2025-09-01 15:26:26,2025-11-07 14:32:42,114,At Risk,false
CUST_00570,Danielle Gonzalez,wlynn@example.org,France,2025-10-16 07:53:42,Organic Search,5,587.86,117.57,2025-12-09 14:15:54,2026-02-28 11:12:21,1,Champions,false
CUST_00571,Cynthia Mitchell,mcculloughlouis@example.com,United Kingdom,2025-04-07 20:09:43,Organic Search,2,424.96,212.48,2025-10-21 13:37:42,2026-02-05 05:55:41,24,Active / Recent,false
CUST_00572,Matthew Steele,arianadiaz@example.com,United Kingdom,2025-05-05 12:26:18,Email Campaign,5,709.83,141.97,2025-07-17 18:23:19,2026-02-21 23:38:25,8,Champions,false
CUST_00573,Caroline Edwards,jenniferdavidson@example.com,Australia,2025-04-25 10:46:40,Email Campaign,1,249.98,249.98,2025-07-06 23:37:07,2025-07-06 23:37:07,238,Lost / Churned,true
CUST_00574,Brandy Quinn,wford@example.com,Canada,2025-03-13 05:39:53,Email Campaign,2,804.88,402.44,2025-09-15 09:15:59,2026-02-10 18:53:45,19,Active / Recent,false
CUST_00576,Stephen Jones,mcclainmelissa@example.net,Germany,2025-02-11 08:46:49,Referral,3,1023.82,341.27,2025-05-22 12:47:49,2026-02-05 17:54:39,24,Loyal Customers,false
CUST_00577,Kevin Sullivan,rebeccaarnold@example.net,Canada,2025-10-18 11:08:50,Email Campaign,2,604.90,302.45,2025-12-30 06:00:34,2025-12-31 00:35:35,60,Active / Recent,false
CUST_00578,Kimberly Valdez,michaelwalker@example.net,United Kingdom,2025-03-05 09:14:08,Paid Ads,4,599.88,149.97,2025-03-19 02:25:43,2025-11-01 02:57:36,120,At Risk,false
CUST_00579,Donna Marshall,sanderswayne@example.net,United Kingdom,2025-01-22 21:27:14,Organic Search,2,274.97,137.49,2025-03-14 06:09:27,2025-10-27 02:19:09,125,At Risk,true
CUST_00580,Victor Holden,katherinetaylor@example.org,Australia,2025-09-18 10:15:54,Paid Ads,3,594.88,198.29,2025-12-29 06:32:06,2026-02-21 09:26:54,8,Loyal Customers,false
CUST_00581,Travis Hopkins,jillwebb@example.com,United States,2025-04-17 21:02:32,Social Media,1,45.98,45.98,2026-02-12 20:58:45,2026-02-12 20:58:45,17,Active / Recent,false
CUST_00582,Philip Hall,mike03@example.net,India,2026-01-02 23:11:53,Paid Ads,3,754.84,251.61,2026-01-17 18:00:30,2026-02-05 02:28:33,24,Loyal Customers,false
CUST_00583,Heather Harrison,ckeith@example.net,Germany,2025-12-31 08:50:47,Referral,1,29.99,29.99,2026-02-27 06:05:58,2026-02-27 06:05:58,2,Active / Recent,false
CUST_00584,Michael Boyd,mary49@example.net,United States,2025-01-05 01:53:21,Organic Search,3,1069.84,356.61,2025-03-09 22:25:28,2026-01-16 09:14:13,44,Loyal Customers,false
CUST_00585,Jamie Gray,blacknicholas@example.org,Canada,2025-07-18 18:46:04,Paid Ads,3,459.86,153.29,2025-08-24 02:53:46,2026-01-17 07:41:52,43,Loyal Customers,false
CUST_00587,Brenda Martin,robertsonjuan@example.org,United Kingdom,2025-07-04 13:56:05,Organic Search,3,459.86,153.29,2025-10-19 08:05:58,2026-02-01 16:11:21,28,Loyal Customers,false
CUST_00588,Jack Love,guerrerorobert@example.com,Canada,2025-02-07 02:06:51,Email Campaign,2,259.96,129.98,2025-12-29 23:50:25,2026-02-27 03:37:28,2,Active / Recent,false
CUST_00589,Karen Mendoza,brittanyholland@example.com,United States,2025-12-22 01:12:55,Organic Search,1,675.93,675.93,2026-02-23 02:07:03,2026-02-23 02:07:03,6,Active / Recent,false
CUST_00590,Andrew Berry,dennishunt@example.net,France,2026-01-24 05:29:31,Referral,1,604.96,604.96,2026-01-25 01:56:00,2026-01-25 01:56:00,35,Active / Recent,false
CUST_00591,Christopher Nielsen,kgreene@example.net,India,2025-01-13 18:22:37,Referral,4,1839.77,459.94,2025-01-15 01:39:58,2025-06-15 02:56:41,259,Lost / Churned,true
CUST_00592,Nathan Stanley,stacey37@example.net,India,2025-07-07 22:03:13,Paid Ads,3,809.90,269.97,2025-08-26 18:19:18,2026-02-23 11:06:27,6,Loyal Customers,false
CUST_00594,Kayla Jackson,sandra99@example.org,Canada,2025-10-02 00:58:03,Referral,2,854.91,427.46,2025-12-03 23:07:18,2026-02-22 00:53:18,7,Active / Recent,false
CUST_00595,James Rodriguez,alexandrablankenship@example.net,Canada,2025-11-20 13:22:58,Organic Search,5,1059.90,211.98,2025-12-05 23:43:47,2026-02-15 21:29:53,14,Champions,false
CUST_00596,Chase Davis,mvalenzuela@example.org,United States,2025-10-08 02:08:28,Referral,1,134.95,134.95,2026-02-21 19:16:07,2026-02-21 19:16:07,8,Active / Recent,false
CUST_00597,Kim Goodwin,olsondavid@example.net,Germany,2025-01-16 19:03:32,Email Campaign,4,1334.84,333.71,2025-05-25 10:05:09,2026-01-17 14:44:17,43,Loyal Customers,false
CUST_00598,April Pace,xboyd@example.org,India,2025-02-03 19:32:25,Email Campaign,3,399.95,133.32,2025-02-28 00:43:36,2025-12-17 20:35:36,74,Active / Recent,false
CUST_00599,Jessica Mays,yclarke@example.com,United Kingdom,2025-10-17 22:51:39,Organic Search,2,234.94,117.47,2026-02-06 00:09:20,2026-02-25 22:26:13,4,Active / Recent,false
CUST_00600,Natalie Juarez,colemanjonathan@example.org,Australia,2025-10-05 08:42:44,Organic Search,3,1049.84,349.95,2025-10-19 16:07:59,2025-10-22 20:15:29,130,At Risk,true
CUST_00601,Angela George,ascott@example.net,Canada,2025-09-25 19:35:03,Organic Search,3,522.90,174.3,2025-10-16 13:03:20,2025-12-23 01:22:37,68,Active / Recent,false
CUST_00602,Adrienne Mills,brooksjamie@example.com,Canada,2025-09-16 06:35:46,Organic Search,2,504.92,252.46,2025-09-29 09:19:14,2025-10-19 09:25:49,133,At Risk,true
CUST_00603,Brian Simmons,jose86@example.net,France,2025-10-01 15:19:48,Social Media,6,1109.78,184.96,2025-10-24 16:20:30,2026-01-28 12:44:09,32,Loyal Customers,false
CUST_00604,Donald Becker,robertbowers@example.com,Australia,2025-05-16 23:53:52,Email Campaign,3,1554.84,518.28,2025-08-14 05:39:05,2025-11-28 23:25:24,93,At Risk,false
CUST_00605,Justin Webb,becky62@example.net,India,2026-01-07 16:28:03,Paid Ads,2,709.93,354.97,2026-01-17 23:37:41,2026-01-27 07:00:11,33,Active / Recent,false
CUST_00606,David Logan,craigromero@example.com,United States,2025-04-15 17:50:03,Email Campaign,2,643.90,321.95,2025-10-02 03:21:57,2025-11-05 03:16:03,116,At Risk,false
CUST_00607,Lisa Cohen,martintamara@example.org,United Kingdom,2025-01-29 17:25:40,Paid Ads,5,1194.77,238.95,2025-06-03 16:36:09,2026-01-13 21:16:58,47,Loyal Customers,false
CUST_00609,Lee Ramsey,hmendez@example.com,United Kingdom,2025-02-02 13:11:00,Social Media,4,859.89,214.97,2025-02-21 08:25:52,2025-12-12 18:49:40,79,Active / Recent,false
CUST_00610,Linda Bautista,daniellegonzales@example.org,Australia,2025-11-06 07:26:03,Referral,1,304.97,304.97,2025-11-14 17:04:03,2025-11-14 17:04:03,107,At Risk,false
CUST_00611,Tara Holmes,arthurgreene@example.net,United Kingdom,2026-01-03 16:48:40,Organic Search,1,249.97,249.97,2026-01-17 00:29:39,2026-01-17 00:29:39,43,Active / Recent,false
CUST_00612,Lisa Craig,john02@example.org,United Kingdom,2025-05-29 10:25:34,Social Media,2,424.96,212.48,2025-09-05 22:37:18,2025-11-14 19:59:33,107,At Risk,false
CUST_00613,Penny Gomez MD,aprilmclaughlin@example.org,Australia,2025-02-07 03:07:54,Social Media,2,780.89,390.45,2025-06-01 06:57:14,2025-08-16 17:48:38,197,Lost / Churned,true
CUST_00615,Jordan Powell,greenrichard@example.org,Germany,2025-12-06 09:21:50,Email Campaign,1,394.96,394.96,2025-12-24 10:55:31,2025-12-24 10:55:31,67,Active / Recent,false
CUST_00616,Kathy Morgan,prattsue@example.net,United Kingdom,2025-10-28 07:34:51,Paid Ads,1,514.94,514.94,2025-12-19 21:20:08,2025-12-19 21:20:08,72,Active / Recent,false
CUST_00617,Laura Benson,xhart@example.org,India,2026-01-21 09:53:54,Email Campaign,3,483.87,161.29,2026-01-24 09:12:32,2026-02-27 00:12:26,2,Loyal Customers,false
CUST_00618,Tonya Ellis,bmosley@example.com,Australia,2025-10-13 07:50:34,Referral,3,544.92,181.64,2025-10-16 10:25:27,2026-02-28 16:28:08,1,Loyal Customers,false
CUST_00619,Austin Schultz,ericahall@example.com,Australia,2025-07-27 04:02:02,Organic Search,2,699.93,349.97,2025-08-20 03:59:50,2026-01-09 22:49:54,51,Active / Recent,false
CUST_00620,Harry Nichols,john16@example.net,United States,2025-11-26 17:14:50,Email Campaign,5,1224.77,244.95,2025-12-17 04:29:41,2026-02-12 15:17:11,17,Champions,false
CUST_00621,Gloria Spencer,thomasgomez@example.net,France,2025-05-21 03:57:09,Social Media,2,389.98,194.99,2025-06-27 13:31:13,2025-09-19 03:59:11,163,At Risk,true
CUST_00622,Travis Vega,victorgonzalez@example.net,United States,2025-09-07 11:48:54,Organic Search,2,339.93,169.97,2025-09-17 14:42:12,2025-12-04 12:30:07,87,Active / Recent,false
CUST_00623,Derek Perez,marykelly@example.org,India,2025-09-12 16:52:12,Social Media,4,573.88,143.47,2025-09-21 10:29:51,2025-12-28 05:38:47,63,Active / Recent,false
CUST_00624,Blake Sosa,waustin@example.net,Germany,2025-08-27 01:29:48,Referral,4,859.80,214.95,2025-08-28 14:22:49,2026-01-24 21:55:20,36,Loyal Customers,false
CUST_00625,Sarah Watson,travis94@example.com,Canada,2025-11-27 23:22:45,Email Campaign,3,344.89,114.96,2025-12-11 15:42:52,2026-01-24 08:38:13,36,Loyal Customers,false
CUST_00626,Phillip Dixon,kwalker@example.org,Germany,2025-10-01 01:18:38,Organic Search,1,319.96,319.96,2025-12-18 08:44:22,2025-12-18 08:44:22,73,Active / Recent,false
CUST_00627,Robert Mendoza,shawphillip@example.net,France,2025-10-01 20:10:54,Email Campaign,5,2604.74,520.95,2025-10-08 06:44:23,2026-01-20 12:46:17,40,Loyal Customers,false
CUST_00628,Joyce Martinez,astewart@example.org,India,2025-08-02 06:04:58,Organic Search,3,1059.92,353.31,2025-08-15 12:59:27,2026-01-16 04:52:23,44,Loyal Customers,false
CUST_00629,Jamie Garcia,chloe42@example.net,India,2025-02-28 06:52:07,Email Campaign,3,907.87,302.62,2025-05-02 04:23:16,2025-08-11 19:13:16,202,Lost / Churned,true
CUST_00631,Paul Diaz,lramirez@example.net,Canada,2025-01-25 04:30:11,Referral,3,659.93,219.98,2025-10-04 15:52:26,2026-01-18 15:05:51,42,Loyal Customers,false
CUST_00632,Kenneth Perez,lelinda@example.net,United States,2025-12-07 08:08:00,Paid Ads,1,204.98,204.98,2026-01-13 14:39:38,2026-01-13 14:39:38,47,Active / Recent,false
CUST_00633,James Thomas,thomassmith@example.com,Canada,2025-02-22 05:19:14,Social Media,4,359.91,89.98,2025-07-10 02:52:43,2026-01-10 12:25:16,50,Loyal Customers,false
CUST_00635,Brett Martin,lisawoods@example.net,France,2025-01-26 03:42:22,Paid Ads,4,1134.81,283.7,2025-03-08 19:05:32,2025-07-06 10:21:05,238,Lost / Churned,true
CUST_00637,Gregory Frazier,barbarasantos@example.net,Australia,2025-12-11 19:37:41,Organic Search,6,1839.73,306.62,2025-12-14 20:13:48,2026-02-19 10:32:59,10,Champions,false
CUST_00638,Richard Kelly,champton@example.org,France,2025-04-17 22:49:22,Social Media,2,344.93,172.47,2025-09-28 20:17:16,2026-01-26 10:12:13,34,Active / Recent,false
CUST_00640,Logan Sullivan,millermatthew@example.com,United States,2025-07-13 21:05:54,Organic Search,5,1234.85,246.97,2025-08-04 23:15:37,2025-12-17 11:49:54,74,Active / Recent,false
CUST_00641,Eddie Adams,cnelson@example.com,Germany,2025-05-25 12:11:13,Referral,3,833.84,277.95,2025-09-02 13:55:57,2025-12-17 01:55:57,74,Active / Recent,false
CUST_00642,Kelly Cole,ivanjohnson@example.net,France,2025-10-28 13:58:03,Organic Search,2,304.92,152.46,2026-01-13 08:59:03,2026-02-19 10:42:56,10,Active / Recent,false
CUST_00643,David Manning,clarkrandy@example.org,Australia,2025-07-23 07:52:15,Social Media,1,69.98,69.98,2026-02-18 14:06:39,2026-02-18 14:06:39,11,Active / Recent,false
CUST_00644,Shawn Kelley,wisealexandria@example.org,Canada,2025-12-13 15:08:01,Referral,2,129.96,64.98,2025-12-15 00:03:27,2026-02-09 09:53:42,20,Active / Recent,false
CUST_00645,Luke Miller,pparker@example.net,India,2025-08-10 19:32:19,Email Campaign,1,219.99,219.99,2025-10-21 15:37:17,2025-10-21 15:37:17,131,At Risk,true
CUST_00646,Mark Anderson,anthonyalvarado@example.com,United States,2025-06-05 11:35:41,Paid Ads,1,34.99,34.99,2025-07-03 18:10:43,2025-07-03 18:10:43,241,Lost / Churned,true
CUST_00647,Julie Pitts,amy28@example.org,Germany,2025-02-27 12:25:48,Paid Ads,2,169.94,84.97,2025-10-06 10:25:16,2025-11-12 18:08:02,109,At Risk,false
CUST_00648,Joyce Curry,omills@example.net,United States,2025-12-12 17:28:26,Social Media,1,514.91,514.91,2026-02-25 17:52:01,2026-02-25 17:52:01,4,Active / Recent,false
CUST_00649,Gregory Fernandez,ramosmichael@example.com,India,2025-09-27 20:28:36,Organic Search,1,39.98,39.98,2026-01-28 21:02:16,2026-01-28 21:02:16,32,Active / Recent,false
CUST_00652,Adam Brooks,bkhan@example.com,United States,2025-06-24 04:10:00,Paid Ads,2,374.93,187.47,2025-06-27 21:35:48,2025-08-08 03:54:45,205,Lost / Churned,true
CUST_00653,Miguel Brewer,fwalker@example.com,Canada,2025-04-18 20:51:09,Email Campaign,2,204.95,102.48,2025-07-02 16:30:44,2025-08-05 12:46:46,208,Lost / Churned,true
CUST_00654,Kellie Marsh,justin84@example.com,United Kingdom,2025-01-21 09:58:11,Referral,3,1190.85,396.95,2025-03-29 12:59:34,2026-01-04 09:41:11,56,Loyal Customers,false
CUST_00655,Barry Taylor,walshchristine@example.com,Germany,2025-10-14 13:00:09,Referral,1,369.94,369.94,2026-02-09 16:31:09,2026-02-09 16:31:09,20,Active / Recent,false
CUST_00656,Katherine Flores,brandonnichols@example.org,France,2025-04-11 19:06:39,Organic Search,3,444.94,148.31,2025-07-03 16:47:48,2026-02-19 11:34:48,10,Loyal Customers,false
CUST_00657,Diane Martinez,oacosta@example.org,United Kingdom,2025-02-21 01:38:00,Email Campaign,1,129.99,129.99,2025-06-26 03:06:54,2025-06-26 03:06:54,248,Lost / Churned,true
CUST_00658,Johnny Peterson,kristi75@example.com,France,2026-01-07 18:57:51,Email Campaign,6,1948.77,324.8,2026-01-08 12:37:15,2026-02-14 09:58:04,15,Champions,false
CUST_00659,Amanda Miller,brianrowe@example.org,Australia,2025-11-15 00:23:38,Referral,2,509.91,254.96,2026-01-01 07:16:22,2026-01-27 12:58:22,33,Active / Recent,false
CUST_00660,Catherine Huang,lisa01@example.net,Canada,2025-02-27 06:48:46,Social Media,4,595.86,148.97,2025-07-10 13:54:32,2026-01-07 22:08:20,53,Loyal Customers,false
CUST_00661,Ray Ramos,gonzalezjill@example.org,Germany,2025-02-27 14:32:10,Email Campaign,3,517.90,172.63,2025-09-04 07:28:34,2025-11-25 12:27:41,96,At Risk,false
CUST_00662,Vickie Kennedy,sharon20@example.net,Canada,2025-09-25 14:13:15,Referral,5,969.84,193.97,2025-10-06 04:31:53,2026-01-11 15:47:51,49,Loyal Customers,false
CUST_00663,Kelly King,james03@example.org,Australia,2025-05-22 08:02:19,Paid Ads,1,294.95,294.95,2025-11-09 07:25:12,2025-11-09 07:25:12,112,At Risk,false
CUST_00664,Jeffrey Smith,brenda63@example.org,France,2025-12-03 00:35:21,Organic Search,3,684.87,228.29,2025-12-04 13:11:27,2026-01-03 04:55:40,57,Loyal Customers,false
CUST_00665,Lauren Vazquez,nathandavis@example.org,France,2025-04-07 10:31:51,Paid Ads,4,993.85,248.46,2025-08-11 07:05:33,2025-10-12 01:09:08,140,At Risk,true
CUST_00666,Mr. George Booker DDS,browndeanna@example.net,Canada,2025-08-25 05:17:32,Paid Ads,1,19.99,19.99,2025-09-01 07:52:53,2025-09-01 07:52:53,181,Lost / Churned,true
CUST_00667,Ashley Freeman,tina57@example.net,India,2025-09-08 14:49:56,Paid Ads,2,314.94,157.47,2025-11-03 00:48:26,2026-02-20 20:22:45,9,Active / Recent,false
CUST_00668,Michael Howard,johnwilliams@example.net,France,2025-09-26 18:20:15,Social Media,2,1669.86,834.93,2025-10-06 00:54:21,2025-12-23 14:18:02,68,Active / Recent,false
CUST_00669,Edward Terry,ashleystephens@example.com,United Kingdom,2025-03-03 06:03:18,Paid Ads,1,189.98,189.98,2025-07-23 22:43:30,2025-07-23 22:43:30,221,Lost / Churned,true
CUST_00671,Kimberly Gibson,bgross@example.net,France,2025-03-14 13:37:54,Paid Ads,4,1324.81,331.2,2025-03-25 06:14:31,2025-08-12 23:16:27,201,Lost / Churned,true
CUST_00672,Patty Allen,barrettamber@example.com,Canada,2025-04-30 18:23:22,Referral,3,759.87,253.29,2025-05-19 21:58:55,2025-06-28 13:33:54,246,Lost / Churned,true
CUST_00673,Michael Cannon,chloemorris@example.net,Australia,2025-09-20 05:41:06,Referral,4,1245.83,311.46,2025-11-06 01:32:18,2026-02-22 14:27:24,7,Loyal Customers,false
CUST_00674,Brent Hopkins,conleydavid@example.org,Australia,2025-02-01 23:55:02,Organic Search,5,1189.80,237.96,2025-03-10 01:22:09,2026-02-19 15:11:27,10,Champions,false
CUST_00675,John Garcia,hbarrett@example.net,United States,2025-03-05 02:06:13,Referral,3,279.91,93.3,2025-07-24 15:26:47,2025-11-22 19:42:52,99,At Risk,false
CUST_00676,Dawn Diaz,smithsamantha@example.net,India,2025-07-25 13:32:37,Paid Ads,2,279.92,139.96,2025-09-18 17:19:27,2025-12-15 12:23:57,76,Active / Recent,false
CUST_00677,Steve Miller PhD,wardjulia@example.com,France,2025-11-20 13:44:25,Organic Search,4,503.85,125.96,2025-11-24 07:24:27,2026-02-24 03:30:01,5,Loyal Customers,false
CUST_00678,Rebecca Brown,allison14@example.org,India,2026-01-22 20:06:08,Referral,1,227.92,227.92,2026-02-06 16:26:52,2026-02-06 16:26:52,23,Active / Recent,false
CUST_00679,Toni Davis,amandalopez@example.net,India,2025-08-13 23:52:15,Social Media,3,764.87,254.96,2025-12-05 14:27:32,2026-02-14 19:17:20,15,Loyal Customers,false
CUST_00680,Laura Meza,xreese@example.net,Canada,2026-01-11 02:44:38,Email Campaign,3,449.90,149.97,2026-01-30 10:55:40,2026-02-27 08:21:19,2,Loyal Customers,false
CUST_00681,Megan Park,kandrade@example.org,Germany,2025-08-20 00:34:09,Organic Search,2,604.91,302.46,2025-09-07 06:50:34,2025-11-20 05:12:16,101,At Risk,false
CUST_00682,Kathy Sandoval,umahoney@example.net,Canada,2025-02-16 12:51:35,Email Campaign,7,2314.78,330.68,2025-03-29 18:54:21,2026-02-01 18:57:48,28,Champions,false
CUST_00683,Erika Watson PhD,umckenzie@example.net,Germany,2025-11-19 19:45:03,Email Campaign,2,424.91,212.46,2026-02-06 08:35:40,2026-02-26 01:38:17,3,Active / Recent,false
CUST_00684,Joshua Brooks,michael77@example.com,United Kingdom,2025-06-08 11:15:52,Referral,4,612.89,153.22,2025-06-12 11:00:36,2025-12-13 00:07:23,78,Active / Recent,false
CUST_00685,Andrew Mitchell,holmesvictoria@example.com,United Kingdom,2025-04-22 14:10:42,Social Media,1,59.97,59.97,2025-11-22 15:57:58,2025-11-22 15:57:58,99,At Risk,false
CUST_00686,William Lewis,andrew48@example.net,Germany,2025-09-26 06:10:25,Paid Ads,3,1062.84,354.28,2025-10-06 16:28:25,2025-12-06 06:40:14,85,Active / Recent,false
CUST_00687,Tammy Moore,stevenseric@example.com,France,2025-10-15 19:22:11,Referral,1,294.92,294.92,2025-11-26 18:38:02,2025-11-26 18:38:02,95,At Risk,false
CUST_00688,Kevin Hall,christopher69@example.org,United Kingdom,2025-03-24 11:24:43,Paid Ads,6,1175.80,195.97,2025-04-19 15:16:42,2025-12-04 00:51:46,87,Active / Recent,false
CUST_00689,Misty Mcguire,tracynolan@example.net,United States,2025-12-29 07:40:44,Social Media,2,713.91,356.96,2026-01-08 01:25:07,2026-01-13 07:55:03,47,Active / Recent,false
CUST_00690,Susan Larson,benjamin96@example.org,Canada,2025-12-16 05:04:37,Paid Ads,4,465.92,116.48,2025-12-24 21:00:47,2026-02-19 03:24:40,10,Loyal Customers,false
CUST_00692,Sarah Mcfarland,hbrown@example.org,Australia,2025-10-26 09:04:18,Referral,2,354.95,177.48,2025-12-05 08:40:26,2025-12-29 07:26:50,62,Active / Recent,false
CUST_00693,Karl Murphy,ericnunez@example.com,Canada,2025-11-21 18:35:47,Paid Ads,1,310.95,310.95,2025-12-20 05:51:32,2025-12-20 05:51:32,71,Active / Recent,false
CUST_00694,Nicole Johnston,walkerkeith@example.com,France,2025-09-12 07:50:45,Social Media,4,1014.86,253.72,2025-09-19 21:20:03,2026-01-23 22:07:21,37,Loyal Customers,false
CUST_00695,George Alvarez,kelleyjose@example.com,Australia,2025-05-28 10:45:50,Paid Ads,2,329.94,164.97,2025-07-06 22:16:18,2025-07-09 07:39:58,235,Lost / Churned,true
CUST_00696,Patricia Anderson,timothygonzalez@example.com,France,2026-01-23 00:20:34,Email Campaign,3,664.90,221.63,2026-02-01 15:01:04,2026-02-26 18:07:20,3,Loyal Customers,false
CUST_00697,Christina Gilbert,johnadams@example.com,United Kingdom,2026-01-23 09:33:17,Email Campaign,1,304.97,304.97,2026-02-14 00:05:42,2026-02-14 00:05:42,15,Active / Recent,false
CUST_00698,Thomas Davis,whenderson@example.org,United States,2025-01-19 00:02:15,Email Campaign,4,2709.80,677.45,2025-03-13 22:45:56,2026-01-06 13:50:01,54,Loyal Customers,false
CUST_00699,Kirk Johnson,gary59@example.com,Germany,2026-01-28 14:10:03,Paid Ads,1,579.92,579.92,2026-02-20 01:43:31,2026-02-20 01:43:31,9,Active / Recent,false
CUST_00700,Jessica Glass,jamesbrooks@example.net,France,2025-06-17 02:34:57,Social Media,5,1027.86,205.57,2025-07-11 03:13:33,2026-01-19 16:34:46,41,Loyal Customers,false
CUST_00701,Ashley Brown,mistywilkins@example.org,United States,2025-02-07 19:03:12,Social Media,5,1059.80,211.96,2025-03-04 02:28:47,2026-02-11 03:53:50,18,Champions,false
CUST_00702,Robert Torres,njohnson@example.net,France,2026-01-20 09:29:47,Email Campaign,1,322.98,322.98,2026-01-28 15:13:47,2026-01-28 15:13:47,32,Active / Recent,false
CUST_00703,Christina Mills,ana92@example.net,France,2025-08-10 22:44:09,Organic Search,4,415.87,103.97,2025-12-13 09:59:56,2026-01-27 00:58:33,33,Loyal Customers,false
CUST_00704,Alicia Aguilar,scottbrian@example.org,Germany,2025-03-25 11:53:27,Paid Ads,2,514.92,257.46,2025-09-05 20:59:46,2025-09-23 12:33:38,159,At Risk,true
CUST_00705,Lisa Brown,jonesdonna@example.net,India,2025-07-25 10:07:55,Social Media,3,744.86,248.29,2025-08-20 00:53:57,2025-12-18 22:44:24,73,Active / Recent,false
CUST_00706,Mary Lin,carternicole@example.com,United Kingdom,2025-11-10 05:12:02,Organic Search,2,624.94,312.47,2025-12-07 15:28:27,2026-02-26 01:30:32,3,Active / Recent,false
CUST_00707,James Bray,mckeetodd@example.net,United States,2025-11-08 03:22:57,Referral,3,564.86,188.29,2025-12-20 03:49:21,2026-01-07 00:16:39,53,Loyal Customers,false
CUST_00708,Charlotte Mason,tcastro@example.org,United Kingdom,2025-06-01 04:38:16,Referral,5,1824.77,364.95,2025-08-03 15:05:40,2026-02-17 00:23:25,12,Champions,false
CUST_00709,Thomas Torres,klong@example.org,United States,2025-08-13 03:55:32,Email Campaign,1,49.98,49.98,2026-02-22 06:16:51,2026-02-22 06:16:51,7,Active / Recent,false
CUST_00710,Harold Garrett,wendyirwin@example.com,Germany,2026-01-27 16:00:15,Referral,1,664.93,664.93,2026-02-10 11:29:12,2026-02-10 11:29:12,19,Active / Recent,false
CUST_00711,Lori Johns,raymondstacy@example.org,Australia,2025-08-06 06:22:16,Referral,3,434.92,144.97,2025-11-14 21:42:41,2026-02-06 07:53:26,23,Loyal Customers,false
CUST_00712,Steven Sandoval,blairabigail@example.net,Canada,2025-04-03 06:47:52,Organic Search,1,52.96,52.96,2026-02-03 16:29:06,2026-02-03 16:29:06,26,Active / Recent,false
CUST_00713,Lori Perez,ashleysimmons@example.com,United Kingdom,2025-11-02 22:53:50,Social Media,2,644.95,322.48,2026-01-17 16:55:01,2026-01-25 14:12:01,35,Active / Recent,false
CUST_00714,Erin Daniels,denisecarpenter@example.net,Australia,2025-10-11 23:23:48,Paid Ads,5,819.85,163.97,2025-11-09 16:54:44,2026-02-19 23:34:32,10,Champions,false
CUST_00715,Shari Parker,russellstout@example.org,France,2025-06-04 14:42:28,Referral,4,888.88,222.22,2025-06-23 00:08:44,2026-02-26 22:33:48,3,Loyal Customers,false
CUST_00716,Krystal Moore,grantstacy@example.org,France,2025-11-08 18:23:51,Organic Search,3,467.90,155.97,2025-12-17 10:33:43,2026-01-16 13:43:33,44,Loyal Customers,false
CUST_00717,Ryan Thomas,cannonnicole@example.com,United States,2025-02-05 04:30:56,Paid Ads,3,494.87,164.96,2025-02-07 02:53:32,2026-01-12 15:32:27,48,Loyal Customers,false
CUST_00718,Elizabeth Reese,edwin31@example.org,Australia,2025-09-16 16:19:43,Email Campaign,1,119.98,119.98,2026-01-14 17:31:52,2026-01-14 17:31:52,46,Active / Recent,false
CUST_00719,Phillip Salazar,catherine93@example.net,Canada,2025-12-21 22:53:03,Referral,4,1169.83,292.46,2025-12-30 18:36:23,2026-02-22 22:39:57,7,Loyal Customers,false
CUST_00720,Michael Howard,manderson@example.com,United Kingdom,2025-04-19 13:42:23,Referral,3,804.89,268.3,2025-08-22 22:57:45,2026-02-16 03:25:46,13,Loyal Customers,false
CUST_00721,Jacqueline Christian,kwells@example.org,Canada,2025-09-05 09:49:48,Email Campaign,4,1287.86,321.96,2025-09-23 21:25:05,2025-12-09 08:37:35,82,Active / Recent,false
CUST_00722,Jason Novak,stephanie33@example.org,France,2025-08-21 10:07:56,Social Media,2,198.93,99.47,2025-09-26 12:39:21,2025-09-27 13:28:53,155,At Risk,true
CUST_00723,Timothy Duke,dwatts@example.org,India,2026-01-16 11:24:12,Referral,3,189.94,63.31,2026-01-30 09:52:18,2026-02-10 21:40:51,19,Loyal Customers,false
CUST_00724,Ricardo Franklin,zcortez@example.net,Germany,2025-08-21 20:30:04,Organic Search,2,479.92,239.96,2025-09-03 11:12:25,2026-02-15 22:00:52,14,Active / Recent,false
CUST_00725,Laura Herrera,meyershannon@example.org,United Kingdom,2025-10-14 02:41:14,Organic Search,1,414.96,414.96,2026-01-27 14:57:01,2026-01-27 14:57:01,33,Active / Recent,false
CUST_00727,Cheryl Gonzales,kim47@example.org,France,2025-01-21 16:44:20,Email Campaign,5,619.89,123.98,2025-08-07 10:58:41,2025-12-08 07:51:41,83,Active / Recent,false
CUST_00728,Louis Brown,stevenlucas@example.org,India,2025-07-26 05:50:45,Referral,4,619.86,154.97,2025-12-11 20:43:12,2026-01-22 23:39:22,38,Loyal Customers,false
CUST_00729,Ashley Osborne,phillipmorris@example.org,India,2025-06-26 17:42:47,Organic Search,1,249.96,249.96,2026-02-13 18:33:39,2026-02-13 18:33:39,16,Active / Recent,false
CUST_00730,Kevin Marquez,nicoledavis@example.com,Canada,2026-01-09 04:12:52,Referral,2,584.95,292.48,2026-01-31 10:15:48,2026-02-17 06:50:11,12,Active / Recent,false
CUST_00731,Susan Hogan,davisjasmin@example.net,Canada,2025-10-23 07:15:41,Paid Ads,3,1109.85,369.95,2025-12-10 12:01:34,2026-02-07 05:51:10,22,Loyal Customers,false
CUST_00733,Krystal Keller,fernandothomas@example.net,United States,2025-05-29 04:28:39,Email Campaign,6,1054.79,175.8,2025-09-06 18:29:51,2026-02-23 02:31:34,6,Champions,false
CUST_00734,Eric Cross,lroberts@example.org,Germany,2025-09-01 15:39:06,Paid Ads,1,119.96,119.96,2025-09-20 07:07:07,2025-09-20 07:07:07,162,At Risk,true
CUST_00735,Toni Smith,alexander77@example.net,India,2025-11-17 18:08:03,Paid Ads,4,729.88,182.47,2025-12-19 09:58:31,2026-01-28 18:52:55,32,Loyal Customers,false
CUST_00736,Lisa Snyder,briannaalvarez@example.com,France,2025-11-15 17:59:21,Referral,2,624.93,312.46,2025-12-17 17:51:15,2025-12-21 09:47:36,70,Active / Recent,false
CUST_00738,Anthony Bailey,melissaestrada@example.net,France,2025-04-18 06:02:38,Paid Ads,5,732.87,146.57,2025-05-31 11:37:40,2025-12-07 02:34:13,84,Active / Recent,false
CUST_00740,Matthew Graves,tammycurry@example.com,United Kingdom,2025-10-20 16:31:22,Paid Ads,2,209.95,104.98,2025-12-06 21:55:16,2026-02-12 06:32:58,17,Active / Recent,false
CUST_00741,Anna Evans,priscilla16@example.net,France,2025-12-24 00:44:57,Social Media,3,704.90,234.97,2026-01-13 09:47:36,2026-02-21 08:20:19,8,Loyal Customers,false
CUST_00742,John Martinez,mark68@example.org,India,2025-10-03 04:23:17,Social Media,2,394.95,197.48,2025-11-19 16:55:27,2026-01-13 11:21:14,47,Active / Recent,false
CUST_00743,Lisa Rodriguez,webbhaley@example.net,Canada,2026-01-12 01:46:16,Paid Ads,2,229.93,114.97,2026-01-30 05:48:47,2026-02-13 23:55:43,16,Active / Recent,false
CUST_00744,Lee Stewart,sara99@example.com,France,2025-08-05 17:03:22,Social Media,2,439.93,219.97,2025-11-17 16:28:18,2025-12-28 20:01:37,63,Active / Recent,false
CUST_00745,Lynn Vasquez,nicolehall@example.com,United Kingdom,2025-06-24 15:49:31,Social Media,1,164.97,164.97,2025-10-21 07:44:45,2025-10-21 07:44:45,131,At Risk,true
CUST_00747,Mrs. Felicia Castro DDS,davidsonhannah@example.com,Germany,2025-09-04 06:04:04,Social Media,5,1619.80,323.96,2025-10-06 01:55:52,2026-01-10 17:29:53,50,Loyal Customers,false
CUST_00748,Elizabeth Hunter,katie15@example.com,United Kingdom,2025-08-01 09:37:04,Organic Search,5,1064.88,212.98,2025-09-03 23:05:19,2026-02-27 22:37:20,2,Champions,false
CUST_00749,Keith Choi,jamesbass@example.net,Germany,2025-10-22 22:00:45,Social Media,2,244.97,122.49,2025-11-16 20:18:53,2025-12-16 05:27:41,75,Active / Recent,false
CUST_00751,Julia Olsen,conleykevin@example.net,India,2025-08-12 09:49:05,Organic Search,1,79.96,79.96,2025-09-29 09:20:01,2025-09-29 09:20:01,153,At Risk,true
CUST_00753,Andre Terrell,ashleyprice@example.net,Canada,2026-01-08 02:41:05,Paid Ads,3,685.86,228.62,2026-01-09 23:27:08,2026-02-16 10:55:06,13,Loyal Customers,false
CUST_00754,Richard Parker,jennifer46@example.org,France,2025-07-30 14:16:48,Social Media,1,324.99,324.99,2025-11-03 10:32:47,2025-11-03 10:32:47,118,At Risk,false
CUST_00755,David Hayes DVM,aliciathompson@example.com,United States,2025-04-17 14:57:12,Referral,1,64.97,64.97,2026-02-25 07:49:36,2026-02-25 07:49:36,4,Active / Recent,false
CUST_00758,Briana Wiggins,jamiejohnson@example.com,United States,2025-02-10 18:30:18,Email Campaign,2,604.88,302.44,2025-03-03 22:50:10,2025-04-23 07:53:47,312,Lost / Churned,true
CUST_00759,Kelly Smith,mcdanielbrooke@example.org,India,2025-09-14 13:07:09,Email Campaign,4,965.88,241.47,2026-01-05 01:03:57,2026-02-19 17:07:13,10,Loyal Customers,false
CUST_00760,Stephen Garcia,andrew43@example.com,India,2025-03-20 02:17:34,Paid Ads,3,484.90,161.63,2025-05-24 14:54:25,2026-02-02 19:56:17,27,Loyal Customers,false
CUST_00761,Dustin Patel,rlambert@example.org,France,2025-01-05 00:35:20,Paid Ads,5,1318.78,263.76,2025-03-24 11:16:44,2026-01-13 04:48:13,47,Loyal Customers,false
CUST_00762,Brian Mullen,clarkmichael@example.com,India,2025-11-13 01:18:16,Email Campaign,3,409.91,136.64,2025-11-17 14:30:18,2026-01-16 08:52:16,44,Loyal Customers,false
CUST_00763,Tony Brock,georgecollins@example.com,India,2026-01-06 20:17:07,Paid Ads,3,192.91,64.3,2026-01-07 04:21:17,2026-02-13 16:31:33,16,Loyal Customers,false
CUST_00764,Amber Johnson,rodriguezbrian@example.com,United Kingdom,2025-08-12 02:38:08,Social Media,1,55.97,55.97,2026-01-25 19:41:35,2026-01-25 19:41:35,35,Active / Recent,false
CUST_00765,Michael Vance,tjensen@example.com,Australia,2025-02-15 22:52:13,Organic Search,2,864.90,432.45,2025-08-23 16:26:33,2026-02-17 12:36:35,12,Active / Recent,false
CUST_00766,Michelle Lambert,beltrankatelyn@example.com,France,2025-06-30 08:53:53,Organic Search,1,960.89,960.89,2025-07-10 09:17:52,2025-07-10 09:17:52,234,Lost / Churned,true
CUST_00767,Anna Lang,tdavis@example.net,Germany,2025-05-16 23:26:38,Paid Ads,3,939.91,313.3,2025-06-05 14:07:00,2026-01-06 21:14:53,54,Loyal Customers,false
CUST_00768,Pamela Ruiz,douglashuang@example.com,Australia,2025-01-29 05:25:25,Email Campaign,5,1124.80,224.96,2025-08-22 12:12:41,2026-02-28 08:58:58,1,Champions,false
CUST_00769,Jenna Lyons,kristina57@example.com,Canada,2026-01-20 18:37:30,Social Media,3,889.87,296.62,2026-01-27 22:05:26,2026-02-14 11:58:38,15,Loyal Customers,false
CUST_00770,John Bell,ssingleton@example.com,United States,2025-01-30 02:25:12,Social Media,3,1279.85,426.62,2025-08-11 03:29:50,2026-02-16 08:37:48,13,Loyal Customers,false
CUST_00771,Bethany Garcia,nguyendebra@example.com,United Kingdom,2025-03-25 08:13:47,Social Media,1,119.96,119.96,2025-05-09 23:33:43,2025-05-09 23:33:43,296,Lost / Churned,true
CUST_00772,Jennifer Gutierrez,amydickson@example.com,India,2025-12-19 21:40:50,Referral,3,734.88,244.96,2026-02-01 07:46:14,2026-02-16 21:10:01,13,Loyal Customers,false
CUST_00773,Daniel Benson,bmueller@example.net,Canada,2026-01-19 15:11:41,Referral,2,234.94,117.47,2026-02-06 02:59:39,2026-02-08 18:42:53,21,Active / Recent,false
CUST_00774,Kimberly Young,stevensonjennifer@example.com,United Kingdom,2025-12-30 12:32:22,Paid Ads,3,744.90,248.3,2026-01-03 08:17:51,2026-02-19 15:30:08,10,Loyal Customers,false
CUST_00775,Kyle Nguyen,shortgregory@example.com,United Kingdom,2025-03-29 11:53:16,Paid Ads,2,529.91,264.96,2025-09-13 00:43:24,2026-01-19 01:47:06,41,Active / Recent,false
CUST_00776,Brian Cervantes,pmurphy@example.net,India,2025-12-23 10:47:08,Social Media,1,234.96,234.96,2025-12-24 18:31:58,2025-12-24 18:31:58,67,Active / Recent,false
CUST_00777,Daniel Taylor,shermandonna@example.com,United States,2025-05-25 15:00:08,Social Media,3,965.80,321.93,2025-08-23 23:36:11,2025-12-18 22:09:34,73,Active / Recent,false
CUST_00778,Jean Lane,jamierich@example.com,France,2025-08-18 03:39:02,Paid Ads,2,594.92,297.46,2026-01-12 09:15:53,2026-02-17 00:38:36,12,Active / Recent,false
CUST_00779,Susan Torres,wrobbins@example.org,France,2025-05-17 07:27:44,Email Campaign,1,384.97,384.97,2025-07-01 20:44:41,2025-07-01 20:44:41,243,Lost / Churned,true
CUST_00780,Lisa Dixon,melissabrown@example.net,France,2025-11-29 04:57:59,Social Media,4,930.83,232.71,2025-11-30 06:05:10,2026-01-22 00:22:09,38,Loyal Customers,false
CUST_00781,April Castro,daniel40@example.org,Germany,2025-03-09 08:54:33,Organic Search,3,969.89,323.3,2025-07-15 14:19:43,2025-09-21 20:12:26,161,At Risk,true
CUST_00782,Kevin Garrett,bsullivan@example.net,Canada,2025-05-24 12:34:16,Email Campaign,2,444.97,222.49,2025-08-15 04:53:44,2026-01-29 19:34:47,31,Active / Recent,false
CUST_00783,Christopher Taylor,xbridges@example.com,Canada,2025-09-09 08:22:20,Organic Search,4,999.83,249.96,2025-10-10 02:44:00,2026-02-18 01:10:03,11,Loyal Customers,false
CUST_00784,Zachary Santiago,alexanderwong@example.org,Germany,2025-07-22 13:23:23,Paid Ads,2,689.91,344.96,2025-07-27 00:51:12,2025-10-14 10:09:49,138,At Risk,true
CUST_00785,Katelyn Kim,christophermay@example.com,Australia,2025-12-13 23:45:13,Social Media,1,454.96,454.96,2026-02-15 02:43:44,2026-02-15 02:43:44,14,Active / Recent,false
CUST_00786,Stephanie Dominguez,dhanson@example.net,United Kingdom,2025-09-14 00:39:39,Referral,1,149.97,149.97,2026-01-24 14:52:23,2026-01-24 14:52:23,36,Active / Recent,false
CUST_00787,Robert Cruz,jacobjacobs@example.net,United Kingdom,2025-01-09 21:10:39,Social Media,2,97.95,48.98,2025-06-13 20:15:04,2025-07-11 12:49:57,233,Lost / Churned,true
CUST_00788,Dr. Michael Adams DVM,arthur09@example.com,United States,2025-07-03 12:59:57,Organic Search,1,750.92,750.92,2026-02-08 17:24:02,2026-02-08 17:24:02,21,Active / Recent,false
CUST_00789,Ashley Olson,thomasjessica@example.com,United Kingdom,2025-12-28 11:35:29,Paid Ads,1,84.98,84.98,2026-01-22 13:30:33,2026-01-22 13:30:33,38,Active / Recent,false
CUST_00790,Blake Wu,sanchezcrystal@example.net,India,2025-11-11 21:30:48,Referral,2,834.89,417.45,2025-11-17 14:19:24,2026-01-04 09:01:16,56,Active / Recent,false
CUST_00791,Angela Schultz,chloe58@example.org,India,2025-08-30 13:02:56,Organic Search,2,669.89,334.95,2025-09-26 15:30:39,2025-12-15 03:06:43,76,Active / Recent,false
CUST_00792,Jose Harrison,robert44@example.org,United Kingdom,2025-08-18 03:53:58,Referral,1,59.98,59.98,2025-10-14 18:00:16,2025-10-14 18:00:16,138,At Risk,true
CUST_00793,Thomas Curry,bryan79@example.org,Canada,2025-06-21 12:55:41,Paid Ads,1,24.98,24.98,2025-08-11 04:06:45,2025-08-11 04:06:45,202,Lost / Churned,true
CUST_00794,Mary Carter,mitchellchristopher@example.net,Canada,2026-01-07 09:57:24,Email Campaign,2,784.88,392.44,2026-01-29 07:23:33,2026-02-23 10:35:06,6,Active / Recent,false
CUST_00795,Richard King,joshua40@example.net,Germany,2025-10-18 04:52:18,Referral,1,229.97,229.97,2026-01-26 04:26:23,2026-01-26 04:26:23,34,Active / Recent,false
CUST_00798,Samantha Monroe,ptownsend@example.net,France,2025-03-05 14:10:23,Email Campaign,2,359.90,179.95,2025-11-28 17:52:35,2026-01-28 09:08:36,32,Active / Recent,false
CUST_00799,Mark Clark,brian41@example.org,United States,2025-10-09 00:09:31,Referral,1,263.95,263.95,2025-10-09 01:39:38,2025-10-09 01:39:38,143,At Risk,true
CUST_00800,James Turner,noahthornton@example.com,United States,2025-03-29 03:43:24,Referral,2,1124.86,562.43,2026-02-07 14:40:52,2026-02-20 22:01:11,9,Active / Recent,false
CUST_00802,Joseph Blanchard,hardindana@example.com,Canada,2025-04-27 09:27:03,Social Media,1,619.94,619.94,2026-02-04 17:52:08,2026-02-04 17:52:08,25,Active / Recent,false
CUST_00803,Marissa Nelson,joseph14@example.net,United States,2025-12-10 04:30:17,Paid Ads,3,1664.81,554.94,2025-12-14 19:53:05,2026-02-01 06:28:08,28,Loyal Customers,false
CUST_00804,Julia Leonard,jessicachapman@example.org,United States,2026-01-15 16:24:49,Referral,1,924.97,924.97,2026-01-30 00:16:38,2026-01-30 00:16:38,30,Active / Recent,false
CUST_00806,Joseph Jennings,jeffrey44@example.org,Canada,2025-12-19 04:35:26,Referral,6,1424.75,237.46,2025-12-25 12:53:17,2026-02-06 18:13:54,23,Champions,false
CUST_00807,Manuel Brown,stephanielittle@example.net,Germany,2025-11-19 16:04:31,Referral,3,1974.76,658.25,2025-12-22 01:41:36,2026-02-20 23:36:42,9,Loyal Customers,false
CUST_00808,Angelica Jacobs,pdouglas@example.net,France,2025-02-14 20:17:29,Email Campaign,3,419.86,139.95,2025-05-05 17:41:53,2026-01-25 06:16:20,35,Loyal Customers,false
CUST_00809,Cathy Rodriguez,jonowens@example.org,India,2025-08-28 08:41:49,Organic Search,2,194.93,97.47,2025-09-12 09:20:44,2025-10-18 23:46:06,134,At Risk,true
CUST_00810,Tammy Hill,qschwartz@example.com,United Kingdom,2025-11-04 13:01:08,Organic Search,1,399.95,399.95,2026-01-26 17:40:36,2026-01-26 17:40:36,34,Active / Recent,false
CUST_00811,Richard Ramirez,reyesmarvin@example.org,France,2025-06-19 05:58:29,Organic Search,6,1619.80,269.97,2025-06-20 04:46:45,2025-11-13 15:41:50,108,At Risk,false
CUST_00812,Robert Thompson,vasquezsarah@example.net,Germany,2025-02-05 04:15:47,Social Media,4,1829.80,457.45,2025-02-12 11:25:13,2025-10-02 04:46:56,150,At Risk,true
CUST_00813,Matthew Rodriguez,probinson@example.org,France,2025-02-19 12:34:15,Organic Search,2,275.95,137.98,2025-04-16 12:10:29,2025-07-11 00:09:38,233,Lost / Churned,true
CUST_00815,Jonathan Delgado,fitzpatrickelizabeth@example.com,Germany,2025-08-11 23:45:31,Paid Ads,3,129.94,43.31,2025-10-15 19:36:09,2025-10-17 16:29:47,135,At Risk,true
CUST_00818,Karen Bradley,mathew46@example.org,Germany,2025-10-21 05:02:31,Organic Search,2,564.90,282.45,2025-11-05 00:56:58,2026-01-28 22:07:37,32,Active / Recent,false
CUST_00819,Tina Davis,christopher74@example.net,India,2025-04-14 07:06:34,Social Media,4,1589.86,397.47,2025-08-01 17:39:03,2026-01-14 10:01:44,46,Loyal Customers,false
CUST_00821,Heather Miller,imoss@example.org,France,2025-11-02 07:08:38,Paid Ads,4,709.83,177.46,2025-11-24 13:57:25,2026-01-06 06:07:55,54,Loyal Customers,false
CUST_00822,Nathan Watkins,yprice@example.net,Australia,2025-06-22 23:14:47,Organic Search,1,379.95,379.95,2025-09-03 09:26:29,2025-09-03 09:26:29,179,At Risk,true
CUST_00824,George Le,zwilson@example.net,France,2025-11-26 10:19:10,Email Campaign,1,432.94,432.94,2026-01-15 12:09:36,2026-01-15 12:09:36,45,Active / Recent,false
CUST_00825,Judy Gregory,joycehall@example.org,Canada,2025-06-28 09:14:54,Email Campaign,3,730.86,243.62,2025-07-03 01:27:12,2025-12-22 21:31:53,69,Active / Recent,false
CUST_00826,Charles Valdez,nmeadows@example.org,Canada,2025-09-26 20:53:06,Social Media,1,259.99,259.99,2025-10-16 17:03:29,2025-10-16 17:03:29,136,At Risk,true
CUST_00827,Matthew Smith,conwaylori@example.org,India,2025-05-27 09:31:48,Organic Search,6,1919.69,319.95,2025-07-24 17:22:16,2026-01-23 03:11:59,37,Loyal Customers,false
CUST_00828,Christopher Garza,wilsonbrooke@example.net,Australia,2025-01-26 00:34:27,Email Campaign,4,1939.77,484.94,2025-04-18 18:19:10,2025-07-16 19:03:56,228,Lost / Churned,true
CUST_00829,Robert Simmons,rnguyen@example.net,Canada,2025-01-13 03:39:31,Paid Ads,1,484.93,484.93,2025-03-15 03:51:17,2025-03-15 03:51:17,351,Lost / Churned,true
CUST_00830,Erica Oconnell,kathrynwatkins@example.com,United States,2025-02-22 06:23:36,Referral,4,314.86,78.72,2025-05-02 23:05:08,2025-12-22 10:03:07,69,Active / Recent,false
CUST_00832,Kevin Anderson,bstrickland@example.com,Canada,2025-02-07 19:23:32,Organic Search,3,1079.87,359.96,2025-07-22 20:34:08,2026-01-22 18:11:18,38,Loyal Customers,false
CUST_00833,Adam Howe,robert72@example.org,Germany,2025-11-09 10:46:10,Paid Ads,1,654.94,654.94,2026-02-14 01:49:56,2026-02-14 01:49:56,15,Active / Recent,false
CUST_00834,Devin Cole,sharonbishop@example.org,Australia,2025-06-18 18:11:29,Organic Search,5,2089.80,417.96,2025-09-07 05:56:38,2026-02-05 09:05:33,24,Champions,false
CUST_00835,Michelle Salazar,burtonkimberly@example.com,France,2025-04-19 20:18:59,Social Media,3,724.90,241.63,2025-04-28 11:28:12,2026-02-08 08:07:24,21,Loyal Customers,false
CUST_00836,Justin Lee,montgomerymichelle@example.net,Australia,2025-07-01 21:05:13,Referral,2,469.96,234.98,2025-07-02 23:05:03,2025-09-03 05:42:12,179,At Risk,true
CUST_00837,Julie Sims,joshualee@example.org,France,2025-09-05 16:47:44,Referral,2,479.95,239.98,2025-11-07 18:46:28,2025-12-29 08:23:54,62,Active / Recent,false
CUST_00838,Tracy Wells,ernestlivingston@example.org,Canada,2025-09-07 01:37:51,Social Media,2,69.96,34.98,2026-02-08 04:19:03,2026-02-23 05:52:52,6,Active / Recent,false
CUST_00839,Dominique Hamilton,christina70@example.org,India,2025-04-22 06:34:04,Referral,4,1360.85,340.21,2025-05-03 06:41:26,2025-12-27 17:51:17,64,Active / Recent,false
CUST_00840,Tammy Thompson,washingtondarren@example.org,Germany,2025-06-21 16:32:07,Social Media,2,339.89,169.95,2025-08-06 16:57:23,2025-11-21 05:41:38,100,At Risk,false
CUST_00841,Leslie Nguyen,julievillanueva@example.org,United States,2025-08-02 17:14:27,Referral,1,144.96,144.96,2026-01-16 09:17:31,2026-01-16 09:17:31,44,Active / Recent,false
CUST_00842,Erika Garcia,ykane@example.org,India,2025-05-17 00:43:09,Email Campaign,2,794.89,397.45,2025-11-05 22:26:06,2025-12-06 11:40:02,85,Active / Recent,false
CUST_00843,Kevin Brown,nthomas@example.com,United States,2026-01-20 23:02:28,Social Media,1,174.94,174.94,2026-02-11 07:04:04,2026-02-11 07:04:04,18,Active / Recent,false
CUST_00844,James Ellis,crystalcantrell@example.org,Australia,2025-10-24 01:14:14,Referral,2,1365.89,682.95,2025-11-26 09:09:47,2026-02-26 11:04:37,3,Active / Recent,false
CUST_00845,Andrew Carroll,derek77@example.com,India,2025-09-05 13:38:27,Email Campaign,2,354.91,177.46,2025-11-19 23:16:06,2026-01-04 02:05:28,56,Active / Recent,false
CUST_00847,Laura Tran,christophervincent@example.com,Canada,2025-10-20 09:43:35,Referral,1,49.98,49.98,2026-01-24 16:56:04,2026-01-24 16:56:04,36,Active / Recent,false
CUST_00848,Cindy Wells,uramirez@example.com,Canada,2026-01-03 19:01:50,Paid Ads,2,784.85,392.43,2026-01-04 02:11:21,2026-02-28 10:42:14,1,Active / Recent,false
CUST_00849,Danielle Murphy,patriciavargas@example.org,Australia,2025-08-22 14:07:59,Paid Ads,3,539.92,179.97,2025-11-06 07:25:12,2026-02-15 04:51:07,14,Loyal Customers,false
CUST_00850,Stephanie Butler,williamsthomas@example.net,United States,2025-12-26 15:24:52,Referral,1,159.98,159.98,2026-01-30 10:46:19,2026-01-30 10:46:19,30,Active / Recent,false
CUST_00851,Joseph Mendoza,chavezjohn@example.net,Germany,2025-11-17 12:51:57,Referral,3,662.83,220.94,2025-12-10 21:34:06,2026-02-14 02:55:20,15,Loyal Customers,false
CUST_00852,Melissa Russell,davidphillips@example.net,Germany,2025-04-15 03:40:12,Paid Ads,3,1054.86,351.62,2025-12-09 02:47:32,2026-01-10 21:57:25,50,Loyal Customers,false
CUST_00853,Mrs. Maureen Martin DDS,braysteven@example.org,Canada,2025-07-18 01:27:48,Social Media,2,569.91,284.96,2025-08-08 04:48:51,2025-09-26 07:50:44,156,At Risk,true
CUST_00854,Jennifer Clarke,courtney01@example.com,Germany,2025-03-03 09:58:46,Social Media,1,124.95,124.95,2025-10-24 15:36:11,2025-10-24 15:36:11,128,At Risk,true
CUST_00855,Faith Johnson,smullins@example.net,France,2025-03-13 19:39:13,Paid Ads,3,674.90,224.97,2025-07-27 21:41:12,2025-10-09 01:21:34,143,At Risk,true
CUST_00856,Rebecca French,olivermatthew@example.org,United Kingdom,2025-02-10 00:42:44,Email Campaign,2,609.92,304.96,2025-12-15 12:06:51,2026-01-08 20:30:52,52,Active / Recent,false
CUST_00857,Susan Cox,rodriguezmichael@example.net,Australia,2025-01-31 17:13:11,Organic Search,1,274.95,274.95,2025-11-04 06:03:03,2025-11-04 06:03:03,117,At Risk,false
CUST_00858,Jacob Wong,castrokim@example.org,Australia,2025-05-27 03:37:04,Referral,3,925.91,308.64,2025-08-30 07:46:08,2026-01-11 22:27:33,49,Loyal Customers,false
CUST_00859,Mrs. Ashley Mendoza,karenhodges@example.com,Germany,2025-06-18 13:28:52,Paid Ads,2,939.96,469.98,2025-10-22 16:43:26,2025-11-20 11:35:15,101,At Risk,false
CUST_00860,Derek Frazier,brian55@example.com,United Kingdom,2025-09-16 14:54:16,Organic Search,3,489.92,163.31,2025-10-08 02:20:51,2026-01-04 15:38:04,56,Loyal Customers,false
CUST_00861,Mr. Bryan Mckinney,shannon51@example.org,Canada,2025-06-14 12:22:58,Organic Search,5,2534.75,506.95,2025-11-01 03:02:06,2026-02-25 03:15:10,4,Champions,false
CUST_00862,Judith Miller,keithfrye@example.org,Canada,2026-01-07 23:43:55,Referral,3,738.83,246.28,2026-01-08 08:28:19,2026-02-11 09:35:18,18,Loyal Customers,false
CUST_00863,Brian Hernandez,nancymeyer@example.net,Germany,2025-06-08 20:24:04,Paid Ads,3,634.89,211.63,2025-07-31 23:36:49,2025-12-01 21:18:04,90,Active / Recent,false
CUST_00865,Dorothy Brown,marystone@example.com,Germany,2025-10-23 16:02:57,Referral,5,1709.79,341.96,2025-12-05 04:26:31,2026-02-24 07:45:18,5,Champions,false
CUST_00866,Grant Lucas,todd88@example.com,United Kingdom,2025-10-07 01:05:00,Social Media,1,488.95,488.95,2026-01-22 13:08:56,2026-01-22 13:08:56,38,Active / Recent,false
CUST_00867,Keith Villanueva,george43@example.com,France,2025-10-07 08:15:41,Email Campaign,6,2789.72,464.95,2025-10-14 23:28:34,2026-02-24 02:36:16,5,Champions,false
CUST_00869,Caitlyn Nichols,teresafranco@example.net,Canada,2025-09-06 17:34:51,Social Media,4,2104.82,526.21,2025-10-15 22:27:28,2026-02-04 18:12:06,25,Loyal Customers,false
CUST_00870,Rebecca Martin,williamsleslie@example.org,Germany,2025-09-01 01:17:21,Organic Search,1,220.00,220.0,2026-02-21 01:23:31,2026-02-21 01:23:31,8,Active / Recent,false
CUST_00871,Jacob Harris,wadetiffany@example.org,India,2025-06-21 20:50:53,Paid Ads,1,479.93,479.93,2025-09-09 14:23:10,2025-09-09 14:23:10,173,At Risk,true
CUST_00872,Joshua Martin,david06@example.com,United Kingdom,2025-01-13 14:21:39,Referral,6,1789.78,298.3,2025-02-09 18:54:23,2026-01-20 01:29:38,40,Loyal Customers,false
CUST_00873,Theresa Reilly,adamrodgers@example.net,United Kingdom,2025-11-21 08:13:10,Paid Ads,4,698.87,174.72,2025-11-28 20:37:23,2026-02-08 16:31:33,21,Loyal Customers,false
CUST_00874,Michael Wells,tara92@example.net,United Kingdom,2025-06-02 09:16:47,Paid Ads,3,824.86,274.95,2025-07-04 13:45:43,2026-02-06 21:36:23,23,Loyal Customers,false
CUST_00875,Tammy Morgan,dennisrachel@example.org,France,2025-10-23 00:43:35,Paid Ads,4,1515.77,378.94,2025-10-27 12:23:07,2026-02-04 00:11:23,25,Loyal Customers,false
CUST_00876,Audrey Johnson,seandavis@example.org,France,2026-01-23 19:39:15,Social Media,2,179.96,89.98,2026-02-01 03:48:33,2026-02-13 00:54:04,16,Active / Recent,false
CUST_00877,Christie Fox,james18@example.com,Australia,2025-07-19 20:55:06,Email Campaign,3,1109.86,369.95,2025-09-09 10:38:00,2026-01-03 05:12:39,57,Loyal Customers,false
CUST_00878,Tina Daugherty,ulee@example.net,Germany,2026-01-17 01:21:52,Paid Ads,1,180.96,180.96,2026-02-13 07:01:00,2026-02-13 07:01:00,16,Active / Recent,false
CUST_00879,Terri Kerr,raymond65@example.com,Canada,2025-10-01 13:02:22,Paid Ads,5,1099.83,219.97,2025-10-28 03:13:39,2026-01-06 13:56:04,54,Loyal Customers,false
CUST_00880,Dustin Bell,fsawyer@example.org,Canada,2026-01-15 06:52:33,Referral,2,779.87,389.94,2026-01-20 11:02:37,2026-01-26 09:20:58,34,Active / Recent,false
CUST_00881,Jill Riddle,zroberts@example.net,France,2025-02-15 14:50:41,Organic Search,3,1284.86,428.29,2026-01-27 08:32:44,2026-02-21 14:05:44,8,Loyal Customers,false
CUST_00882,Jessica Mosley,maryharper@example.org,Australia,2025-02-27 17:37:09,Organic Search,1,129.97,129.97,2025-07-07 10:05:28,2025-07-07 10:05:28,237,Lost / Churned,true
CUST_00883,John Dillon,carl96@example.org,Germany,2025-01-05 23:00:11,Paid Ads,3,663.86,221.29,2025-07-30 17:07:02,2025-12-10 08:42:46,81,Active / Recent,false
CUST_00884,Mark Nelson,angelapage@example.org,United States,2025-06-29 18:13:52,Paid Ads,2,329.88,164.94,2025-07-10 11:40:47,2025-12-17 20:38:14,74,Active / Recent,false
CUST_00885,Ronnie Roberts,twilliams@example.net,Canada,2025-01-08 02:24:33,Referral,1,269.97,269.97,2025-11-29 08:41:33,2025-11-29 08:41:33,92,At Risk,false
CUST_00886,Justin Ford,moodyeric@example.com,United Kingdom,2025-12-21 04:38:10,Organic Search,2,464.94,232.47,2026-02-09 21:47:16,2026-02-26 18:50:38,3,Active / Recent,false
CUST_00887,Sandra Kennedy,robert73@example.org,India,2026-01-11 07:34:41,Email Campaign,2,734.89,367.45,2026-02-10 21:55:43,2026-02-28 03:37:57,1,Active / Recent,false
CUST_00888,Donald Gamble,georgemichael@example.com,United States,2025-01-13 05:15:41,Referral,3,627.93,209.31,2025-02-15 02:08:54,2026-02-16 23:39:55,13,Loyal Customers,false
CUST_00889,Sheena Burton,hmccann@example.com,United States,2025-11-16 11:54:20,Organic Search,2,429.95,214.98,2026-01-02 19:19:53,2026-01-19 13:47:34,41,Active / Recent,false
CUST_00891,Brandy Martin,michael50@example.com,France,2025-01-14 07:33:40,Email Campaign,2,59.98,29.99,2025-07-21 21:05:38,2025-08-14 11:09:29,199,Lost / Churned,true
CUST_00892,Mark Jones,katiewhite@example.org,United States,2025-05-20 05:46:34,Organic Search,3,539.87,179.96,2026-01-15 00:55:36,2026-02-15 10:28:51,14,Loyal Customers,false
CUST_00893,Carol Morris,margaret44@example.net,Canada,2025-04-26 15:39:01,Paid Ads,2,1192.92,596.46,2025-08-28 21:20:39,2026-02-03 16:33:37,26,Active / Recent,false
CUST_00894,Heidi Ferguson,madeline02@example.net,Australia,2025-07-16 01:24:58,Social Media,3,300.91,100.3,2025-08-07 06:11:02,2025-11-29 19:38:07,92,At Risk,false
CUST_00895,Richard Jenkins,curtismoore@example.org,Australia,2025-07-27 15:17:39,Email Campaign,2,539.94,269.97,2026-01-07 12:08:52,2026-01-18 22:50:31,42,Active / Recent,false
CUST_00896,Rebecca Hansen,butlersabrina@example.org,United Kingdom,2025-03-03 09:01:31,Email Campaign,3,604.91,201.64,2025-03-18 16:40:29,2026-01-20 01:46:28,40,Loyal Customers,false
CUST_00897,Tammy Mendoza,hannah27@example.net,France,2025-12-23 12:20:17,Paid Ads,2,1464.83,732.42,2025-12-24 11:26:11,2026-01-29 12:44:21,31,Active / Recent,false
CUST_00899,Brenda Perez,jasonzavala@example.com,United States,2025-01-25 14:38:31,Email Campaign,2,344.91,172.46,2025-08-26 22:38:19,2025-12-10 18:11:14,81,Active / Recent,false
CUST_00901,Ricky Palmer,harrisonrebekah@example.org,United States,2026-01-05 17:22:41,Organic Search,4,884.84,221.21,2026-01-08 12:49:55,2026-02-27 07:09:39,2,Loyal Customers,false
CUST_00902,Michael Webster,morajamie@example.org,United States,2025-05-14 02:49:17,Email Campaign,2,189.99,95.0,2025-07-20 18:29:05,2025-10-09 01:13:29,143,At Risk,true
CUST_00903,Gregory Davis,stacy55@example.org,India,2025-12-04 00:39:43,Social Media,6,1429.79,238.3,2025-12-29 11:20:44,2026-02-04 09:41:20,25,Champions,false
CUST_00904,Phyllis Austin,garciabelinda@example.org,France,2025-03-16 01:40:24,Organic Search,6,1079.75,179.96,2025-08-02 05:52:35,2026-01-26 03:17:13,34,Loyal Customers,false
CUST_00905,Michelle Brandt,rachelmedina@example.net,Canada,2025-06-28 11:09:28,Referral,2,269.97,134.99,2025-07-10 18:41:23,2025-09-03 06:57:06,179,At Risk,true
CUST_00906,Daniel Gordon,lrichardson@example.org,United Kingdom,2026-01-05 07:58:04,Organic Search,1,124.96,124.96,2026-01-18 22:59:09,2026-01-18 22:59:09,42,Active / Recent,false
CUST_00907,Tyler White,tina63@example.net,India,2025-02-27 17:56:53,Social Media,3,519.92,173.31,2025-07-09 16:53:45,2025-08-07 09:12:07,206,Lost / Churned,true
CUST_00908,Brian Rollins,owensapril@example.com,Canada,2025-01-26 13:20:01,Social Media,3,774.89,258.3,2025-03-04 02:07:35,2025-09-23 12:30:34,159,At Risk,true
CUST_00909,Michele Hawkins,millertristan@example.com,Canada,2025-01-13 03:53:16,Referral,3,949.88,316.63,2025-04-05 18:41:05,2025-12-02 00:19:05,89,Active / Recent,false
CUST_00910,Kyle Collins,aperez@example.com,Australia,2025-04-22 23:55:31,Email Campaign,5,1435.82,287.16,2025-06-12 12:12:11,2026-02-05 09:52:55,24,Champions,false
CUST_00911,Mrs. Shannon Jacobson,xcrosby@example.org,United Kingdom,2025-03-01 18:13:07,Paid Ads,2,479.88,239.94,2025-05-31 11:15:29,2025-08-16 15:13:45,197,Lost / Churned,true
CUST_00912,Michael Powers,qkim@example.net,France,2025-07-06 18:43:35,Email Campaign,1,269.95,269.95,2025-07-23 09:14:19,2025-07-23 09:14:19,221,Lost / Churned,true
CUST_00913,Charles Morales,figueroapatricia@example.org,Germany,2025-09-15 15:53:32,Paid Ads,2,129.96,64.98,2025-10-28 12:15:18,2025-12-31 02:17:26,60,Active / Recent,false
CUST_00914,William Morgan,bmartinez@example.net,France,2025-03-02 21:59:53,Social Media,3,474.87,158.29,2025-05-23 09:54:05,2025-10-28 19:49:59,124,At Risk,true
CUST_00915,Dr. Ralph Wheeler DDS,qkelly@example.net,United States,2025-02-11 16:58:26,Email Campaign,1,178.93,178.93,2025-02-13 17:46:46,2025-02-13 17:46:46,381,Lost / Churned,true
CUST_00916,Victoria Dixon,katrinarodriguez@example.com,Australia,2025-06-30 07:28:40,Organic Search,4,979.79,244.95,2025-07-12 14:26:26,2026-01-23 15:48:45,37,Loyal Customers,false
CUST_00917,David Dunlap Jr.,greertyrone@example.org,France,2025-09-22 13:06:32,Referral,4,1734.81,433.7,2025-11-19 19:41:07,2026-02-25 08:44:00,4,Loyal Customers,false
CUST_00918,Janet Shelton,kevinhanson@example.org,Australia,2025-11-05 03:04:50,Social Media,1,109.94,109.94,2025-11-15 06:17:59,2025-11-15 06:17:59,106,At Risk,false
CUST_00919,Kelly Vasquez,qharris@example.com,India,2025-01-24 00:15:44,Social Media,3,224.94,74.98,2025-04-12 01:04:03,2026-02-22 18:19:00,7,Loyal Customers,false
CUST_00920,Dennis Cooper PhD,cisnerosanthony@example.com,Germany,2025-12-16 22:51:51,Paid Ads,1,309.97,309.97,2025-12-20 12:22:56,2025-12-20 12:22:56,71,Active / Recent,false
CUST_00921,Barbara Cole,cramos@example.org,France,2025-10-04 08:48:05,Email Campaign,2,317.91,158.96,2025-10-12 00:49:52,2025-12-01 17:35:00,90,Active / Recent,false
CUST_00922,Matthew Chan,travistaylor@example.net,Canada,2025-12-02 10:13:45,Referral,4,1364.82,341.21,2025-12-25 05:08:00,2026-01-26 08:06:48,34,Loyal Customers,false
CUST_00923,Phillip Carroll,rkeller@example.net,United States,2025-10-23 05:04:08,Referral,1,39.98,39.98,2026-02-06 08:13:10,2026-02-06 08:13:10,23,Active / Recent,false
CUST_00924,Karen Dickerson,myerstroy@example.com,Australia,2025-08-18 10:16:21,Paid Ads,5,1334.86,266.97,2025-09-14 20:18:14,2026-02-20 10:56:25,9,Champions,false
CUST_00925,Heather Levine,bryan90@example.org,United States,2025-02-27 02:15:50,Social Media,2,379.93,189.97,2025-06-23 18:16:31,2025-11-16 10:20:32,105,At Risk,false
CUST_00927,Gregory Howard,brian33@example.org,United Kingdom,2025-10-30 15:04:48,Social Media,3,937.91,312.64,2025-11-29 10:22:15,2026-01-25 08:27:58,35,Loyal Customers,false
CUST_00928,Leslie Lozano,meltondanny@example.org,United States,2025-03-24 18:15:11,Organic Search,2,539.94,269.97,2025-08-25 04:47:06,2025-12-02 23:06:36,89,Active / Recent,false
CUST_00929,Gabriel Murray,abradley@example.com,Germany,2025-08-28 10:31:18,Social Media,2,1049.90,524.95,2025-10-21 12:02:14,2026-02-24 20:04:12,5,Active / Recent,false
CUST_00930,John Johnson,nicholas65@example.net,United States,2025-07-29 12:48:39,Paid Ads,4,1924.77,481.19,2025-08-04 10:19:49,2026-02-05 20:54:52,24,Loyal Customers,false
CUST_00931,John Vazquez,matthewshaw@example.net,Canada,2025-03-09 19:20:18,Email Campaign,1,129.96,129.96,2025-05-21 11:42:47,2025-05-21 11:42:47,284,Lost / Churned,true
CUST_00932,Lucas Cox,oharris@example.org,France,2025-12-15 15:03:09,Referral,2,714.93,357.47,2025-12-25 15:23:15,2026-01-05 16:51:47,55,Active / Recent,false
CUST_00933,Kimberly Mitchell,evansashley@example.org,United States,2025-11-13 22:29:41,Organic Search,2,684.95,342.48,2025-11-26 15:44:52,2026-02-17 06:31:39,12,Active / Recent,false
CUST_00934,Tina Robbins,vargasjoshua@example.net,United Kingdom,2025-03-11 14:36:58,Referral,2,210.95,105.48,2025-04-06 04:13:46,2025-07-28 10:09:53,216,Lost / Churned,true
CUST_00935,Karen Clark,pearsonkevin@example.com,France,2025-03-14 06:50:36,Referral,1,479.90,479.9,2025-10-17 08:15:13,2025-10-17 08:15:13,135,At Risk,true
CUST_00938,Debra Little,umichael@example.net,Australia,2025-10-29 05:06:27,Organic Search,1,14.98,14.98,2026-02-06 00:36:16,2026-02-06 00:36:16,23,Active / Recent,false
CUST_00939,Curtis Ford,edwardjennings@example.com,France,2025-07-08 13:02:54,Referral,4,1729.82,432.46,2025-08-28 18:21:19,2025-12-17 07:37:43,74,Active / Recent,false
CUST_00940,Jennifer Dalton,waltersmeghan@example.com,India,2025-05-12 17:15:17,Email Campaign,2,389.90,194.95,2025-05-19 05:34:04,2025-10-15 19:08:42,137,At Risk,true
CUST_00941,Maria Scott,richardwilson@example.org,Canada,2025-05-12 15:44:29,Social Media,3,849.90,283.3,2025-06-04 16:19:33,2026-01-28 13:26:42,32,Loyal Customers,false
CUST_00943,Amanda Moore,anthonyclarke@example.com,United States,2025-04-24 08:25:20,Paid Ads,2,194.93,97.47,2025-09-01 15:39:09,2025-11-02 22:00:18,119,At Risk,false
CUST_00944,Casey Phelps,dcasey@example.org,United Kingdom,2025-12-04 14:57:10,Email Campaign,2,409.91,204.96,2025-12-27 22:10:32,2026-02-17 11:17:00,12,Active / Recent,false
CUST_00945,Edward Brown,qmosley@example.net,Germany,2025-08-21 19:47:13,Organic Search,4,749.89,187.47,2025-10-08 17:02:22,2026-02-14 20:08:59,15,Loyal Customers,false
CUST_00946,Jennifer Larsen,joelduncan@example.net,United Kingdom,2025-10-08 11:51:22,Paid Ads,4,1035.87,258.97,2025-10-17 18:07:53,2026-02-22 20:49:08,7,Loyal Customers,false
CUST_00947,Kelly Calderon,tyler13@example.net,France,2026-01-21 02:25:38,Referral,3,413.89,137.96,2026-01-29 17:22:38,2026-02-28 01:41:46,1,Loyal Customers,false
CUST_00948,Robert Murphy,vshaffer@example.org,Germany,2025-06-01 21:16:59,Organic Search,2,223.91,111.96,2025-10-07 19:18:19,2025-12-27 16:13:35,64,Active / Recent,false
CUST_00949,Claudia Rodriguez,taragonzales@example.com,United Kingdom,2025-04-16 05:42:28,Organic Search,3,629.88,209.96,2025-07-11 17:08:57,2026-02-27 11:53:32,2,Loyal Customers,false
CUST_00950,Amy Ferguson,stewartrodney@example.net,United Kingdom,2025-11-04 08:13:59,Referral,1,39.98,39.98,2025-11-17 12:38:42,2025-11-17 12:38:42,104,At Risk,false
CUST_00951,Donald Mueller,michaelbaldwin@example.com,Australia,2025-10-23 01:39:43,Social Media,4,594.91,148.73,2025-11-15 20:08:09,2026-02-18 09:49:41,11,Loyal Customers,false
CUST_00952,Walter Obrien,vazquezkristina@example.org,United Kingdom,2025-12-08 22:21:00,Email Campaign,1,100.00,100.0,2026-02-06 03:10:12,2026-02-06 03:10:12,23,Active / Recent,false
CUST_00953,James Fowler,rebecca18@example.org,United Kingdom,2025-04-16 17:32:38,Social Media,2,514.90,257.45,2025-06-26 20:05:32,2025-10-03 02:27:53,149,At Risk,true
CUST_00954,Jasmine Browning,qpennington@example.com,Germany,2025-06-06 00:08:35,Social Media,1,32.98,32.98,2025-08-31 07:34:50,2025-08-31 07:34:50,182,Lost / Churned,true
CUST_00955,Rodney Young,michelemartin@example.com,Germany,2025-05-18 23:23:55,Social Media,4,889.92,222.48,2025-07-31 05:38:39,2025-10-25 16:48:10,127,At Risk,true
CUST_00956,Sherry Wang,rmccormick@example.org,India,2025-08-15 08:59:14,Email Campaign,5,1969.82,393.96,2025-08-19 12:46:33,2025-12-30 04:53:08,61,Active / Recent,false
CUST_00957,Teresa Ruiz,vhouse@example.net,United Kingdom,2025-07-08 07:06:59,Email Campaign,3,1619.89,539.96,2025-07-28 16:22:04,2025-10-23 00:10:26,129,At Risk,true
CUST_00958,Thomas Garcia,hollyhunter@example.com,Australia,2025-08-06 17:10:24,Email Campaign,2,879.90,439.95,2025-09-15 17:00:18,2025-12-24 02:32:04,67,Active / Recent,false
CUST_00959,Nicholas Kelley,shawn00@example.net,United States,2025-10-11 12:22:58,Referral,1,339.99,339.99,2025-11-21 08:09:35,2025-11-21 08:09:35,100,At Risk,false
CUST_00960,Lorraine Gibbs,aarongonzalez@example.com,France,2025-06-05 04:32:34,Referral,2,459.87,229.94,2025-06-07 16:40:06,2026-01-29 02:28:49,31,Active / Recent,false
CUST_00961,Bradley Moore,melaniejennings@example.com,India,2025-05-20 18:05:10,Referral,3,579.89,193.3,2025-06-09 02:04:44,2025-11-23 23:48:08,98,At Risk,false
CUST_00962,Shane Anderson,graceserrano@example.com,India,2025-01-21 21:45:09,Email Campaign,5,2045.78,409.16,2025-03-24 16:36:50,2026-02-12 11:41:48,17,Champions,false
CUST_00963,Jason White,kduffy@example.org,Germany,2025-06-12 20:07:45,Social Media,2,149.93,74.97,2025-06-22 15:33:50,2025-07-31 23:56:33,213,Lost / Churned,true
CUST_00964,Alexander Hansen,rebeccamccann@example.org,Australia,2025-02-23 17:12:39,Email Campaign,3,574.88,191.63,2025-10-06 00:55:02,2026-02-14 04:06:36,15,Loyal Customers,false
CUST_00965,Samuel Williams,jburke@example.org,Canada,2026-01-23 19:41:11,Social Media,1,424.93,424.93,2026-02-12 19:15:21,2026-02-12 19:15:21,17,Active / Recent,false
CUST_00966,Carolyn Bradley,higginsryan@example.com,United Kingdom,2025-07-07 23:36:05,Paid Ads,4,1390.84,347.71,2025-08-10 18:16:17,2026-01-25 19:08:51,35,Loyal Customers,false
CUST_00967,Kathleen Walker,jamesatkins@example.com,Australia,2025-11-25 15:40:36,Email Campaign,1,144.97,144.97,2026-01-25 11:09:10,2026-01-25 11:09:10,35,Active / Recent,false
CUST_00968,Johnny Anderson,carolcarney@example.com,Germany,2025-02-27 10:48:36,Referral,3,169.92,56.64,2025-03-02 16:29:24,2026-01-08 01:59:23,52,Loyal Customers,false
CUST_00969,Chelsey White,anthonycherry@example.org,France,2026-01-08 05:34:56,Email Campaign,2,584.93,292.46,2026-01-14 15:53:30,2026-01-17 06:09:57,43,Active / Recent,false
CUST_00970,Susan Wood,emiller@example.org,Australia,2026-01-29 11:56:38,Email Campaign,4,717.77,179.44,2026-02-11 16:22:13,2026-02-25 03:53:44,4,Loyal Customers,false
CUST_00971,Valerie Sanders,jennifererickson@example.net,Australia,2025-01-29 13:21:08,Social Media,1,34.98,34.98,2025-04-29 17:25:05,2025-04-29 17:25:05,306,Lost / Churned,true
CUST_00972,Angel Hawkins,cookjimmy@example.com,United States,2025-03-08 00:10:41,Paid Ads,3,2509.78,836.59,2025-03-29 07:04:56,2025-11-24 10:21:32,97,At Risk,false
CUST_00973,Teresa Coffey DDS,smithwilliam@example.com,Canada,2025-10-03 17:50:38,Referral,2,759.90,379.95,2025-11-08 19:17:37,2026-01-10 16:30:22,50,Active / Recent,false
CUST_00974,James Wood,carpenterjorge@example.net,France,2025-02-04 09:45:00,Email Campaign,3,1074.87,358.29,2025-03-20 10:24:25,2025-09-17 12:54:48,165,At Risk,true
CUST_00975,Gerald Mcdonald Jr.,hthomas@example.com,Australia,2025-09-15 13:24:37,Email Campaign,1,134.95,134.95,2025-11-01 01:10:01,2025-11-01 01:10:01,120,At Risk,false
CUST_00976,Carl Savage,julie64@example.com,United States,2025-03-24 06:56:58,Organic Search,2,1239.88,619.94,2025-05-31 10:48:14,2025-09-13 08:53:15,169,At Risk,true
CUST_00978,Pamela Hernandez DVM,jbrown@example.org,Germany,2025-06-21 16:19:48,Social Media,1,149.98,149.98,2025-08-22 23:19:37,2025-08-22 23:19:37,191,Lost / Churned,true
CUST_00979,Andrew Green,fgraham@example.org,Germany,2025-10-31 19:16:09,Referral,1,389.98,389.98,2026-01-09 14:29:41,2026-01-09 14:29:41,51,Active / Recent,false
CUST_00980,William Hoffman,uvasquez@example.org,Canada,2026-01-24 17:21:30,Social Media,1,509.93,509.93,2026-02-17 05:06:14,2026-02-17 05:06:14,12,Active / Recent,false
CUST_00981,Brandon Oneill,marybrady@example.com,Germany,2025-01-20 01:52:51,Organic Search,3,1089.81,363.27,2025-06-16 04:28:32,2026-02-09 11:15:43,20,Loyal Customers,false
CUST_00982,Mary Lewis,foxashley@example.com,Germany,2025-08-18 11:15:20,Organic Search,4,719.89,179.97,2025-10-08 12:33:36,2026-02-25 23:12:46,4,Loyal Customers,false
CUST_00983,Danielle Jimenez,clayanthony@example.net,Australia,2025-04-01 03:41:21,Paid Ads,3,389.92,129.97,2025-09-02 08:50:29,2025-11-30 03:28:30,91,At Risk,false
CUST_00984,Mrs. Jacqueline Hickman,hooderic@example.org,United Kingdom,2025-09-28 13:19:00,Social Media,4,873.85,218.46,2025-10-09 04:34:30,2026-02-06 15:55:02,23,Loyal Customers,false
CUST_00985,Michael Castillo,brooke05@example.org,Australia,2025-12-20 16:00:55,Paid Ads,5,912.79,182.56,2026-01-06 07:08:05,2026-02-12 13:36:49,17,Champions,false
CUST_00987,Robert Manning,qdavis@example.org,Germany,2025-03-17 19:49:30,Email Campaign,2,289.92,144.96,2025-08-16 12:26:00,2026-02-13 07:37:11,16,Active / Recent,false
CUST_00988,Randy Ross,phelpsfrank@example.com,United States,2025-09-05 16:54:12,Social Media,1,304.97,304.97,2025-10-01 02:02:53,2025-10-01 02:02:53,151,At Risk,true
CUST_00989,Paul Valdez,evanslaurie@example.net,Australia,2025-02-04 16:57:08,Organic Search,3,507.92,169.31,2025-05-06 03:16:46,2026-02-17 18:07:01,12,Loyal Customers,false
CUST_00990,Emily Cohen,michaeldavis@example.com,Australia,2025-01-18 13:01:01,Social Media,1,139.97,139.97,2025-03-13 08:19:33,2025-03-13 08:19:33,353,Lost / Churned,true
CUST_00991,Katherine Mcclure,madams@example.com,India,2025-03-26 22:40:05,Paid Ads,2,314.91,157.46,2025-10-05 07:14:31,2025-12-18 07:04:42,73,Active / Recent,false
CUST_00992,Jay Richardson,ryansimmons@example.org,France,2025-07-09 10:52:00,Paid Ads,1,134.98,134.98,2026-02-21 06:54:27,2026-02-21 06:54:27,8,Active / Recent,false
CUST_00993,Valerie Rhodes,sarahrose@example.net,United Kingdom,2025-05-05 09:08:45,Referral,4,888.86,222.22,2025-07-02 08:46:06,2025-12-30 04:09:19,61,Active / Recent,false
CUST_00994,Donna Kim,ievans@example.net,Germany,2025-11-28 04:06:04,Paid Ads,1,604.96,604.96,2026-02-16 04:43:14,2026-02-16 04:43:14,13,Active / Recent,false
CUST_00995,Sarah Mills,ashley81@example.org,India,2025-11-11 14:37:53,Paid Ads,2,442.93,221.47,2025-12-23 10:41:44,2026-02-02 23:36:27,27,Active / Recent,false
CUST_00996,Kayla Gutierrez,kguerrero@example.com,India,2025-05-25 18:30:14,Email Campaign,1,259.98,259.98,2026-02-09 08:50:04,2026-02-09 08:50:04,20,Active / Recent,false
CUST_00997,Kevin Mack,wilsondorothy@example.org,United States,2025-11-04 06:11:24,Referral,2,694.93,347.47,2025-11-18 16:51:07,2025-11-22 14:40:03,99,At Risk,false
CUST_00998,Sarah Williams,tmcdowell@example.com,Germany,2025-06-03 06:23:38,Referral,1,242.99,242.99,2025-08-14 18:10:54,2025-08-14 18:10:54,199,Lost / Churned,true
CUST_00003,Cristian Santos,lrobinson@example.com,India,2025-03-21 14:38:54,Referral,0,0.00,0.0,,,,Prospect (No Purchase),true
CUST_00055,Victoria Johnson,yreed@example.com,Australia,2025-10-09 22:27:06,Social Media,0,0.00,0.0,,,,Prospect (No Purchase),true
CUST_00072,John Brown,xprice@example.net,France,2025-06-16 09:39:48,Paid Ads,0,0.00,0.0,,,,Prospect (No Purchase),true
CUST_00080,Mrs. Marie Harrington DDS,herringjames@example.org,Canada,2025-07-13 03:17:24,Paid Ads,0,0.00,0.0,,,,Prospect (No Purchase),true
CUST_00081,Cynthia Wells,elliottjeffery@example.net,Canada,2025-12-15 10:45:45,Email Campaign,0,0.00,0.0,,,,Prospect (No Purchase),true
CUST_00084,Michael Burton,terrykevin@example.net,Australia,2025-12-11 04:33:20,Referral,0,0.00,0.0,,,,Prospect (No Purchase),true
CUST_00087,Madison Poole,ryangross@example.net,Germany,2025-05-10 04:15:49,Email Campaign,0,0.00,0.0,,,,Prospect (No Purchase),true
CUST_00090,Mary Rogers,lrosales@example.com,Germany,2025-01-02 16:10:44,Social Media,0,0.00,0.0,,,,Prospect (No Purchase),true
CUST_00097,Paige Carlson,wallkenneth@example.com,United States,2025-05-03 06:45:31,Referral,0,0.00,0.0,,,,Prospect (No Purchase),true
CUST_00127,Evelyn Garcia,dgarcia@example.org,France,2025-11-29 04:39:43,Organic Search,0,0.00,0.0,,,,Prospect (No Purchase),true
CUST_00128,Jennifer Pena,charlesharrington@example.com,United States,2025-03-28 21:28:49,Paid Ads,0,0.00,0.0,,,,Prospect (No Purchase),true
CUST_00180,Mary Gomez,chensley@example.com,Australia,2025-03-24 18:55:52,Email Campaign,0,0.00,0.0,,,,Prospect (No Purchase),true
CUST_00196,Emily Douglas,tanderson@example.org,United States,2025-06-16 04:22:14,Email Campaign,0,0.00,0.0,,,,Prospect (No Purchase),true
CUST_00203,Vincent Mueller,michealvalentine@example.com,United Kingdom,2025-10-01 05:15:33,Email Campaign,0,0.00,0.0,,,,Prospect (No Purchase),true
CUST_00231,Allison Lopez,hmcintyre@example.com,France,2025-03-01 00:40:37,Paid Ads,0,0.00,0.0,,,,Prospect (No Purchase),true
CUST_00233,Benjamin Thompson,zosborn@example.net,Australia,2025-04-05 00:37:47,Referral,0,0.00,0.0,,,,Prospect (No Purchase),true
CUST_00240,Amy Martinez,kevinmartin@example.net,Germany,2025-04-29 19:57:42,Paid Ads,0,0.00,0.0,,,,Prospect (No Purchase),true
CUST_00244,Travis Wise,debra96@example.net,United Kingdom,2025-03-09 07:30:48,Email Campaign,0,0.00,0.0,,,,Prospect (No Purchase),true
CUST_00245,Kathleen Burton,dawn47@example.org,Australia,2025-07-09 09:56:38,Email Campaign,0,0.00,0.0,,,,Prospect (No Purchase),true
CUST_00246,Melinda Evans,barkereric@example.com,United Kingdom,2025-10-22 08:52:21,Organic Search,0,0.00,0.0,,,,Prospect (No Purchase),true
CUST_00249,Anthony Dougherty,kwright@example.com,Australia,2025-10-03 14:25:00,Social Media,0,0.00,0.0,,,,Prospect (No Purchase),true
CUST_00271,Melissa Taylor,johnsantiago@example.net,France,2025-02-12 08:26:19,Social Media,0,0.00,0.0,,,,Prospect (No Purchase),true
CUST_00278,Todd Rosales MD,lisarivera@example.net,Germany,2025-11-08 05:43:41,Organic Search,0,0.00,0.0,,,,Prospect (No Purchase),true
CUST_00309,Autumn Key,srocha@example.net,Australia,2025-02-01 05:58:21,Paid Ads,0,0.00,0.0,,,,Prospect (No Purchase),true
CUST_00312,Ryan Rocha,lawrence09@example.org,India,2025-12-05 13:29:06,Email Campaign,0,0.00,0.0,,,,Prospect (No Purchase),true
CUST_00313,Alexis Tran,mphillips@example.com,Germany,2025-03-12 20:52:54,Social Media,0,0.00,0.0,,,,Prospect (No Purchase),true
CUST_00334,Emily Rodriguez,hahnsean@example.com,Canada,2026-01-02 18:48:53,Email Campaign,0,0.00,0.0,,,,Prospect (No Purchase),true
CUST_00336,Linda Mueller,asmith@example.com,Australia,2025-04-17 00:41:59,Organic Search,0,0.00,0.0,,,,Prospect (No Purchase),true
CUST_00339,Richard Ward,jennifersimpson@example.net,Australia,2025-07-27 12:27:33,Organic Search,0,0.00,0.0,,,,Prospect (No Purchase),true
CUST_00342,Ernest Oconnell,kelly79@example.org,France,2025-12-13 20:14:48,Email Campaign,0,0.00,0.0,,,,Prospect (No Purchase),true
CUST_00344,Catherine Saunders MD,nhahn@example.com,Germany,2025-10-20 23:42:18,Social Media,0,0.00,0.0,,,,Prospect (No Purchase),true
CUST_00369,Jeffery Fitzgerald,kennethkidd@example.com,France,2025-03-03 08:04:36,Email Campaign,0,0.00,0.0,,,,Prospect (No Purchase),true
CUST_00374,Wendy Camacho,jacquelineanderson@example.org,India,2025-08-12 09:50:34,Referral,0,0.00,0.0,,,,Prospect (No Purchase),true
CUST_00377,Jackie Clements,brandi17@example.net,India,2025-11-26 13:41:30,Social Media,0,0.00,0.0,,,,Prospect (No Purchase),true
CUST_00378,Heather Brown,brobinson@example.org,Australia,2025-12-21 20:02:12,Social Media,0,0.00,0.0,,,,Prospect (No Purchase),true
CUST_00389,Bryce Blair,sylvia52@example.org,Australia,2025-08-28 22:55:34,Email Campaign,0,0.00,0.0,,,,Prospect (No Purchase),true
CUST_00413,Valerie Thomas,christopher38@example.com,Germany,2025-04-16 08:57:40,Email Campaign,0,0.00,0.0,,,,Prospect (No Purchase),true
CUST_00445,Mrs. Stacey Davis,sean43@example.org,United States,2025-02-27 01:57:58,Social Media,0,0.00,0.0,,,,Prospect (No Purchase),true
CUST_00477,Anthony Nash,mercedesholland@example.net,United Kingdom,2025-12-19 08:34:13,Paid Ads,0,0.00,0.0,,,,Prospect (No Purchase),true
CUST_00480,Judy Robinson,erica96@example.net,Australia,2025-05-03 06:19:59,Referral,0,0.00,0.0,,,,Prospect (No Purchase),true
CUST_00490,Julie Wilson,delacruzbrandy@example.net,Canada,2025-08-23 02:51:50,Paid Ads,0,0.00,0.0,,,,Prospect (No Purchase),true
CUST_00498,James Chapman,cameronwilliams@example.com,Australia,2025-03-02 11:27:51,Social Media,0,0.00,0.0,,,,Prospect (No Purchase),true
CUST_00511,Sarah Ward,ronald11@example.org,Australia,2025-05-31 14:37:37,Social Media,0,0.00,0.0,,,,Prospect (No Purchase),true
CUST_00512,Charles Holland,michael79@example.com,India,2025-09-30 16:58:24,Paid Ads,0,0.00,0.0,,,,Prospect (No Purchase),true
CUST_00528,Brent Hopkins,petersonmaria@example.com,Germany,2025-02-01 20:43:07,Referral,0,0.00,0.0,,,,Prospect (No Purchase),true
CUST_00535,Lisa Morris,mbarnes@example.net,France,2025-12-08 07:24:57,Referral,0,0.00,0.0,,,,Prospect (No Purchase),true
CUST_00544,Rebecca Horton,housepaul@example.net,Canada,2025-11-01 10:37:35,Referral,0,0.00,0.0,,,,Prospect (No Purchase),true
CUST_00575,Mr. Matthew Miller,michele28@example.org,United States,2025-09-29 12:44:17,Email Campaign,0,0.00,0.0,,,,Prospect (No Purchase),true
CUST_00586,Heather Parrish,msparks@example.org,United States,2025-11-25 18:02:26,Social Media,0,0.00,0.0,,,,Prospect (No Purchase),true
CUST_00593,Sharon Jackson DVM,laurahoover@example.org,Germany,2025-08-15 05:42:12,Organic Search,0,0.00,0.0,,,,Prospect (No Purchase),true
CUST_00608,Samantha Ruiz,qdavis@example.org,Australia,2025-02-04 00:36:29,Paid Ads,0,0.00,0.0,,,,Prospect (No Purchase),true
CUST_00614,Krista Barber,michael43@example.net,United States,2025-08-01 05:07:36,Social Media,0,0.00,0.0,,,,Prospect (No Purchase),true
CUST_00630,Derrick Mullen,michael76@example.org,France,2025-10-10 04:36:37,Paid Ads,0,0.00,0.0,,,,Prospect (No Purchase),true
CUST_00634,Dr. Samuel Holmes DDS,jevans@example.net,Germany,2025-10-09 06:58:34,Referral,0,0.00,0.0,,,,Prospect (No Purchase),true
CUST_00636,Patrick Green,ann45@example.org,United Kingdom,2025-12-16 11:09:52,Social Media,0,0.00,0.0,,,,Prospect (No Purchase),true
CUST_00639,Dustin Welch,mirandadavidson@example.com,United Kingdom,2025-11-06 03:53:32,Social Media,0,0.00,0.0,,,,Prospect (No Purchase),true
CUST_00650,Adam Mills,mauriceharrison@example.org,United Kingdom,2025-08-14 12:44:42,Paid Ads,0,0.00,0.0,,,,Prospect (No Purchase),true
CUST_00651,Katherine Campos,albert64@example.net,Australia,2025-05-16 05:17:29,Social Media,0,0.00,0.0,,,,Prospect (No Purchase),true
CUST_00670,Denise Guerra,caseymoore@example.com,Canada,2025-08-02 04:08:17,Social Media,0,0.00,0.0,,,,Prospect (No Purchase),true
CUST_00691,Tammy Cook,hbutler@example.org,United States,2025-03-17 04:42:00,Social Media,0,0.00,0.0,,,,Prospect (No Purchase),true
CUST_00726,Danielle Medina,grantzachary@example.net,France,2025-11-20 12:52:24,Social Media,0,0.00,0.0,,,,Prospect (No Purchase),true
CUST_00732,Joseph Cruz,nicholasjames@example.org,France,2025-01-25 12:31:01,Organic Search,0,0.00,0.0,,,,Prospect (No Purchase),true
CUST_00737,Kyle Smith,christine83@example.org,Australia,2026-01-02 07:21:46,Organic Search,0,0.00,0.0,,,,Prospect (No Purchase),true
CUST_00739,Thomas Williams,kchaney@example.net,India,2025-09-10 11:21:44,Email Campaign,0,0.00,0.0,,,,Prospect (No Purchase),true
CUST_00746,April Johnson,mclaughlinjared@example.net,India,2025-06-10 23:56:17,Email Campaign,0,0.00,0.0,,,,Prospect (No Purchase),true
CUST_00750,John Johnson,timothyburton@example.net,United Kingdom,2025-04-24 18:30:46,Organic Search,0,0.00,0.0,,,,Prospect (No Purchase),true
CUST_00752,Kristen Smith,lauren51@example.org,Germany,2025-09-27 00:41:01,Social Media,0,0.00,0.0,,,,Prospect (No Purchase),true
CUST_00756,Paula Gentry,zhunter@example.com,Canada,2025-07-05 20:32:27,Organic Search,0,0.00,0.0,,,,Prospect (No Purchase),true
CUST_00757,Brittany Peterson,hoconnor@example.com,India,2025-06-25 06:49:27,Paid Ads,0,0.00,0.0,,,,Prospect (No Purchase),true
CUST_00796,Christopher Vargas,donnawood@example.org,Australia,2026-01-01 16:52:17,Referral,0,0.00,0.0,,,,Prospect (No Purchase),true
CUST_00797,Michael Washington,cooperchristopher@example.org,Australia,2025-06-19 15:29:15,Paid Ads,0,0.00,0.0,,,,Prospect (No Purchase),true
CUST_00801,Joseph Graham,sara76@example.net,Canada,2026-01-28 14:57:42,Referral,0,0.00,0.0,,,,Prospect (No Purchase),true
CUST_00805,Megan Kaiser,amy01@example.org,Australia,2025-12-13 00:23:57,Organic Search,0,0.00,0.0,,,,Prospect (No Purchase),true
CUST_00814,Michelle Garcia,jonesjessica@example.com,Germany,2025-02-23 14:36:36,Organic Search,0,0.00,0.0,,,,Prospect (No Purchase),true
CUST_00816,Gary Myers,robertsonshelby@example.com,Australia,2025-04-16 04:34:37,Email Campaign,0,0.00,0.0,,,,Prospect (No Purchase),true
CUST_00817,Jared Luna,fernandezaaron@example.net,Germany,2025-10-18 20:27:26,Email Campaign,0,0.00,0.0,,,,Prospect (No Purchase),true
CUST_00820,Julian Ponce,kentprice@example.org,Canada,2025-04-03 03:28:57,Referral,0,0.00,0.0,,,,Prospect (No Purchase),true
CUST_00823,Kathryn Hanna,blevy@example.org,United Kingdom,2025-01-18 15:49:01,Email Campaign,0,0.00,0.0,,,,Prospect (No Purchase),true
CUST_00831,Donald Todd,heathertran@example.com,Germany,2025-01-27 01:54:25,Referral,0,0.00,0.0,,,,Prospect (No Purchase),true
CUST_00846,Greg Tanner,kristinelittle@example.net,Canada,2025-11-14 02:30:09,Social Media,0,0.00,0.0,,,,Prospect (No Purchase),true
CUST_00864,Jason Fleming,thomasfisher@example.net,Australia,2025-09-07 19:20:17,Social Media,0,0.00,0.0,,,,Prospect (No Purchase),true
CUST_00868,Dwayne Bruce,michaelbryant@example.org,United States,2025-12-28 22:56:43,Email Campaign,0,0.00,0.0,,,,Prospect (No Purchase),true
CUST_00890,Laura Bruce,bonniethomas@example.com,France,2025-08-02 09:32:18,Social Media,0,0.00,0.0,,,,Prospect (No Purchase),true
CUST_00898,Tracy Jackson,anthony13@example.org,United Kingdom,2025-06-25 10:17:03,Organic Search,0,0.00,0.0,,,,Prospect (No Purchase),true
CUST_00900,Rachel Jones,ctodd@example.org,Germany,2025-10-22 13:59:37,Referral,0,0.00,0.0,,,,Prospect (No Purchase),true
CUST_00926,Hannah Harmon,hubbardcolleen@example.com,Germany,2025-04-30 18:53:13,Paid Ads,0,0.00,0.0,,,,Prospect (No Purchase),true
CUST_00936,Joshua Gonzalez,gking@example.com,Australia,2025-09-09 23:49:10,Email Campaign,0,0.00,0.0,,,,Prospect (No Purchase),true
CUST_00937,Kimberly Ibarra,barbaralewis@example.net,United Kingdom,2025-01-10 14:02:44,Email Campaign,0,0.00,0.0,,,,Prospect (No Purchase),true
CUST_00942,Robert Collins,bcastro@example.com,United Kingdom,2025-08-22 21:29:37,Email Campaign,0,0.00,0.0,,,,Prospect (No Purchase),true
CUST_00977,Pam Baker,ryan25@example.net,Canada,2025-07-20 23:13:58,Referral,0,0.00,0.0,,,,Prospect (No Purchase),true
CUST_00986,Tiffany Nguyen,jasonwilliams@example.net,United Kingdom,2026-01-11 02:23:35,Email Campaign,0,0.00,0.0,,,,Prospect (No Purchase),true
CUST_00999,Jordan Santiago,matthew23@example.org,Germany,2025-11-30 15:26:43,Organic Search,0,0.00,0.0,,,,Prospect (No Purchase),true
CUST_01000,William Green,hamiltonandrew@example.com,Canada,2025-06-16 20:05:22,Social Media,0,0.00,0.0,,,,Prospect (No Purchase),true
