order_id,customer_id,ordered_at,payment_method,order_status,is_successful,total_unique_items,total_quantity_items,gross_revenue,discount_amount,shipping_cost,net_revenue,total_cost,net_profit
ORD_000001,CUST_00541,2025-12-28 02:38:52,Apple Pay,Refunded,false,1,2,139.98,10.00,0.00,129.98,50.00,79.98
ORD_000002,CUST_00866,2026-01-03 22:52:05,Credit Card,Refunded,false,1,3,179.97,10.00,9.99,179.96,66.00,113.96
ORD_000003,CUST_00138,2025-09-18 22:37:39,PayPal,Completed,true,1,3,149.97,0.00,4.99,154.96,60.00,94.96
ORD_000004,CUST_00398,2025-09-09 21:11:23,UPI,Refunded,false,1,3,209.97,5.00,0.00,204.97,75.00,129.97
ORD_000005,CUST_00551,2026-02-05 01:59:02,PayPal,Cancelled,false,3,5,305.97,5.00,4.99,305.96,92.00,213.96
ORD_000006,CUST_00635,2025-03-08 19:05:32,UPI,Completed,true,4,9,389.91,10.00,9.99,389.90,135.00,254.90
ORD_000007,CUST_00728,2026-01-14 14:50:38,Apple Pay,Completed,true,1,1,34.99,0.00,0.00,34.99,10.00,24.99
ORD_000008,CUST_00282,2025-09-20 14:48:20,UPI,Refunded,false,1,3,89.97,10.00,9.99,89.96,33.00,56.96
ORD_000009,CUST_00524,2025-09-21 02:01:23,Credit Card,Refunded,false,1,3,68.97,0.00,9.99,78.96,18.00,60.96
ORD_000010,CUST_00452,2026-01-25 15:48:37,Apple Pay,Completed,true,4,5,549.95,5.00,4.99,549.94,222.00,327.94
ORD_000011,CUST_00215,2026-02-15 06:10:18,PayPal,Cancelled,false,1,3,255.00,15.00,4.99,244.99,75.00,169.99
ORD_000012,CUST_00143,2026-01-13 14:07:58,Buy Now Pay Later,Completed,true,3,6,323.96,0.00,9.99,333.95,124.00,209.95
ORD_000013,CUST_00300,2025-10-23 02:41:25,PayPal,Refunded,false,1,2,59.98,15.00,0.00,44.98,16.00,28.98
ORD_000014,CUST_00941,2025-06-04 16:19:33,Apple Pay,Completed,true,3,6,534.97,0.00,9.99,544.96,180.00,364.96
ORD_000015,CUST_00502,2025-07-08 17:05:01,Credit Card,Refunded,false,2,5,249.95,5.00,0.00,244.95,87.00,157.95
ORD_000016,CUST_00768,2025-09-02 07:55:34,Credit Card,Cancelled,false,3,7,479.96,0.00,9.99,489.95,191.00,298.95
ORD_000017,CUST_00996,2025-11-19 19:33:38,PayPal,Cancelled,false,2,3,349.99,10.00,4.99,344.98,151.00,193.98
ORD_000018,CUST_00507,2025-12-26 13:05:53,Apple Pay,Completed,true,3,5,512.95,10.00,4.99,507.94,216.00,291.94
ORD_000019,CUST_00102,2026-01-23 20:03:47,Credit Card,Completed,true,1,2,179.98,5.00,4.99,179.97,60.00,119.97
ORD_000020,CUST_00208,2025-12-06 15:46:06,Apple Pay,Cancelled,false,1,2,69.98,0.00,9.99,79.97,20.00,59.97
ORD_000021,CUST_00085,2025-08-09 10:59:09,PayPal,Cancelled,false,3,6,849.94,15.00,4.99,839.93,355.00,484.93
ORD_000022,CUST_00721,2025-09-23 21:25:05,PayPal,Completed,true,1,3,389.97,0.00,9.99,399.96,165.00,234.96
ORD_000023,CUST_00697,2026-02-14 00:05:42,PayPal,Completed,true,1,2,299.98,0.00,4.99,304.97,130.00,174.97
ORD_000024,CUST_00073,2026-01-25 08:42:40,Apple Pay,Completed,true,1,2,99.98,0.00,4.99,104.97,40.00,64.97
ORD_000025,CUST_00141,2026-01-07 10:42:13,Credit Card,Completed,true,2,6,509.94,10.00,9.99,509.93,210.00,299.93
ORD_000026,CUST_00169,2026-01-22 03:57:42,UPI,Completed,true,2,2,59.98,10.00,9.99,59.97,21.00,38.97
ORD_000027,CUST_00919,2025-04-12 01:04:03,Apple Pay,Completed,true,2,2,104.98,0.00,4.99,109.97,35.00,74.97
ORD_000028,CUST_00284,2025-12-23 03:12:48,Buy Now Pay Later,Completed,true,1,2,170.00,10.00,9.99,169.99,50.00,119.99
ORD_000029,CUST_00798,2025-11-28 17:52:35,PayPal,Completed,true,3,7,289.93,10.00,9.99,289.92,98.00,191.92
ORD_000030,CUST_00662,2025-10-06 04:31:53,Buy Now Pay Later,Completed,true,1,1,49.99,0.00,4.99,54.98,20.00,34.98
ORD_000031,CUST_00541,2025-10-30 14:18:54,PayPal,Completed,true,3,4,169.96,0.00,9.99,179.95,61.00,118.95
ORD_000032,CUST_00602,2025-09-29 09:19:14,Buy Now Pay Later,Completed,true,1,2,399.98,0.00,4.99,404.97,180.00,224.97
ORD_000033,CUST_00644,2026-02-20 19:40:46,Buy Now Pay Later,Refunded,false,2,6,269.94,0.00,9.99,279.93,93.00,186.93
ORD_000034,CUST_00157,2025-09-18 19:11:15,Buy Now Pay Later,Completed,true,1,2,59.98,0.00,0.00,59.98,16.00,43.98
ORD_000035,CUST_00401,2026-02-02 23:32:10,PayPal,Cancelled,false,2,2,189.98,15.00,4.99,179.97,77.00,102.97
ORD_000036,CUST_00089,2026-02-09 15:11:54,Apple Pay,Completed,true,1,3,255.00,10.00,0.00,245.00,75.00,170.00
ORD_000037,CUST_00760,2025-11-30 15:47:07,Credit Card,Cancelled,false,1,1,79.99,15.00,0.00,64.99,35.00,29.99
ORD_000038,CUST_00509,2025-09-23 05:44:48,Apple Pay,Refunded,false,2,4,194.96,0.00,0.00,194.96,60.00,134.96
ORD_000039,CUST_00790,2025-11-17 14:19:24,Buy Now Pay Later,Completed,true,3,6,394.94,0.00,9.99,404.93,148.00,256.93
ORD_000040,CUST_00467,2026-01-07 03:00:49,PayPal,Completed,true,1,2,69.98,0.00,4.99,74.97,20.00,54.97
ORD_000041,CUST_00792,2025-09-27 03:02:33,Credit Card,Refunded,false,2,2,169.98,15.00,9.99,164.97,65.00,99.97
ORD_000042,CUST_00251,2025-08-21 10:35:54,Buy Now Pay Later,Completed,true,1,3,119.97,0.00,0.00,119.97,45.00,74.97
ORD_000043,CUST_00759,2026-01-19 20:55:04,Apple Pay,Completed,true,1,2,239.98,5.00,9.99,244.97,90.00,154.97
ORD_000044,CUST_00846,2025-11-29 05:28:57,PayPal,Refunded,false,1,1,29.99,15.00,0.00,14.99,8.00,6.99
ORD_000045,CUST_00824,2026-01-15 12:09:36,Buy Now Pay Later,Completed,true,4,6,432.94,0.00,0.00,432.94,171.00,261.94
ORD_000046,CUST_00299,2025-10-02 10:14:07,UPI,Completed,true,2,4,209.96,0.00,9.99,219.95,78.00,141.95
ORD_000047,CUST_00923,2026-02-06 08:13:10,Buy Now Pay Later,Completed,true,1,2,39.98,0.00,0.00,39.98,12.00,27.98
ORD_000048,CUST_00652,2025-06-27 21:35:48,Apple Pay,Completed,true,1,1,69.99,15.00,9.99,64.98,25.00,39.98
ORD_000049,CUST_00211,2025-07-26 00:59:03,Apple Pay,Completed,true,1,1,199.99,0.00,9.99,209.98,90.00,119.98
ORD_000050,CUST_00045,2025-07-08 16:58:59,Credit Card,Refunded,false,1,3,330.00,5.00,9.99,334.99,144.00,190.99
ORD_000051,CUST_00098,2025-09-16 12:18:50,Credit Card,Completed,true,2,5,529.95,10.00,9.99,529.94,215.00,314.94
ORD_000052,CUST_00988,2025-10-01 02:02:53,Apple Pay,Completed,true,1,2,299.98,5.00,9.99,304.97,130.00,174.97
ORD_000053,CUST_00464,2025-10-23 11:52:32,Credit Card,Completed,true,1,1,24.99,0.00,9.99,34.98,8.00,26.98
ORD_000054,CUST_00109,2025-05-22 11:52:17,Apple Pay,Completed,true,1,1,19.99,0.00,9.99,29.98,6.00,23.98
ORD_000055,CUST_00463,2025-06-09 16:39:37,Apple Pay,Completed,true,1,3,149.97,0.00,0.00,149.97,60.00,89.97
ORD_000056,CUST_00714,2026-02-06 02:59:24,PayPal,Completed,true,1,2,299.98,0.00,0.00,299.98,130.00,169.98
ORD_000057,CUST_00406,2026-02-21 01:24:48,UPI,Completed,true,2,6,374.94,0.00,4.99,379.93,120.00,259.93
ORD_000058,CUST_00564,2025-09-05 17:31:08,Credit Card,Completed,true,1,1,39.99,0.00,0.00,39.99,15.00,24.99
ORD_000059,CUST_00134,2025-11-10 04:24:51,Apple Pay,Completed,true,1,1,129.99,10.00,9.99,129.98,55.00,74.98
ORD_000060,CUST_00023,2025-12-25 10:24:40,Credit Card,Completed,true,3,4,229.96,0.00,0.00,229.96,92.00,137.96
ORD_000061,CUST_00947,2026-02-17 23:03:02,UPI,Completed,true,3,4,229.96,5.00,9.99,234.95,84.00,150.95
ORD_000062,CUST_00931,2025-05-21 11:42:47,Buy Now Pay Later,Completed,true,1,3,119.97,0.00,9.99,129.96,45.00,84.96
ORD_000063,CUST_00252,2026-02-04 18:37:18,Credit Card,Completed,true,1,2,45.98,5.00,0.00,40.98,12.00,28.98
ORD_000064,CUST_00393,2025-07-09 17:18:01,Buy Now Pay Later,Completed,true,1,1,29.99,0.00,9.99,39.98,8.00,31.98
ORD_000065,CUST_00392,2026-02-10 14:28:38,Buy Now Pay Later,Cancelled,false,1,3,68.97,5.00,4.99,68.96,18.00,50.96
ORD_000066,CUST_00330,2026-01-28 07:29:07,Credit Card,Completed,true,1,2,299.98,10.00,0.00,289.98,130.00,159.98
ORD_000067,CUST_00060,2025-11-08 10:36:23,Credit Card,Refunded,false,1,1,34.99,0.00,0.00,34.99,10.00,24.99
ORD_000068,CUST_00673,2025-11-06 01:32:18,Apple Pay,Completed,true,2,2,319.98,10.00,4.99,314.97,135.00,179.97
ORD_000069,CUST_00243,2025-11-28 23:16:14,Apple Pay,Cancelled,false,2,6,344.94,15.00,9.99,339.93,135.00,204.93
ORD_000070,CUST_00146,2025-10-17 12:00:07,Credit Card,Completed,true,2,4,209.96,0.00,0.00,209.96,66.00,143.96
ORD_000071,CUST_00225,2025-12-30 03:17:50,PayPal,Refunded,false,1,2,299.98,10.00,0.00,289.98,130.00,159.98
ORD_000072,CUST_00735,2025-12-22 05:09:25,PayPal,Completed,true,1,1,39.99,10.00,9.99,39.98,15.00,24.98
ORD_000073,CUST_00867,2026-01-17 12:58:23,PayPal,Completed,true,4,9,869.92,0.00,4.99,874.91,358.00,516.91
ORD_000074,CUST_00984,2026-01-01 03:49:59,Apple Pay,Cancelled,false,1,1,22.99,15.00,9.99,17.98,6.00,11.98
ORD_000075,CUST_00682,2025-10-03 06:16:22,Credit Card,Completed,true,1,3,179.97,0.00,0.00,179.97,66.00,113.97
ORD_000076,CUST_00972,2025-10-16 11:23:07,Buy Now Pay Later,Completed,true,3,7,904.93,10.00,4.99,899.92,370.00,529.92
ORD_000077,CUST_00107,2026-02-08 07:28:42,Apple Pay,Completed,true,1,1,129.99,0.00,4.99,134.98,55.00,79.98
ORD_000078,CUST_00652,2025-07-28 15:09:10,PayPal,Cancelled,false,2,4,239.96,0.00,4.99,244.95,98.00,146.95
ORD_000079,CUST_00070,2025-11-21 16:59:38,UPI,Completed,true,2,3,479.97,5.00,4.99,479.96,215.00,264.96
ORD_000080,CUST_00505,2025-12-03 01:36:17,PayPal,Completed,true,2,3,129.97,10.00,9.99,129.96,44.00,85.96
ORD_000081,CUST_00076,2025-10-09 16:18:00,Apple Pay,Completed,true,1,1,34.99,0.00,0.00,34.99,10.00,24.99
ORD_000082,CUST_00910,2025-09-15 19:26:47,Buy Now Pay Later,Completed,true,2,5,435.95,0.00,9.99,445.94,177.00,268.94
ORD_000083,CUST_00032,2025-08-07 22:04:11,Credit Card,Cancelled,false,1,2,39.98,0.00,0.00,39.98,12.00,27.98
ORD_000084,CUST_00211,2025-06-18 14:46:54,Apple Pay,Completed,true,2,2,57.98,15.00,4.99,47.97,16.00,31.97
ORD_000085,CUST_00051,2025-11-04 02:05:08,Credit Card,Refunded,false,2,3,119.97,0.00,4.99,124.96,39.00,85.96
ORD_000086,CUST_00302,2026-02-27 07:46:00,Apple Pay,Completed,true,1,1,79.99,0.00,0.00,79.99,35.00,44.99
ORD_000087,CUST_00485,2026-02-21 02:12:35,Apple Pay,Completed,true,1,1,69.99,5.00,4.99,69.98,25.00,44.98
ORD_000088,CUST_00658,2026-02-14 09:58:04,UPI,Completed,true,1,1,69.99,0.00,0.00,69.99,25.00,44.99
ORD_000089,CUST_00270,2025-09-27 02:21:18,PayPal,Completed,true,1,3,104.97,10.00,0.00,94.97,30.00,64.97
ORD_000090,CUST_00684,2025-07-16 00:35:53,Buy Now Pay Later,Completed,true,2,3,62.97,10.00,0.00,52.97,18.00,34.97
ORD_000091,CUST_00839,2025-11-11 05:23:15,UPI,Completed,true,4,10,769.93,0.00,0.00,769.93,256.00,513.93
ORD_000092,CUST_00923,2026-01-31 13:36:45,PayPal,Refunded,false,2,2,124.99,0.00,4.99,129.98,40.00,89.98
ORD_000093,CUST_00828,2025-06-24 17:14:55,PayPal,Completed,true,1,3,389.97,15.00,4.99,379.96,165.00,214.96
ORD_000094,CUST_00152,2026-02-23 12:28:06,Buy Now Pay Later,Refunded,false,1,2,259.98,0.00,4.99,264.97,110.00,154.97
ORD_000095,CUST_00566,2025-12-26 22:28:44,Credit Card,Completed,true,2,3,194.97,10.00,4.99,189.96,80.00,109.96
ORD_000096,CUST_00152,2026-01-28 13:06:54,Apple Pay,Refunded,false,2,5,319.97,10.00,0.00,309.97,110.00,199.97
ORD_000097,CUST_00899,2025-12-10 18:11:14,UPI,Completed,true,1,1,39.99,10.00,9.99,39.98,12.00,27.98
ORD_000098,CUST_00177,2025-09-15 23:34:52,UPI,Completed,true,1,1,85.00,15.00,9.99,79.99,25.00,54.99
ORD_000099,CUST_00406,2026-02-03 09:24:10,Credit Card,Cancelled,false,1,2,79.98,0.00,4.99,84.97,24.00,60.97
ORD_000100,CUST_00838,2026-02-08 04:19:03,Credit Card,Completed,true,1,1,39.99,15.00,9.99,34.98,12.00,22.98
ORD_000101,CUST_00138,2025-09-14 00:12:20,UPI,Cancelled,false,1,3,449.97,0.00,9.99,459.96,195.00,264.96
ORD_000102,CUST_00662,2025-10-12 22:19:39,Buy Now Pay Later,Completed,true,1,2,39.98,15.00,4.99,29.97,12.00,17.97
ORD_000103,CUST_00841,2025-08-24 13:07:01,UPI,Refunded,false,2,4,309.96,15.00,9.99,304.95,121.00,183.95
ORD_000104,CUST_00901,2026-01-08 12:49:55,Credit Card,Completed,true,1,2,49.98,0.00,0.00,49.98,16.00,33.98
ORD_000105,CUST_00052,2025-09-23 10:25:53,UPI,Cancelled,false,1,3,330.00,5.00,9.99,334.99,144.00,190.99
ORD_000106,CUST_00946,2025-11-01 13:08:43,UPI,Cancelled,false,1,1,110.00,5.00,9.99,114.99,48.00,66.99
ORD_000107,CUST_00984,2025-12-29 17:01:49,Credit Card,Refunded,false,2,3,309.99,0.00,9.99,319.98,126.00,193.98
ORD_000108,CUST_00396,2025-08-07 21:03:02,Apple Pay,Completed,true,3,8,419.92,15.00,0.00,404.92,144.00,260.92
ORD_000109,CUST_00021,2025-08-17 05:31:03,Apple Pay,Completed,true,3,9,869.91,0.00,9.99,879.90,330.00,549.90
ORD_000110,CUST_00282,2025-12-06 21:16:43,Buy Now Pay Later,Completed,true,3,8,234.92,5.00,4.99,234.91,77.00,157.91
ORD_000111,CUST_00105,2025-09-03 11:03:13,UPI,Refunded,false,4,8,380.93,15.00,0.00,365.93,134.00,231.93
ORD_000112,CUST_00333,2025-11-16 21:45:50,PayPal,Completed,true,2,4,134.96,0.00,9.99,144.95,46.00,98.95
ORD_000113,CUST_00414,2026-02-21 10:27:00,UPI,Completed,true,2,4,239.96,0.00,4.99,244.95,94.00,150.95
ORD_000114,CUST_00755,2025-05-01 08:09:01,PayPal,Refunded,false,2,6,179.94,0.00,9.99,189.93,54.00,135.93
ORD_000115,CUST_00654,2026-01-25 22:18:59,Buy Now Pay Later,Cancelled,false,1,1,59.99,0.00,9.99,69.98,22.00,47.98
ORD_000116,CUST_00301,2025-09-20 01:49:03,PayPal,Completed,true,1,3,104.97,15.00,9.99,99.96,30.00,69.96
ORD_000117,CUST_00922,2026-01-04 00:18:34,Apple Pay,Cancelled,false,1,2,220.00,0.00,9.99,229.99,96.00,133.99
ORD_000118,CUST_00808,2026-01-25 06:16:20,Credit Card,Completed,true,1,2,69.98,0.00,4.99,74.97,20.00,54.97
ORD_000119,CUST_00055,2026-02-10 02:57:17,Buy Now Pay Later,Refunded,false,2,4,474.97,5.00,0.00,469.97,190.00,279.97
ORD_000120,CUST_00391,2025-11-04 20:08:47,Apple Pay,Completed,true,1,2,79.98,0.00,0.00,79.98,30.00,49.98
ORD_000121,CUST_00584,2025-12-26 11:38:20,Apple Pay,Completed,true,1,3,269.97,0.00,4.99,274.96,90.00,184.96
ORD_000122,CUST_00182,2026-01-27 06:08:42,PayPal,Cancelled,false,1,3,89.97,0.00,0.00,89.97,33.00,56.97
ORD_000123,CUST_00783,2025-10-10 02:44:00,UPI,Completed,true,2,4,339.96,10.00,4.99,334.95,140.00,194.95
ORD_000124,CUST_00989,2026-02-10 12:20:18,Apple Pay,Completed,true,1,1,22.99,0.00,9.99,32.98,6.00,26.98
ORD_000125,CUST_00914,2025-07-06 01:14:31,PayPal,Refunded,false,1,1,79.99,15.00,9.99,74.98,35.00,39.98
ORD_000126,CUST_00711,2025-12-17 23:56:37,Apple Pay,Completed,true,1,1,69.99,10.00,9.99,69.98,25.00,44.98
ORD_000127,CUST_00067,2025-07-16 11:46:31,PayPal,Completed,true,3,6,189.94,0.00,4.99,194.93,58.00,136.93
ORD_000128,CUST_00769,2026-01-29 22:09:26,PayPal,Completed,true,3,5,429.95,0.00,9.99,439.94,175.00,264.94
ORD_000129,CUST_00604,2025-11-28 23:25:24,Apple Pay,Completed,true,1,3,599.97,5.00,9.99,604.96,270.00,334.96
ORD_000130,CUST_00639,2025-11-15 14:19:25,UPI,Refunded,false,4,8,859.94,5.00,4.99,859.93,355.00,504.93
ORD_000131,CUST_00719,2026-01-05 19:41:46,Credit Card,Completed,true,2,6,419.94,5.00,9.99,424.93,171.00,253.93
ORD_000132,CUST_00277,2025-11-27 11:38:03,Buy Now Pay Later,Refunded,false,2,3,119.97,10.00,9.99,119.96,46.00,73.96
ORD_000133,CUST_00117,2026-02-14 01:51:42,Buy Now Pay Later,Completed,true,1,1,85.00,0.00,4.99,89.99,25.00,64.99
ORD_000134,CUST_00367,2025-12-15 19:22:29,UPI,Completed,true,1,2,45.98,5.00,0.00,40.98,12.00,28.98
ORD_000135,CUST_00241,2025-07-30 20:13:14,PayPal,Completed,true,2,4,154.96,15.00,4.99,144.95,50.00,94.95
ORD_000136,CUST_00077,2026-01-08 13:59:40,Credit Card,Completed,true,2,2,89.98,0.00,4.99,94.97,33.00,61.97
ORD_000137,CUST_00896,2025-03-18 16:40:29,Credit Card,Completed,true,1,1,149.99,5.00,9.99,154.98,65.00,89.98
ORD_000138,CUST_00872,2025-02-18 05:47:43,Apple Pay,Completed,true,3,6,639.96,5.00,9.99,644.95,251.00,393.95
ORD_000139,CUST_00835,2025-08-30 22:43:25,UPI,Completed,true,1,3,209.97,5.00,4.99,209.96,75.00,134.96
ORD_000140,CUST_00872,2026-01-20 01:29:38,Credit Card,Completed,true,2,2,139.98,0.00,9.99,149.97,50.00,99.97
ORD_000141,CUST_00427,2026-01-24 19:30:03,Credit Card,Completed,true,3,7,429.93,0.00,9.99,439.92,148.00,291.92
ORD_000142,CUST_00495,2026-02-17 06:16:12,Apple Pay,Completed,true,3,7,1019.93,0.00,9.99,1029.92,446.00,583.92
ORD_000143,CUST_00538,2026-02-16 20:33:49,Buy Now Pay Later,Cancelled,false,2,6,464.94,15.00,4.99,454.93,165.00,289.93
ORD_000144,CUST_00718,2026-01-14 17:31:52,UPI,Completed,true,1,1,119.99,5.00,4.99,119.98,45.00,74.98
ORD_000145,CUST_00860,2026-02-24 02:23:01,Buy Now Pay Later,Refunded,false,3,5,649.97,15.00,0.00,634.97,265.00,369.97
ORD_000146,CUST_00077,2026-02-15 11:35:36,PayPal,Completed,true,1,3,104.97,0.00,9.99,114.96,30.00,84.96
ORD_000147,CUST_00659,2026-01-27 12:58:22,Credit Card,Completed,true,3,6,389.94,10.00,4.99,384.93,152.00,232.93
ORD_000148,CUST_00122,2026-02-21 16:59:22,Buy Now Pay Later,Cancelled,false,2,4,219.96,5.00,0.00,214.96,85.00,129.96
ORD_000149,CUST_00846,2025-12-01 18:06:23,UPI,Refunded,false,4,6,227.94,15.00,9.99,222.93,74.00,148.93
ORD_000150,CUST_00865,2026-01-19 21:59:10,Apple Pay,Completed,true,2,5,334.98,15.00,9.99,329.97,99.00,230.97
ORD_000151,CUST_00117,2025-05-23 03:32:47,Apple Pay,Cancelled,false,1,3,449.97,0.00,9.99,459.96,195.00,264.96
ORD_000152,CUST_00535,2026-01-13 14:38:36,UPI,Cancelled,false,1,1,89.99,5.00,0.00,84.99,30.00,54.99
ORD_000153,CUST_00261,2026-01-11 13:10:20,PayPal,Completed,true,1,3,209.97,0.00,4.99,214.96,75.00,139.96
ORD_000154,CUST_00347,2025-04-28 14:32:36,UPI,Completed,true,1,3,104.97,0.00,4.99,109.96,30.00,79.96
ORD_000155,CUST_00604,2025-11-28 19:21:35,Buy Now Pay Later,Completed,true,4,8,789.92,10.00,4.99,784.91,335.00,449.91
ORD_000156,CUST_00749,2025-11-16 20:18:53,Buy Now Pay Later,Completed,true,1,2,170.00,10.00,4.99,164.99,50.00,114.99
ORD_000157,CUST_00429,2026-02-22 11:38:33,UPI,Cancelled,false,2,2,104.98,0.00,4.99,109.97,35.00,74.97
ORD_000158,CUST_00423,2026-02-18 05:44:05,PayPal,Completed,true,3,7,727.96,15.00,0.00,712.96,276.00,436.96
ORD_000159,CUST_00298,2025-12-07 10:07:02,Apple Pay,Cancelled,false,1,3,269.97,10.00,9.99,269.96,90.00,179.96
ORD_000160,CUST_00119,2026-02-21 04:41:45,UPI,Completed,true,2,6,359.97,15.00,9.99,354.96,105.00,249.96
ORD_000161,CUST_00916,2026-01-23 15:48:45,UPI,Completed,true,3,5,189.95,0.00,0.00,189.95,65.00,124.95
ORD_000162,CUST_00058,2025-05-12 09:26:25,PayPal,Completed,true,2,4,269.96,15.00,4.99,259.95,96.00,163.95
ORD_000163,CUST_00804,2026-01-30 00:16:38,Buy Now Pay Later,Completed,true,2,6,929.97,5.00,0.00,924.97,414.00,510.97
ORD_000164,CUST_00576,2026-01-13 05:41:13,Apple Pay,Completed,true,2,6,278.94,0.00,9.99,288.93,93.00,195.93
ORD_000165,CUST_00049,2025-12-19 18:32:07,Credit Card,Completed,true,1,3,449.97,10.00,0.00,439.97,195.00,244.97
ORD_000166,CUST_00258,2025-10-05 06:32:56,Buy Now Pay Later,Refunded,false,3,5,499.96,10.00,9.99,499.95,194.00,305.95
ORD_000167,CUST_00302,2026-02-12 14:58:40,Credit Card,Completed,true,4,9,604.91,0.00,4.99,609.90,216.00,393.90
ORD_000168,CUST_00134,2025-11-02 23:01:49,Credit Card,Refunded,false,3,6,469.94,15.00,0.00,454.94,198.00,256.94
ORD_000169,CUST_00053,2025-08-23 08:35:36,Apple Pay,Completed,true,2,4,178.97,0.00,9.99,188.96,66.00,122.96
ORD_000170,CUST_00980,2026-02-02 15:34:52,Buy Now Pay Later,Refunded,false,1,3,89.97,0.00,4.99,94.96,24.00,70.96
ORD_000171,CUST_00414,2025-11-03 00:39:11,Apple Pay,Completed,true,1,2,49.98,15.00,4.99,39.97,16.00,23.97
ORD_000172,CUST_00301,2025-11-06 00:08:55,Apple Pay,Refunded,false,2,3,125.97,0.00,9.99,135.96,47.00,88.96
ORD_000173,CUST_00927,2026-02-26 19:08:03,UPI,Refunded,false,1,1,199.99,15.00,4.99,189.98,90.00,99.98
ORD_000174,CUST_00396,2025-10-27 05:52:00,Buy Now Pay Later,Refunded,false,2,4,219.96,0.00,9.99,229.95,86.00,143.95
ORD_000175,CUST_00045,2025-08-28 03:57:04,PayPal,Cancelled,false,1,3,89.97,0.00,0.00,89.97,24.00,65.97
ORD_000176,CUST_00547,2025-04-13 02:34:27,Credit Card,Cancelled,false,1,1,24.99,15.00,4.99,14.98,8.00,6.98
ORD_000177,CUST_00551,2026-02-06 21:22:17,Apple Pay,Cancelled,false,2,2,169.98,0.00,4.99,174.97,70.00,104.97
ORD_000178,CUST_00076,2025-10-13 17:29:34,Apple Pay,Completed,true,2,4,305.96,10.00,0.00,295.96,122.00,173.96
ORD_000179,CUST_00462,2026-02-02 14:53:31,Buy Now Pay Later,Completed,true,1,1,69.99,15.00,0.00,54.99,25.00,29.99
ORD_000180,CUST_00657,2025-11-27 19:10:56,Credit Card,Refunded,false,1,2,69.98,0.00,9.99,79.97,20.00,59.97
ORD_000181,CUST_00951,2026-01-28 17:03:07,Apple Pay,Completed,true,1,2,119.98,10.00,0.00,109.98,44.00,65.98
ORD_000182,CUST_00391,2025-09-13 12:24:57,PayPal,Cancelled,false,1,3,269.97,10.00,0.00,259.97,90.00,169.97
ORD_000183,CUST_00401,2026-01-26 01:48:05,PayPal,Completed,true,4,6,449.95,10.00,9.99,449.94,190.00,259.94
ORD_000184,CUST_00611,2026-02-10 23:05:16,Apple Pay,Refunded,false,2,3,249.97,0.00,9.99,259.96,99.00,160.96
ORD_000185,CUST_00928,2025-11-30 14:46:15,Apple Pay,Refunded,false,1,1,89.99,0.00,9.99,99.98,30.00,69.98
ORD_000186,CUST_00118,2025-06-03 13:40:26,Buy Now Pay Later,Cancelled,false,2,3,245.97,5.00,9.99,250.96,102.00,148.96
ORD_000187,CUST_00688,2025-04-19 15:16:42,Apple Pay,Completed,true,1,1,34.99,5.00,4.99,34.98,10.00,24.98
ORD_000188,CUST_00688,2025-12-04 00:51:46,Apple Pay,Completed,true,1,2,170.00,0.00,0.00,170.00,50.00,120.00
ORD_000189,CUST_00462,2026-01-18 20:13:53,Apple Pay,Refunded,false,2,4,149.96,10.00,9.99,149.95,50.00,99.95
ORD_000190,CUST_00173,2025-08-31 01:09:22,UPI,Completed,true,1,2,239.98,15.00,9.99,234.97,90.00,144.97
ORD_000191,CUST_00861,2025-11-01 03:02:06,Apple Pay,Completed,true,2,4,379.96,5.00,4.99,379.95,154.00,225.95
ORD_000192,CUST_00565,2025-12-19 18:55:45,PayPal,Completed,true,2,5,364.95,0.00,9.99,374.94,140.00,234.94
ORD_000193,CUST_00908,2025-03-26 22:41:44,Credit Card,Cancelled,false,1,3,239.97,10.00,9.99,239.96,105.00,134.96
ORD_000194,CUST_00593,2026-01-19 13:49:48,Buy Now Pay Later,Refunded,false,1,3,599.97,10.00,4.99,594.96,270.00,324.96
ORD_000195,CUST_00484,2025-12-17 13:37:27,PayPal,Completed,true,1,2,69.98,15.00,4.99,59.97,20.00,39.97
ORD_000196,CUST_00514,2026-02-02 00:58:40,PayPal,Completed,true,1,3,89.97,0.00,9.99,99.96,24.00,75.96
ORD_000197,CUST_00701,2025-04-13 04:49:38,Buy Now Pay Later,Refunded,false,1,3,269.97,0.00,9.99,279.96,90.00,189.96
ORD_000198,CUST_00894,2025-09-10 20:05:24,PayPal,Cancelled,false,2,3,509.98,0.00,4.99,514.97,228.00,286.97
ORD_000199,CUST_00379,2025-09-03 14:53:09,UPI,Completed,true,2,2,139.99,5.00,4.99,139.98,56.00,83.98
ORD_000200,CUST_00665,2025-08-11 07:05:33,Buy Now Pay Later,Completed,true,2,6,194.94,15.00,4.99,184.93,54.00,130.93
ORD_000201,CUST_00179,2025-09-18 21:39:02,Buy Now Pay Later,Cancelled,false,1,2,69.98,15.00,0.00,54.98,20.00,34.98
ORD_000202,CUST_00386,2025-11-13 22:31:27,Buy Now Pay Later,Refunded,false,1,1,110.00,5.00,4.99,109.99,48.00,61.99
ORD_000203,CUST_00514,2025-09-10 18:52:18,Apple Pay,Completed,true,1,1,129.99,10.00,9.99,129.98,55.00,74.98
ORD_000204,CUST_00154,2025-06-12 09:52:50,UPI,Completed,true,1,2,99.98,15.00,0.00,84.98,40.00,44.98
ORD_000205,CUST_00738,2025-06-01 06:26:13,UPI,Completed,true,2,2,64.98,10.00,0.00,54.98,20.00,34.98
ORD_000206,CUST_00045,2025-04-19 05:58:22,PayPal,Refunded,false,2,2,69.98,0.00,9.99,79.97,23.00,56.97
ORD_000207,CUST_00265,2025-08-02 17:30:52,UPI,Refunded,false,4,8,544.95,0.00,0.00,544.95,187.00,357.95
ORD_000208,CUST_00225,2026-02-06 02:01:04,Buy Now Pay Later,Refunded,false,1,2,69.98,0.00,9.99,79.97,20.00,59.97
ORD_000209,CUST_00172,2026-02-05 23:19:01,Credit Card,Cancelled,false,1,1,29.99,10.00,9.99,29.98,11.00,18.98
ORD_000210,CUST_00388,2025-08-14 04:01:54,UPI,Completed,true,1,1,24.99,10.00,9.99,24.98,8.00,16.98
ORD_000211,CUST_00621,2025-06-27 13:31:13,Buy Now Pay Later,Completed,true,1,3,255.00,10.00,0.00,245.00,75.00,170.00
ORD_000212,CUST_00771,2025-05-09 23:33:43,Credit Card,Completed,true,1,3,119.97,10.00,9.99,119.96,45.00,74.96
ORD_000213,CUST_00665,2025-09-22 00:22:21,UPI,Refunded,false,1,1,199.99,15.00,9.99,194.98,90.00,104.98
ORD_000214,CUST_00961,2025-11-23 23:48:08,PayPal,Completed,true,1,2,69.98,0.00,4.99,74.97,20.00,54.97
ORD_000215,CUST_00489,2025-12-06 23:31:55,PayPal,Completed,true,3,7,378.93,5.00,4.99,378.92,139.00,239.92
ORD_000216,CUST_00809,2025-08-29 17:51:03,PayPal,Refunded,false,2,5,249.95,5.00,9.99,254.94,94.00,160.94
ORD_000217,CUST_00419,2025-11-06 10:47:58,Buy Now Pay Later,Completed,true,1,2,69.98,0.00,4.99,74.97,20.00,54.97
ORD_000218,CUST_00579,2025-11-02 21:33:13,Buy Now Pay Later,Refunded,false,1,3,209.97,0.00,4.99,214.96,75.00,139.96
ORD_000219,CUST_00495,2026-02-02 05:47:21,Apple Pay,Completed,true,2,5,189.95,0.00,9.99,199.94,56.00,143.94
ORD_000220,CUST_00754,2025-09-22 05:10:18,PayPal,Cancelled,false,1,1,119.99,5.00,9.99,124.98,45.00,79.98
ORD_000221,CUST_00220,2025-09-08 17:14:38,Credit Card,Completed,true,2,2,222.98,0.00,4.99,227.97,96.00,131.97
ORD_000222,CUST_00483,2026-02-27 04:05:50,Apple Pay,Refunded,false,1,1,129.99,0.00,0.00,129.99,55.00,74.99
ORD_000223,CUST_00624,2025-09-03 09:26:57,Buy Now Pay Later,Cancelled,false,1,2,139.98,10.00,9.99,139.97,50.00,89.97
ORD_000224,CUST_00729,2026-02-13 18:33:39,Buy Now Pay Later,Completed,true,3,4,249.96,0.00,0.00,249.96,83.00,166.96
ORD_000225,CUST_00803,2026-02-06 09:28:32,Apple Pay,Refunded,false,2,4,389.96,15.00,0.00,374.96,135.00,239.96
ORD_000226,CUST_00001,2025-05-28 14:51:10,Buy Now Pay Later,Completed,true,4,8,677.98,10.00,0.00,667.98,250.00,417.98
ORD_000227,CUST_00942,2025-09-09 09:41:49,Apple Pay,Refunded,false,1,2,45.98,10.00,4.99,40.97,12.00,28.97
ORD_000228,CUST_00232,2025-11-11 15:17:39,Apple Pay,Completed,true,1,1,69.99,10.00,0.00,59.99,25.00,34.99
ORD_000229,CUST_00417,2026-02-09 15:53:59,Buy Now Pay Later,Completed,true,2,5,239.95,0.00,0.00,239.95,82.00,157.95
ORD_000230,CUST_00833,2025-12-28 00:30:47,PayPal,Cancelled,false,1,2,139.98,10.00,4.99,134.97,50.00,84.97
ORD_000231,CUST_00985,2026-02-03 05:12:34,Credit Card,Cancelled,false,1,2,69.98,0.00,4.99,74.97,20.00,54.97
ORD_000232,CUST_00070,2025-11-27 23:01:11,Apple Pay,Cancelled,false,2,6,614.97,0.00,4.99,619.96,210.00,409.96
ORD_000233,CUST_00010,2026-02-01 04:22:03,Apple Pay,Completed,true,1,1,129.99,5.00,9.99,134.98,55.00,79.98
ORD_000234,CUST_00568,2025-06-26 19:32:35,PayPal,Completed,true,1,3,74.97,10.00,4.99,69.96,24.00,45.96
ORD_000235,CUST_00700,2025-08-29 23:04:19,PayPal,Completed,true,2,2,204.99,0.00,0.00,204.99,70.00,134.99
ORD_000236,CUST_00857,2025-11-04 06:03:03,UPI,Completed,true,2,4,279.96,15.00,9.99,274.95,115.00,159.95
ORD_000237,CUST_00783,2026-02-22 18:41:52,UPI,Refunded,false,4,8,839.97,10.00,4.99,834.96,336.00,498.96
ORD_000238,CUST_00228,2026-01-23 06:13:41,Buy Now Pay Later,Refunded,false,1,1,29.99,5.00,4.99,29.98,8.00,21.98
ORD_000239,CUST_00515,2025-09-11 14:40:00,UPI,Completed,true,3,6,319.94,15.00,9.99,314.93,113.00,201.93
ORD_000240,CUST_00013,2025-12-08 04:26:00,Buy Now Pay Later,Completed,true,1,2,99.98,0.00,4.99,104.97,40.00,64.97
ORD_000241,CUST_00192,2025-11-21 00:17:21,PayPal,Completed,true,1,2,170.00,0.00,4.99,174.99,50.00,124.99
ORD_000242,CUST_00435,2025-06-25 18:47:25,UPI,Completed,true,2,4,365.00,5.00,4.99,364.99,123.00,241.99
ORD_000243,CUST_00135,2025-12-27 00:37:17,PayPal,Completed,true,2,4,188.96,5.00,4.99,188.95,63.00,125.95
ORD_000244,CUST_00154,2025-10-01 12:21:07,Buy Now Pay Later,Completed,true,1,3,119.97,0.00,9.99,129.96,36.00,93.96
ORD_000245,CUST_00738,2025-08-18 20:50:06,UPI,Completed,true,1,1,22.99,10.00,0.00,12.99,6.00,6.99
ORD_000246,CUST_00708,2025-08-03 15:05:40,Credit Card,Completed,true,1,2,69.98,5.00,9.99,74.97,20.00,54.97
ORD_000247,CUST_00763,2026-02-08 08:05:29,Apple Pay,Completed,true,1,1,22.99,10.00,4.99,17.98,6.00,11.98
ORD_000248,CUST_00422,2025-10-30 03:10:21,Apple Pay,Completed,true,3,8,313.94,0.00,4.99,318.93,92.00,226.93
ORD_000249,CUST_00500,2026-02-16 05:13:30,PayPal,Completed,true,1,1,59.99,5.00,9.99,64.98,22.00,42.98
ORD_000250,CUST_00656,2026-02-19 11:34:48,Credit Card,Completed,true,1,1,85.00,10.00,4.99,79.99,25.00,54.99
ORD_000251,CUST_00166,2025-09-25 05:12:38,Buy Now Pay Later,Completed,true,1,3,179.97,15.00,4.99,169.96,66.00,103.96
ORD_000252,CUST_00405,2025-12-08 04:52:41,UPI,Completed,true,2,2,144.99,10.00,4.99,139.98,58.00,81.98
ORD_000253,CUST_00875,2025-10-27 12:23:07,UPI,Completed,true,2,2,164.98,0.00,0.00,164.98,65.00,99.98
ORD_000254,CUST_00066,2026-02-18 13:04:44,Credit Card,Completed,true,2,5,369.95,10.00,0.00,359.95,145.00,214.95
ORD_000255,CUST_00160,2025-09-07 15:19:54,Apple Pay,Cancelled,false,3,6,439.94,0.00,9.99,449.93,161.00,288.93
ORD_000256,CUST_00135,2026-02-22 22:13:13,UPI,Completed,true,1,3,330.00,0.00,4.99,334.99,144.00,190.99
ORD_000257,CUST_00958,2025-11-20 12:15:35,Buy Now Pay Later,Refunded,false,1,2,45.98,0.00,9.99,55.97,12.00,43.97
ORD_000258,CUST_00647,2025-12-15 08:47:31,UPI,Cancelled,false,3,5,112.95,0.00,4.99,117.94,32.00,85.94
ORD_000259,CUST_00453,2026-01-18 03:13:01,Credit Card,Completed,true,1,3,119.97,0.00,0.00,119.97,45.00,74.97
ORD_000260,CUST_00835,2026-02-08 08:07:24,UPI,Completed,true,1,2,79.98,10.00,0.00,69.98,24.00,45.98
ORD_000261,CUST_00307,2025-07-01 08:34:56,Apple Pay,Completed,true,2,3,324.98,0.00,9.99,334.97,115.00,219.97
ORD_000262,CUST_00904,2025-10-19 18:25:07,UPI,Completed,true,1,2,179.98,15.00,9.99,174.97,60.00,114.97
ORD_000263,CUST_00226,2025-12-04 14:16:52,Apple Pay,Completed,true,1,2,239.98,10.00,9.99,239.97,90.00,149.97
ORD_000264,CUST_00665,2026-01-20 23:06:40,Apple Pay,Refunded,false,3,6,354.94,0.00,0.00,354.94,140.00,214.94
ORD_000265,CUST_00633,2025-08-17 01:25:01,PayPal,Completed,true,2,4,114.96,0.00,0.00,114.96,36.00,78.96
ORD_000266,CUST_00023,2026-01-06 05:26:47,Credit Card,Completed,true,1,1,39.99,15.00,4.99,29.98,15.00,14.98
ORD_000267,CUST_00093,2025-09-17 17:16:17,UPI,Completed,true,1,2,299.98,5.00,4.99,299.97,130.00,169.97
ORD_000268,CUST_00475,2025-02-18 11:06:45,UPI,Completed,true,1,1,39.99,0.00,4.99,44.98,15.00,29.98
ORD_000269,CUST_00557,2025-10-30 09:33:55,Credit Card,Completed,true,1,3,104.97,5.00,0.00,99.97,30.00,69.97
ORD_000270,CUST_00255,2026-02-04 21:53:41,Credit Card,Completed,true,1,3,599.97,0.00,4.99,604.96,270.00,334.96
ORD_000271,CUST_00682,2025-05-08 11:43:40,Credit Card,Completed,true,1,3,179.97,0.00,0.00,179.97,66.00,113.97
ORD_000272,CUST_00960,2026-01-04 14:59:56,PayPal,Refunded,false,1,2,79.98,15.00,4.99,69.97,24.00,45.97
ORD_000273,CUST_00909,2025-02-22 14:52:09,UPI,Cancelled,false,1,2,99.98,0.00,9.99,109.97,40.00,69.97
ORD_000274,CUST_00016,2026-01-09 02:16:41,Buy Now Pay Later,Completed,true,2,5,449.95,0.00,0.00,449.95,165.00,284.95
ORD_000275,CUST_00705,2025-09-23 14:45:41,Buy Now Pay Later,Completed,true,2,5,509.95,5.00,0.00,504.95,180.00,324.95
ORD_000276,CUST_00062,2025-06-29 10:52:19,PayPal,Completed,true,2,5,195.95,0.00,4.99,200.94,72.00,128.94
ORD_000277,CUST_00808,2025-10-23 04:49:38,Apple Pay,Completed,true,3,6,274.94,15.00,4.99,264.93,111.00,153.93
ORD_000278,CUST_00921,2025-10-12 00:49:52,UPI,Completed,true,2,4,202.96,10.00,9.99,202.95,72.00,130.95
ORD_000279,CUST_00192,2025-12-23 22:49:41,Buy Now Pay Later,Completed,true,2,3,80.97,0.00,0.00,80.97,22.00,58.97
ORD_000280,CUST_00303,2025-12-30 18:35:56,UPI,Refunded,false,1,3,239.97,15.00,9.99,234.96,105.00,129.96
ORD_000281,CUST_00190,2026-02-24 06:14:01,Credit Card,Completed,true,2,6,689.97,0.00,9.99,699.96,279.00,420.96
ORD_000282,CUST_00839,2025-09-19 18:14:39,Apple Pay,Completed,true,2,4,125.96,0.00,9.99,135.95,36.00,99.95
ORD_000283,CUST_00657,2025-06-26 03:06:54,PayPal,Completed,true,1,1,129.99,0.00,0.00,129.99,55.00,74.99
ORD_000284,CUST_00207,2025-04-16 16:42:52,UPI,Completed,true,1,3,599.97,10.00,9.99,599.96,270.00,329.96
ORD_000285,CUST_00502,2025-12-04 16:57:30,Buy Now Pay Later,Refunded,false,2,4,304.96,0.00,0.00,304.96,120.00,184.96
ORD_000286,CUST_00014,2025-06-06 04:30:14,Credit Card,Cancelled,false,1,2,259.98,5.00,9.99,264.97,110.00,154.97
ORD_000287,CUST_00572,2026-02-18 06:09:01,Credit Card,Completed,true,3,4,464.96,0.00,9.99,474.95,198.00,276.95
ORD_000288,CUST_00984,2026-01-07 10:17:36,PayPal,Completed,true,1,1,119.99,10.00,4.99,114.98,45.00,69.98
ORD_000289,CUST_00539,2025-10-23 18:41:48,UPI,Completed,true,2,4,292.96,15.00,9.99,287.95,96.00,191.95
ORD_000290,CUST_00785,2026-02-13 23:51:21,UPI,Refunded,false,1,1,29.99,15.00,9.99,24.98,11.00,13.98
ORD_000291,CUST_00171,2026-01-09 14:58:50,Buy Now Pay Later,Completed,true,2,5,389.95,15.00,0.00,374.95,154.00,220.95
ORD_000292,CUST_00956,2025-12-30 04:53:08,UPI,Completed,true,2,5,669.97,5.00,9.99,674.96,291.00,383.96
ORD_000293,CUST_00624,2025-10-12 19:20:42,Apple Pay,Refunded,false,2,4,185.96,15.00,4.99,175.95,62.00,113.95
ORD_000294,CUST_00983,2025-09-02 08:50:29,Apple Pay,Completed,true,2,3,219.97,10.00,0.00,209.97,92.00,117.97
ORD_000295,CUST_00228,2025-10-11 07:19:56,Buy Now Pay Later,Completed,true,1,3,104.97,10.00,9.99,104.96,30.00,74.96
ORD_000296,CUST_00949,2025-11-24 05:30:58,PayPal,Completed,true,1,2,59.98,0.00,0.00,59.98,22.00,37.98
ORD_000297,CUST_00376,2026-01-17 10:51:08,UPI,Completed,true,1,3,179.97,0.00,9.99,189.96,66.00,123.96
ORD_000298,CUST_00940,2025-08-05 03:55:01,UPI,Cancelled,false,1,3,449.97,5.00,0.00,444.97,195.00,249.97
ORD_000299,CUST_00720,2025-11-29 08:34:55,UPI,Completed,true,2,2,259.98,15.00,9.99,254.97,112.00,142.97
ORD_000300,CUST_00944,2026-02-17 11:17:00,PayPal,Completed,true,1,3,59.97,5.00,0.00,54.97,18.00,36.97
ORD_000301,CUST_00669,2026-01-27 03:45:55,Apple Pay,Refunded,false,3,7,869.93,10.00,0.00,859.93,367.00,492.93
ORD_000302,CUST_00335,2025-11-04 11:02:38,UPI,Cancelled,false,1,2,399.98,15.00,9.99,394.97,180.00,214.97
ORD_000303,CUST_00771,2025-11-11 11:15:49,PayPal,Refunded,false,2,3,159.97,0.00,4.99,164.96,57.00,107.96
ORD_000304,CUST_00085,2025-09-18 20:26:15,UPI,Refunded,false,2,5,208.95,0.00,0.00,208.95,68.00,140.95
ORD_000305,CUST_00793,2025-08-11 04:06:45,Buy Now Pay Later,Completed,true,1,1,24.99,5.00,4.99,24.98,8.00,16.98
ORD_000306,CUST_00575,2026-01-27 03:29:28,Apple Pay,Cancelled,false,2,6,749.94,0.00,4.99,754.93,300.00,454.93
ORD_000307,CUST_00092,2026-01-19 11:19:09,Apple Pay,Cancelled,false,1,2,220.00,0.00,0.00,220.00,96.00,124.00
ORD_000308,CUST_00609,2025-02-21 08:25:52,Buy Now Pay Later,Completed,true,1,1,110.00,10.00,4.99,104.99,48.00,56.99
ORD_000309,CUST_00452,2025-07-14 21:43:04,Credit Card,Completed,true,1,1,110.00,0.00,9.99,119.99,48.00,71.99
ORD_000310,CUST_00758,2025-03-03 22:50:10,Credit Card,Completed,true,3,6,359.94,0.00,9.99,369.93,144.00,225.93
ORD_000311,CUST_00024,2025-09-13 05:24:25,Apple Pay,Completed,true,2,5,244.97,10.00,9.99,244.96,74.00,170.96
ORD_000312,CUST_00638,2026-01-26 10:12:13,Buy Now Pay Later,Completed,true,2,3,219.97,10.00,9.99,219.96,85.00,134.96
ORD_000313,CUST_00175,2025-08-02 12:27:42,UPI,Completed,true,1,3,255.00,0.00,0.00,255.00,75.00,180.00
ORD_000314,CUST_00968,2025-03-02 16:29:24,Apple Pay,Completed,true,1,1,34.99,15.00,9.99,29.98,10.00,19.98
ORD_000315,CUST_00020,2025-06-17 14:51:29,Credit Card,Cancelled,false,1,2,139.98,10.00,9.99,139.97,50.00,89.97
ORD_000316,CUST_00497,2026-02-27 23:26:57,Buy Now Pay Later,Refunded,false,2,4,294.96,10.00,4.99,289.95,98.00,191.95
ORD_000317,CUST_00041,2025-07-01 05:52:10,PayPal,Refunded,false,1,1,39.99,5.00,9.99,44.98,12.00,32.98
ORD_000318,CUST_00356,2026-01-31 20:21:38,Apple Pay,Completed,true,1,1,59.99,0.00,9.99,69.98,22.00,47.98
ORD_000319,CUST_00641,2025-09-02 13:55:57,Apple Pay,Completed,true,3,6,263.94,0.00,0.00,263.94,98.00,165.94
ORD_000320,CUST_00090,2025-10-26 13:02:09,UPI,Refunded,false,4,9,639.93,10.00,0.00,629.93,217.00,412.93
ORD_000321,CUST_00556,2025-06-02 23:08:11,PayPal,Completed,true,2,5,138.95,15.00,0.00,123.95,38.00,85.95
ORD_000322,CUST_00723,2026-02-10 21:40:51,PayPal,Completed,true,1,2,79.98,15.00,9.99,74.97,30.00,44.97
ORD_000323,CUST_00070,2025-12-31 21:01:38,Credit Card,Refunded,false,3,6,579.94,0.00,9.99,589.93,230.00,359.93
ORD_000324,CUST_00311,2026-01-24 02:18:54,PayPal,Cancelled,false,3,7,229.93,0.00,0.00,229.93,79.00,150.93
ORD_000325,CUST_00274,2025-11-07 12:43:08,UPI,Refunded,false,1,1,79.99,0.00,0.00,79.99,35.00,44.99
ORD_000326,CUST_00515,2025-12-20 14:01:16,UPI,Completed,true,2,2,199.99,5.00,4.99,199.98,78.00,121.98
ORD_000327,CUST_00198,2026-01-19 20:42:46,PayPal,Completed,true,1,3,239.97,0.00,4.99,244.96,105.00,139.96
ORD_000328,CUST_00688,2025-06-11 05:57:28,Apple Pay,Completed,true,1,2,59.98,10.00,4.99,54.97,22.00,32.97
ORD_000329,CUST_00909,2025-07-23 20:16:19,UPI,Completed,true,1,3,599.97,10.00,9.99,599.96,270.00,329.96
ORD_000330,CUST_00321,2025-11-04 00:57:32,Credit Card,Refunded,false,3,6,187.94,15.00,9.99,182.93,52.00,130.93
ORD_000331,CUST_00468,2025-10-21 17:30:24,Buy Now Pay Later,Completed,true,2,4,409.96,10.00,4.99,404.95,165.00,239.95
ORD_000332,CUST_00195,2025-10-20 17:00:53,PayPal,Completed,true,1,2,119.98,0.00,4.99,124.97,44.00,80.97
ORD_000333,CUST_00302,2026-02-28 13:52:11,Credit Card,Completed,true,2,6,209.94,15.00,4.99,199.93,78.00,121.93
ORD_000334,CUST_00116,2025-09-25 10:37:10,UPI,Refunded,false,3,4,202.96,5.00,4.99,202.95,71.00,131.95
ORD_000335,CUST_00605,2026-01-27 07:00:11,PayPal,Completed,true,1,3,449.97,15.00,9.99,444.96,195.00,249.96
ORD_000336,CUST_00751,2025-09-29 09:20:01,Credit Card,Completed,true,1,3,89.97,15.00,4.99,79.96,33.00,46.96
ORD_000337,CUST_00725,2025-12-27 16:39:50,UPI,Cancelled,false,2,2,119.98,5.00,9.99,124.97,38.00,86.97
ORD_000338,CUST_00935,2025-07-22 11:04:11,Credit Card,Refunded,false,3,6,429.96,0.00,9.99,439.95,140.00,299.95
ORD_000339,CUST_00748,2026-01-21 17:02:45,Buy Now Pay Later,Completed,true,2,3,139.97,0.00,0.00,139.97,55.00,84.97
ORD_000340,CUST_00470,2026-02-11 21:51:27,Buy Now Pay Later,Completed,true,2,5,319.95,0.00,0.00,319.95,129.00,190.95
ORD_000341,CUST_00465,2025-11-21 12:37:35,Buy Now Pay Later,Completed,true,1,2,170.00,0.00,0.00,170.00,50.00,120.00
ORD_000342,CUST_00635,2025-07-06 10:21:05,Credit Card,Completed,true,1,1,199.99,15.00,4.99,189.98,90.00,99.98
ORD_000343,CUST_00875,2025-10-29 07:52:15,Credit Card,Cancelled,false,2,3,204.98,0.00,0.00,204.98,69.00,135.98
ORD_000344,CUST_00183,2025-09-14 05:08:44,PayPal,Cancelled,false,1,2,170.00,10.00,9.99,169.99,50.00,119.99
ORD_000345,CUST_00768,2025-11-04 23:49:35,UPI,Completed,true,1,1,59.99,0.00,4.99,64.98,22.00,42.98
ORD_000346,CUST_00777,2025-11-07 13:56:56,Apple Pay,Refunded,false,1,2,79.98,0.00,0.00,79.98,24.00,55.98
ORD_000347,CUST_00540,2025-07-31 21:11:20,Credit Card,Refunded,false,1,3,74.97,10.00,0.00,64.97,24.00,40.97
ORD_000348,CUST_00748,2026-02-22 19:45:27,UPI,Completed,true,1,3,255.00,15.00,4.99,244.99,75.00,169.99
ORD_000349,CUST_00869,2025-11-07 04:31:27,Buy Now Pay Later,Completed,true,2,5,500.00,0.00,9.99,509.99,194.00,315.99
ORD_000350,CUST_00747,2026-01-04 22:44:15,Apple Pay,Completed,true,1,1,89.99,10.00,0.00,79.99,30.00,49.99
ORD_000351,CUST_00002,2025-08-25 02:53:07,Buy Now Pay Later,Completed,true,1,2,99.98,15.00,0.00,84.98,40.00,44.98
ORD_000352,CUST_00424,2025-12-24 14:33:02,PayPal,Completed,true,1,3,74.97,0.00,9.99,84.96,24.00,60.96
ORD_000353,CUST_00289,2025-08-09 19:05:58,Credit Card,Completed,true,1,1,29.99,10.00,4.99,24.98,8.00,16.98
ORD_000354,CUST_00703,2025-12-18 09:09:27,PayPal,Completed,true,1,1,34.99,10.00,0.00,24.99,10.00,14.99
ORD_000355,CUST_00339,2025-12-05 18:15:32,PayPal,Cancelled,false,1,2,79.98,0.00,9.99,89.97,24.00,65.97
ORD_000356,CUST_00160,2025-12-22 01:22:44,Credit Card,Completed,true,3,8,458.92,5.00,9.99,463.91,181.00,282.91
ORD_000357,CUST_00743,2026-02-13 23:55:43,Apple Pay,Completed,true,2,3,184.97,10.00,9.99,184.96,78.00,106.96
ORD_000358,CUST_00993,2025-07-02 08:46:06,Buy Now Pay Later,Completed,true,3,6,438.94,0.00,9.99,448.93,173.00,275.93
ORD_000359,CUST_00120,2025-10-11 07:48:43,PayPal,Cancelled,false,3,6,509.94,0.00,4.99,514.93,212.00,302.93
ORD_000360,CUST_00222,2026-02-28 16:29:31,Credit Card,Completed,true,1,2,220.00,0.00,0.00,220.00,96.00,124.00
ORD_000361,CUST_00519,2025-09-13 21:14:33,Buy Now Pay Later,Completed,true,3,5,279.95,5.00,9.99,284.94,111.00,173.94
ORD_000362,CUST_00788,2025-08-10 16:46:12,UPI,Refunded,false,2,5,154.95,15.00,0.00,139.95,54.00,85.95
ORD_000363,CUST_00886,2026-02-09 21:47:16,Credit Card,Completed,true,1,2,399.98,15.00,9.99,394.97,180.00,214.97
ORD_000364,CUST_00479,2026-02-16 07:31:37,Apple Pay,Completed,true,1,3,179.97,0.00,9.99,189.96,66.00,123.96
ORD_000365,CUST_00914,2025-05-23 09:54:05,Apple Pay,Completed,true,1,2,119.98,0.00,9.99,129.97,44.00,85.97
ORD_000366,CUST_00688,2025-05-09 03:59:50,Buy Now Pay Later,Completed,true,1,3,104.97,0.00,0.00,104.97,30.00,74.97
ORD_000367,CUST_00527,2026-02-03 19:42:18,Apple Pay,Completed,true,2,4,218.96,0.00,0.00,218.96,83.00,135.96
ORD_000368,CUST_00176,2025-03-26 05:38:53,PayPal,Completed,true,2,3,195.97,5.00,0.00,190.97,77.00,113.97
ORD_000369,CUST_00925,2025-11-16 10:20:32,UPI,Completed,true,1,1,199.99,0.00,4.99,204.98,90.00,114.98
ORD_000370,CUST_00722,2025-12-15 04:15:32,PayPal,Refunded,false,2,6,419.97,0.00,4.99,424.96,177.00,247.96
ORD_000371,CUST_00829,2025-03-15 03:51:17,Apple Pay,Completed,true,2,6,479.94,0.00,4.99,484.93,198.00,286.93
ORD_000372,CUST_00728,2026-01-22 23:39:22,Apple Pay,Completed,true,1,2,239.98,0.00,9.99,249.97,90.00,159.97
ORD_000373,CUST_00402,2025-06-03 05:24:41,Credit Card,Cancelled,false,3,5,444.96,5.00,0.00,439.96,177.00,262.96
ORD_000374,CUST_00491,2026-01-13 14:18:45,PayPal,Completed,true,1,3,330.00,10.00,9.99,329.99,144.00,185.99
ORD_000375,CUST_00106,2026-01-22 04:36:59,Apple Pay,Cancelled,false,2,5,495.95,15.00,0.00,480.95,207.00,273.95
ORD_000376,CUST_00411,2025-12-17 00:47:59,Credit Card,Completed,true,2,3,135.97,5.00,4.99,135.96,42.00,93.96
ORD_000377,CUST_00834,2026-02-03 06:25:58,PayPal,Completed,true,2,4,124.96,0.00,9.99,134.95,36.00,98.95
ORD_000378,CUST_00686,2025-10-11 09:11:16,UPI,Cancelled,false,3,6,239.94,10.00,9.99,239.93,76.00,163.93
ORD_000379,CUST_00842,2025-11-05 22:26:06,Credit Card,Completed,true,1,3,209.97,0.00,9.99,219.96,75.00,144.96
ORD_000380,CUST_00834,2026-02-05 09:05:33,PayPal,Completed,true,1,3,599.97,0.00,0.00,599.97,270.00,329.97
ORD_000381,CUST_00925,2025-12-17 07:16:00,UPI,Cancelled,false,3,8,434.95,10.00,4.99,429.94,142.00,287.94
ORD_000382,CUST_00201,2025-06-24 21:54:48,Apple Pay,Cancelled,false,3,5,249.96,5.00,9.99,254.95,77.00,177.95
ORD_000383,CUST_00627,2026-01-08 22:55:45,Credit Card,Completed,true,3,8,999.94,10.00,0.00,989.94,432.00,557.94
ORD_000384,CUST_00113,2025-08-21 02:59:40,Apple Pay,Completed,true,1,3,104.97,5.00,9.99,109.96,30.00,79.96
ORD_000385,CUST_00392,2025-11-29 14:44:06,UPI,Completed,true,1,1,24.99,15.00,0.00,9.99,8.00,1.99
ORD_000386,CUST_00193,2026-01-04 17:06:13,PayPal,Completed,true,3,3,169.98,0.00,9.99,179.97,69.00,110.97
ORD_000387,CUST_00664,2025-12-04 13:11:27,PayPal,Completed,true,2,5,159.95,0.00,0.00,159.95,48.00,111.95
ORD_000388,CUST_00881,2025-08-11 17:20:23,UPI,Cancelled,false,2,5,239.95,5.00,9.99,244.94,78.00,166.94
ORD_000389,CUST_00394,2025-12-20 03:55:49,UPI,Completed,true,1,3,255.00,0.00,9.99,264.99,75.00,189.99
ORD_000390,CUST_00243,2026-02-08 07:42:24,Credit Card,Completed,true,1,1,22.99,10.00,4.99,17.98,6.00,11.98
ORD_000391,CUST_00582,2026-02-18 21:17:39,Credit Card,Cancelled,false,1,1,34.99,5.00,9.99,39.98,10.00,29.98
ORD_000392,CUST_00748,2026-02-21 20:05:47,Credit Card,Completed,true,1,1,129.99,10.00,9.99,129.98,55.00,74.98
ORD_000393,CUST_00484,2025-12-03 20:49:57,Apple Pay,Cancelled,false,2,4,164.96,10.00,0.00,154.96,52.00,102.96
ORD_000394,CUST_00481,2025-08-03 23:33:02,Apple Pay,Refunded,false,3,5,244.95,0.00,4.99,249.94,93.00,156.94
ORD_000395,CUST_00946,2026-02-01 13:02:38,UPI,Cancelled,false,1,3,104.97,0.00,0.00,104.97,30.00,74.97
ORD_000396,CUST_00174,2025-12-03 22:19:08,Credit Card,Completed,true,2,4,299.96,0.00,4.99,304.95,127.00,177.95
ORD_000397,CUST_00079,2026-02-20 17:39:30,Apple Pay,Completed,true,1,1,85.00,0.00,4.99,89.99,25.00,64.99
ORD_000398,CUST_00760,2025-05-02 10:00:30,UPI,Refunded,false,1,2,69.98,15.00,0.00,54.98,20.00,34.98
ORD_000399,CUST_00828,2025-06-11 06:15:19,Credit Card,Completed,true,2,3,279.97,0.00,9.99,289.96,102.00,187.96
ORD_000400,CUST_00991,2025-05-22 06:49:14,UPI,Refunded,false,3,7,259.93,5.00,0.00,254.93,87.00,167.93
ORD_000401,CUST_00216,2026-02-11 15:58:09,UPI,Cancelled,false,3,6,569.94,0.00,0.00,569.94,240.00,329.94
ORD_000402,CUST_00488,2025-08-05 18:24:12,Buy Now Pay Later,Completed,true,2,3,179.97,0.00,0.00,179.97,62.00,117.97
ORD_000403,CUST_00296,2025-11-24 22:55:43,Apple Pay,Completed,true,2,5,659.95,0.00,9.99,669.94,286.00,383.94
ORD_000404,CUST_00941,2026-01-20 21:26:10,Buy Now Pay Later,Completed,true,1,2,69.98,0.00,4.99,74.97,20.00,54.97
ORD_000405,CUST_00473,2025-07-12 13:14:31,PayPal,Cancelled,false,2,5,139.95,0.00,9.99,149.94,40.00,109.94
ORD_000406,CUST_00011,2026-01-30 22:12:47,UPI,Completed,true,3,6,329.94,10.00,0.00,319.94,136.00,183.94
ORD_000407,CUST_00291,2026-01-02 05:14:25,Buy Now Pay Later,Completed,true,1,3,255.00,0.00,0.00,255.00,75.00,180.00
ORD_000408,CUST_00916,2025-09-22 12:25:50,UPI,Refunded,false,2,6,539.94,10.00,0.00,529.94,225.00,304.94
ORD_000409,CUST_00580,2026-02-21 09:26:54,Credit Card,Completed,true,3,7,459.93,5.00,9.99,464.92,154.00,310.92
ORD_000410,CUST_00788,2025-12-16 08:46:22,Credit Card,Cancelled,false,3,6,549.94,0.00,4.99,554.93,210.00,344.93
ORD_000411,CUST_00062,2025-09-14 12:41:08,Buy Now Pay Later,Completed,true,1,2,259.98,5.00,0.00,254.98,110.00,144.98
ORD_000412,CUST_00183,2026-01-20 15:41:56,Credit Card,Completed,true,1,2,39.98,0.00,9.99,49.97,12.00,37.97
ORD_000413,CUST_00733,2025-09-06 18:29:51,Apple Pay,Completed,true,1,2,259.98,10.00,9.99,259.97,110.00,149.97
ORD_000414,CUST_00020,2026-02-07 04:42:11,UPI,Completed,true,1,2,159.98,0.00,9.99,169.97,70.00,99.97
ORD_000415,CUST_00156,2026-02-11 15:56:52,UPI,Completed,true,3,7,319.93,15.00,4.99,309.92,114.00,195.92
ORD_000416,CUST_00800,2026-02-07 14:40:52,Credit Card,Completed,true,2,6,449.94,15.00,4.99,439.93,180.00,259.93
ORD_000417,CUST_00958,2025-12-24 02:32:04,Credit Card,Completed,true,2,5,739.95,15.00,9.99,734.94,320.00,414.94
ORD_000418,CUST_00874,2025-10-12 10:53:40,UPI,Completed,true,3,6,384.94,10.00,0.00,374.94,134.00,240.94
ORD_000419,CUST_00713,2026-01-17 16:55:01,UPI,Completed,true,2,4,369.99,0.00,9.99,379.98,156.00,223.98
ORD_000420,CUST_00144,2025-07-10 15:25:09,UPI,Completed,true,1,1,34.99,0.00,4.99,39.98,10.00,29.98
ORD_000421,CUST_00812,2025-10-02 04:46:56,Credit Card,Completed,true,2,5,299.95,0.00,4.99,304.94,127.00,177.94
ORD_000422,CUST_00044,2026-02-07 21:59:02,Buy Now Pay Later,Completed,true,1,1,29.99,5.00,9.99,34.98,8.00,26.98
ORD_000423,CUST_00759,2026-01-05 01:03:57,UPI,Completed,true,3,5,679.95,15.00,0.00,664.95,297.00,367.95
ORD_000424,CUST_00719,2026-02-22 22:39:57,UPI,Completed,true,1,3,599.97,0.00,0.00,599.97,270.00,329.97
ORD_000425,CUST_00175,2026-02-24 17:06:39,PayPal,Completed,true,3,4,214.97,10.00,9.99,214.96,69.00,145.96
ORD_000426,CUST_00346,2026-01-11 12:35:23,Apple Pay,Completed,true,1,1,34.99,10.00,0.00,24.99,10.00,14.99
ORD_000427,CUST_00783,2025-09-18 04:49:15,PayPal,Refunded,false,1,2,259.98,0.00,4.99,264.97,110.00,154.97
ORD_000428,CUST_00173,2026-01-12 07:36:41,PayPal,Completed,true,2,4,389.96,10.00,0.00,379.96,146.00,233.96
ORD_000429,CUST_00628,2025-12-26 07:52:41,Credit Card,Completed,true,1,1,39.99,0.00,0.00,39.99,12.00,27.99
ORD_000430,CUST_00949,2025-05-20 20:33:51,PayPal,Cancelled,false,2,2,79.98,15.00,4.99,69.97,28.00,41.97
ORD_000431,CUST_00656,2025-07-26 00:32:43,Credit Card,Refunded,false,1,3,359.97,0.00,9.99,369.96,135.00,234.96
ORD_000432,CUST_00185,2026-01-21 17:15:03,Credit Card,Completed,true,2,4,449.96,0.00,4.99,454.95,187.00,267.95
ORD_000433,CUST_00197,2025-12-06 09:49:44,PayPal,Refunded,false,4,5,332.98,0.00,4.99,337.97,112.00,225.97
ORD_000434,CUST_00816,2025-06-13 03:23:02,Credit Card,Cancelled,false,3,6,474.97,0.00,9.99,484.96,147.00,337.96
ORD_000435,CUST_00292,2026-01-21 08:10:58,Credit Card,Completed,true,1,3,255.00,5.00,0.00,250.00,75.00,175.00
ORD_000436,CUST_00054,2026-02-10 14:20:27,Credit Card,Completed,true,1,1,79.99,5.00,9.99,84.98,35.00,49.98
ORD_000437,CUST_00917,2025-11-07 05:41:08,PayPal,Cancelled,false,1,3,104.97,0.00,4.99,109.96,30.00,79.96
ORD_000438,CUST_00694,2025-11-14 13:38:51,UPI,Completed,true,2,3,389.97,0.00,0.00,389.97,155.00,234.97
ORD_000439,CUST_00913,2025-10-28 12:15:18,PayPal,Completed,true,1,1,39.99,0.00,4.99,44.98,12.00,32.98
ORD_000440,CUST_00951,2026-02-18 09:49:41,PayPal,Completed,true,1,3,330.00,0.00,4.99,334.99,144.00,190.99
ORD_000441,CUST_00368,2025-09-02 14:14:19,Credit Card,Completed,true,1,2,399.98,15.00,9.99,394.97,180.00,214.97
ORD_000442,CUST_00140,2025-09-08 09:13:56,Apple Pay,Completed,true,1,3,269.97,0.00,0.00,269.97,90.00,179.97
ORD_000443,CUST_00161,2025-12-17 04:57:08,Buy Now Pay Later,Refunded,false,4,7,569.93,5.00,0.00,564.93,220.00,344.93
ORD_000444,CUST_00748,2026-01-14 15:53:44,Buy Now Pay Later,Cancelled,false,3,5,589.95,10.00,0.00,579.95,246.00,333.95
ORD_000445,CUST_00428,2025-06-28 01:53:32,Credit Card,Completed,true,4,6,564.95,5.00,4.99,564.94,227.00,337.94
ORD_000446,CUST_00572,2026-02-21 23:38:25,Apple Pay,Completed,true,2,4,94.96,0.00,4.99,99.95,30.00,69.95
ORD_000447,CUST_00093,2025-08-22 13:16:28,Buy Now Pay Later,Completed,true,2,3,149.97,10.00,9.99,149.96,52.00,97.96
ORD_000448,CUST_00475,2025-05-12 11:37:36,Credit Card,Cancelled,false,1,3,330.00,15.00,4.99,319.99,144.00,175.99
ORD_000449,CUST_00073,2026-02-09 12:03:36,Apple Pay,Cancelled,false,1,3,599.97,0.00,4.99,604.96,270.00,334.96
ORD_000450,CUST_00969,2026-01-28 08:16:06,Buy Now Pay Later,Cancelled,false,1,3,449.97,15.00,0.00,434.97,195.00,239.97
ORD_000451,CUST_00373,2025-02-17 08:22:36,Apple Pay,Completed,true,1,2,59.98,10.00,0.00,49.98,22.00,27.98
ORD_000452,CUST_00180,2025-12-01 12:20:17,PayPal,Refunded,false,2,4,93.96,0.00,4.99,98.95,26.00,72.95
ORD_000453,CUST_00665,2025-10-10 06:24:47,Apple Pay,Cancelled,false,3,8,419.92,0.00,4.99,424.91,144.00,280.91
ORD_000454,CUST_00284,2025-08-30 12:51:57,Buy Now Pay Later,Completed,true,1,1,29.99,5.00,9.99,34.98,11.00,23.98
ORD_000455,CUST_00482,2026-02-22 22:04:24,Credit Card,Cancelled,false,3,4,229.97,15.00,9.99,224.96,92.00,132.96
ORD_000456,CUST_00083,2025-12-12 18:09:15,Apple Pay,Completed,true,1,1,129.99,0.00,0.00,129.99,55.00,74.99
ORD_000457,CUST_00714,2025-11-09 16:54:44,Credit Card,Completed,true,1,2,49.98,10.00,9.99,49.97,16.00,33.97
ORD_000458,CUST_00427,2026-01-05 15:50:55,Credit Card,Completed,true,1,2,39.98,5.00,9.99,44.97,12.00,32.97
ORD_000459,CUST_00194,2025-03-29 00:48:30,Apple Pay,Completed,true,3,8,749.92,5.00,9.99,754.91,289.00,465.91
ORD_000460,CUST_00498,2025-10-18 21:57:16,Buy Now Pay Later,Cancelled,false,2,3,82.97,5.00,4.99,82.96,28.00,54.96
ORD_000461,CUST_00176,2025-12-30 02:07:28,PayPal,Completed,true,1,2,220.00,0.00,0.00,220.00,96.00,124.00
ORD_000462,CUST_00292,2026-02-14 06:11:20,PayPal,Completed,true,2,6,338.94,0.00,0.00,338.94,108.00,230.94
ORD_000463,CUST_00927,2025-11-29 10:22:15,PayPal,Completed,true,1,2,399.98,0.00,9.99,409.97,180.00,229.97
ORD_000464,CUST_00267,2025-12-30 09:04:19,Apple Pay,Completed,true,1,1,199.99,15.00,4.99,189.98,90.00,99.98
ORD_000465,CUST_00382,2026-02-08 11:09:43,PayPal,Refunded,false,4,6,295.94,5.00,4.99,295.93,111.00,184.93
ORD_000466,CUST_00994,2026-02-07 20:55:08,PayPal,Refunded,false,4,10,779.90,10.00,9.99,779.89,305.00,474.89
ORD_000467,CUST_00706,2025-12-02 00:37:45,Buy Now Pay Later,Cancelled,false,1,1,199.99,0.00,9.99,209.98,90.00,119.98
ORD_000468,CUST_00316,2025-09-18 23:32:30,Apple Pay,Completed,true,2,4,209.96,0.00,0.00,209.96,78.00,131.96
ORD_000469,CUST_00657,2025-05-07 20:33:38,Buy Now Pay Later,Refunded,false,2,5,144.95,0.00,0.00,144.95,44.00,100.95
ORD_000470,CUST_00688,2025-04-27 09:49:26,Buy Now Pay Later,Refunded,false,1,3,119.97,0.00,9.99,129.96,36.00,93.96
ORD_000471,CUST_00967,2025-12-01 02:16:37,Apple Pay,Cancelled,false,1,2,79.98,15.00,4.99,69.97,30.00,39.97
ORD_000472,CUST_00382,2025-08-23 01:07:35,Credit Card,Completed,true,1,1,59.99,5.00,9.99,64.98,22.00,42.98
ORD_000473,CUST_00746,2025-11-30 12:22:18,PayPal,Cancelled,false,4,8,379.92,15.00,4.99,369.91,135.00,234.91
ORD_000474,CUST_00213,2025-09-16 21:59:36,UPI,Completed,true,4,8,719.92,0.00,0.00,719.92,289.00,430.92
ORD_000475,CUST_00570,2026-01-14 01:31:48,Apple Pay,Cancelled,false,2,5,169.95,0.00,4.99,174.94,61.00,113.94
ORD_000476,CUST_00044,2026-01-28 20:46:36,PayPal,Refunded,false,1,1,22.99,15.00,4.99,12.98,6.00,6.98
ORD_000477,CUST_00811,2025-06-20 04:46:45,Apple Pay,Completed,true,1,2,79.98,0.00,9.99,89.97,24.00,65.97
ORD_000478,CUST_00184,2026-02-07 07:14:37,Credit Card,Cancelled,false,2,6,389.94,0.00,4.99,394.93,165.00,229.93
ORD_000479,CUST_00371,2025-12-03 19:49:58,Apple Pay,Completed,true,2,6,224.94,15.00,0.00,209.94,66.00,143.94
ORD_000480,CUST_00590,2026-01-25 01:56:00,UPI,Completed,true,1,3,599.97,0.00,4.99,604.96,270.00,334.96
ORD_000481,CUST_00139,2026-01-25 04:25:35,Apple Pay,Completed,true,1,1,110.00,5.00,9.99,114.99,48.00,66.99
ORD_000482,CUST_00297,2025-10-15 21:15:29,PayPal,Refunded,false,2,4,219.96,0.00,9.99,229.95,79.00,150.95
ORD_000483,CUST_00771,2025-05-29 06:02:57,Apple Pay,Refunded,false,1,3,449.97,15.00,4.99,439.96,195.00,244.96
ORD_000484,CUST_00715,2026-02-26 22:33:48,Credit Card,Completed,true,1,1,34.99,0.00,0.00,34.99,10.00,24.99
ORD_000485,CUST_00531,2025-06-07 08:24:46,PayPal,Completed,true,2,4,469.96,0.00,0.00,469.96,201.00,268.96
ORD_000486,CUST_00227,2026-02-16 21:52:28,Buy Now Pay Later,Completed,true,2,4,98.96,10.00,9.99,98.95,26.00,72.95
ORD_000487,CUST_00428,2025-12-06 17:47:00,Apple Pay,Completed,true,1,2,79.98,0.00,4.99,84.97,30.00,54.97
ORD_000488,CUST_00708,2025-10-20 00:01:18,Apple Pay,Completed,true,3,5,324.96,0.00,9.99,334.95,114.00,220.95
ORD_000489,CUST_00228,2025-09-24 14:02:18,PayPal,Cancelled,false,1,1,119.99,0.00,0.00,119.99,45.00,74.99
ORD_000490,CUST_00081,2026-01-25 16:37:48,UPI,Cancelled,false,2,2,179.98,0.00,4.99,184.97,75.00,109.97
ORD_000491,CUST_00111,2025-04-26 14:49:09,Credit Card,Cancelled,false,2,3,279.97,0.00,4.99,284.96,114.00,170.96
ORD_000492,CUST_00684,2025-06-12 11:00:36,PayPal,Completed,true,2,5,304.98,10.00,0.00,294.98,91.00,203.98
ORD_000493,CUST_00030,2025-03-20 16:53:00,Buy Now Pay Later,Completed,true,3,7,319.94,0.00,0.00,319.94,108.00,211.94
ORD_000494,CUST_00518,2026-02-09 00:56:41,PayPal,Completed,true,1,3,104.97,0.00,9.99,114.96,30.00,84.96
ORD_000495,CUST_00197,2026-01-07 07:45:02,UPI,Completed,true,3,8,435.92,0.00,9.99,445.91,177.00,268.91
ORD_000496,CUST_00190,2026-02-02 17:47:27,PayPal,Cancelled,false,4,6,449.95,0.00,9.99,459.94,164.00,295.94
ORD_000497,CUST_00478,2025-11-05 20:24:00,Buy Now Pay Later,Refunded,false,1,3,330.00,15.00,4.99,319.99,144.00,175.99
ORD_000498,CUST_00042,2025-12-02 21:17:00,Buy Now Pay Later,Completed,true,1,3,209.97,0.00,4.99,214.96,75.00,139.96
ORD_000499,CUST_00320,2025-12-23 20:40:22,PayPal,Completed,true,1,1,19.99,0.00,4.99,24.98,6.00,18.98
ORD_000500,CUST_00917,2026-02-25 08:44:00,Credit Card,Completed,true,3,7,639.95,15.00,4.99,629.94,261.00,368.94
ORD_000501,CUST_00675,2025-11-22 19:42:52,Buy Now Pay Later,Completed,true,1,1,69.99,5.00,9.99,74.98,25.00,49.98
ORD_000502,CUST_00760,2025-05-24 14:54:25,Buy Now Pay Later,Completed,true,1,2,49.98,0.00,0.00,49.98,16.00,33.98
ORD_000503,CUST_00126,2025-10-21 21:42:08,UPI,Completed,true,2,4,139.96,10.00,4.99,134.95,40.00,94.95
ORD_000504,CUST_00683,2026-02-06 08:35:40,Apple Pay,Completed,true,2,4,139.96,0.00,0.00,139.96,52.00,87.96
ORD_000505,CUST_00237,2025-04-25 09:08:06,Credit Card,Completed,true,1,1,199.99,0.00,4.99,204.98,90.00,114.98
ORD_000506,CUST_00392,2026-01-07 04:03:04,Credit Card,Cancelled,false,1,1,59.99,10.00,9.99,59.98,22.00,37.98
ORD_000507,CUST_00677,2026-02-24 03:30:01,Apple Pay,Completed,true,1,3,119.97,5.00,9.99,124.96,36.00,88.96
ORD_000508,CUST_00352,2026-01-27 19:40:33,UPI,Refunded,false,2,4,439.96,0.00,4.99,444.95,192.00,252.95
ORD_000509,CUST_00454,2025-09-10 08:50:06,PayPal,Completed,true,1,2,45.98,15.00,4.99,35.97,12.00,23.97
ORD_000510,CUST_00442,2025-04-10 11:23:19,UPI,Completed,true,2,6,269.94,10.00,9.99,269.93,96.00,173.93
ORD_000511,CUST_00702,2026-02-15 13:56:02,Credit Card,Refunded,false,1,2,45.98,0.00,9.99,55.97,12.00,43.97
ORD_000512,CUST_00270,2025-10-18 10:31:57,Buy Now Pay Later,Refunded,false,4,6,614.96,0.00,0.00,614.96,247.00,367.96
ORD_000513,CUST_00829,2025-02-03 01:06:28,Apple Pay,Cancelled,false,1,2,99.98,5.00,4.99,99.97,40.00,59.97
ORD_000514,CUST_00360,2025-07-24 06:34:46,Buy Now Pay Later,Cancelled,false,1,1,119.99,15.00,4.99,109.98,45.00,64.98
ORD_000515,CUST_00933,2025-11-26 15:44:52,Apple Pay,Completed,true,1,1,89.99,0.00,9.99,99.98,30.00,69.98
ORD_000516,CUST_00472,2026-01-03 17:18:43,UPI,Completed,true,2,4,94.96,0.00,9.99,104.95,28.00,76.95
ORD_000517,CUST_00325,2025-07-06 18:52:57,Credit Card,Refunded,false,1,3,104.97,0.00,4.99,109.96,30.00,79.96
ORD_000518,CUST_00692,2025-12-05 08:40:26,Apple Pay,Completed,true,1,2,299.98,0.00,9.99,309.97,130.00,179.97
ORD_000519,CUST_00993,2025-10-21 16:52:39,Apple Pay,Completed,true,1,2,259.98,10.00,0.00,249.98,110.00,139.98
ORD_000520,CUST_00049,2025-11-17 01:09:11,Credit Card,Refunded,false,1,3,359.97,10.00,9.99,359.96,135.00,224.96
ORD_000521,CUST_00865,2026-02-12 22:37:30,UPI,Completed,true,2,3,199.97,10.00,9.99,199.96,75.00,124.96
ORD_000522,CUST_00356,2026-02-22 11:14:40,Buy Now Pay Later,Completed,true,2,3,149.97,0.00,4.99,154.96,52.00,102.96
ORD_000523,CUST_00425,2025-11-26 01:33:54,Buy Now Pay Later,Completed,true,2,4,98.96,0.00,0.00,98.96,29.00,69.96
ORD_000524,CUST_00512,2025-11-11 01:24:19,Credit Card,Cancelled,false,4,8,210.92,10.00,9.99,210.91,67.00,143.91
ORD_000525,CUST_00152,2025-12-27 20:58:02,Credit Card,Completed,true,2,4,199.96,5.00,4.99,199.95,72.00,127.95
ORD_000526,CUST_00867,2025-12-26 10:21:48,Credit Card,Completed,true,3,3,244.97,5.00,0.00,239.97,85.00,154.97
ORD_000527,CUST_00252,2025-09-26 23:59:51,Credit Card,Completed,true,1,1,19.99,5.00,9.99,24.98,6.00,18.98
ORD_000528,CUST_00164,2025-08-30 01:57:52,PayPal,Completed,true,1,3,104.97,15.00,9.99,99.96,30.00,69.96
ORD_000529,CUST_00873,2025-11-29 13:02:11,Apple Pay,Cancelled,false,1,3,239.97,0.00,0.00,239.97,105.00,134.97
ORD_000530,CUST_00306,2025-08-08 03:49:12,Buy Now Pay Later,Completed,true,3,7,639.93,0.00,0.00,639.93,255.00,384.93
ORD_000531,CUST_00535,2026-02-10 19:09:14,Buy Now Pay Later,Refunded,false,3,5,179.95,0.00,0.00,179.95,52.00,127.95
ORD_000532,CUST_00853,2025-12-16 12:04:01,PayPal,Cancelled,false,2,3,69.97,0.00,0.00,69.97,22.00,47.97
ORD_000533,CUST_00451,2025-11-22 14:39:22,Credit Card,Completed,true,3,7,565.93,0.00,9.99,575.92,228.00,347.92
ORD_000534,CUST_00487,2026-02-16 02:56:23,Buy Now Pay Later,Completed,true,4,8,524.95,0.00,0.00,524.95,205.00,319.95
ORD_000535,CUST_00708,2026-02-17 00:23:25,Apple Pay,Completed,true,1,3,209.97,0.00,9.99,219.96,75.00,144.96
ORD_000536,CUST_00125,2025-12-29 22:48:32,Credit Card,Completed,true,3,4,314.97,0.00,4.99,319.96,120.00,199.96
ORD_000537,CUST_00881,2026-01-27 08:32:44,UPI,Completed,true,3,7,759.93,0.00,0.00,759.93,328.00,431.93
ORD_000538,CUST_00949,2025-08-23 10:54:12,Apple Pay,Cancelled,false,1,3,149.97,0.00,9.99,159.96,60.00,99.96
ORD_000539,CUST_00068,2025-10-06 21:07:28,Credit Card,Completed,true,2,4,472.96,5.00,9.99,477.95,201.00,276.95
ORD_000540,CUST_00657,2025-05-03 10:12:38,PayPal,Cancelled,false,1,3,119.97,0.00,4.99,124.96,45.00,79.96
ORD_000541,CUST_00313,2025-07-12 16:58:50,PayPal,Refunded,false,1,3,269.97,0.00,9.99,279.96,90.00,189.96
ORD_000542,CUST_00703,2026-01-17 07:09:36,Buy Now Pay Later,Completed,true,1,2,79.98,0.00,0.00,79.98,30.00,49.98
ORD_000543,CUST_00819,2025-08-01 17:39:03,UPI,Completed,true,1,3,330.00,0.00,4.99,334.99,144.00,190.99
ORD_000544,CUST_00230,2025-10-23 12:51:32,Apple Pay,Completed,true,3,5,504.98,5.00,0.00,499.98,175.00,324.98
ORD_000545,CUST_00411,2025-12-29 01:01:20,Buy Now Pay Later,Refunded,false,1,1,129.99,0.00,0.00,129.99,55.00,74.99
ORD_000546,CUST_00015,2026-02-14 16:11:19,PayPal,Completed,true,2,3,109.97,0.00,0.00,109.97,35.00,74.97
ORD_000547,CUST_00295,2026-02-02 09:38:11,Apple Pay,Completed,true,1,3,74.97,10.00,0.00,64.97,24.00,40.97
ORD_000548,CUST_00694,2025-10-19 02:20:31,Apple Pay,Completed,true,1,1,39.99,0.00,4.99,44.98,15.00,29.98
ORD_000549,CUST_00633,2025-08-16 08:43:40,UPI,Completed,true,1,1,29.99,0.00,0.00,29.99,11.00,18.99
ORD_000550,CUST_00893,2025-08-30 04:31:16,UPI,Cancelled,false,1,3,74.97,15.00,4.99,64.96,24.00,40.96
ORD_000551,CUST_00612,2025-09-05 22:37:18,PayPal,Completed,true,1,2,399.98,0.00,4.99,404.97,180.00,224.97
ORD_000552,CUST_00931,2025-07-25 09:40:09,Buy Now Pay Later,Refunded,false,3,6,729.96,0.00,9.99,739.95,300.00,439.95
ORD_000553,CUST_00688,2025-08-15 12:27:42,UPI,Completed,true,4,6,570.94,0.00,9.99,580.93,232.00,348.93
ORD_000554,CUST_00325,2025-11-12 22:10:29,Credit Card,Refunded,false,1,1,34.99,0.00,4.99,39.98,10.00,29.98
ORD_000555,CUST_00512,2025-11-24 06:31:52,Buy Now Pay Later,Cancelled,false,1,2,39.98,0.00,4.99,44.97,12.00,32.97
ORD_000556,CUST_00530,2026-02-04 19:44:03,UPI,Completed,true,3,3,229.97,10.00,9.99,229.96,92.00,137.96
ORD_000557,CUST_00056,2025-10-03 06:10:12,UPI,Completed,true,1,2,69.98,0.00,9.99,79.97,20.00,59.97
ORD_000558,CUST_00119,2025-11-09 22:39:42,UPI,Completed,true,1,1,22.99,5.00,4.99,22.98,6.00,16.98
ORD_000559,CUST_00867,2026-02-24 02:36:16,PayPal,Completed,true,1,1,129.99,0.00,4.99,134.98,55.00,79.98
ORD_000560,CUST_00768,2026-02-28 08:58:58,Buy Now Pay Later,Completed,true,2,4,129.96,10.00,0.00,119.96,38.00,81.96
ORD_000561,CUST_00427,2025-07-09 05:28:03,Credit Card,Completed,true,2,4,399.96,0.00,4.99,404.95,170.00,234.95
ORD_000562,CUST_00605,2026-01-17 23:37:41,UPI,Completed,true,1,2,259.98,5.00,9.99,264.97,110.00,154.97
ORD_000563,CUST_00644,2026-01-08 18:41:27,UPI,Refunded,false,2,5,899.95,15.00,9.99,894.94,400.00,494.94
ORD_000564,CUST_00752,2026-02-28 19:07:43,Apple Pay,Refunded,false,1,1,199.99,15.00,4.99,189.98,90.00,99.98
ORD_000565,CUST_00762,2025-11-26 18:54:09,UPI,Refunded,false,4,4,319.97,0.00,0.00,319.97,115.00,204.97
ORD_000566,CUST_00398,2026-01-28 04:18:57,UPI,Completed,true,1,2,79.98,0.00,4.99,84.97,30.00,54.97
ORD_000567,CUST_00754,2025-11-28 00:38:01,PayPal,Cancelled,false,2,4,319.98,0.00,9.99,329.97,136.00,193.97
ORD_000568,CUST_00907,2025-07-28 11:12:16,UPI,Completed,true,1,2,170.00,5.00,0.00,165.00,50.00,115.00
ORD_000569,CUST_00629,2025-05-11 15:49:51,UPI,Completed,true,2,4,589.96,10.00,4.99,584.95,255.00,329.95
ORD_000570,CUST_00664,2026-02-07 15:38:10,Buy Now Pay Later,Cancelled,false,1,1,39.99,10.00,9.99,39.98,12.00,27.98
ORD_000571,CUST_00298,2026-01-24 03:52:01,PayPal,Completed,true,1,3,119.97,0.00,0.00,119.97,36.00,83.97
ORD_000572,CUST_00925,2025-06-23 18:16:31,Credit Card,Completed,true,2,4,164.96,0.00,9.99,174.95,52.00,122.95
ORD_000573,CUST_00111,2025-10-29 04:47:12,Buy Now Pay Later,Completed,true,1,2,59.98,15.00,9.99,54.97,22.00,32.97
ORD_000574,CUST_00364,2025-08-09 10:33:15,UPI,Refunded,false,1,1,29.99,0.00,0.00,29.99,8.00,21.99
ORD_000575,CUST_00806,2026-01-05 21:09:58,Apple Pay,Completed,true,1,3,59.97,15.00,4.99,49.96,18.00,31.96
ORD_000576,CUST_00742,2025-12-30 12:49:59,PayPal,Cancelled,false,1,1,34.99,0.00,0.00,34.99,10.00,24.99
ORD_000577,CUST_00081,2026-02-25 23:28:01,Credit Card,Refunded,false,1,1,49.99,5.00,9.99,54.98,20.00,34.98
ORD_000578,CUST_00405,2025-11-08 04:31:50,UPI,Completed,true,1,3,119.97,5.00,9.99,124.96,36.00,88.96
ORD_000579,CUST_00989,2026-02-17 18:07:01,UPI,Completed,true,2,3,280.00,15.00,9.99,274.99,98.00,176.99
ORD_000580,CUST_00129,2025-05-13 22:19:10,Credit Card,Completed,true,1,1,79.99,15.00,0.00,64.99,35.00,29.99
ORD_000581,CUST_00493,2026-02-02 11:23:33,Apple Pay,Completed,true,2,3,62.97,0.00,0.00,62.97,18.00,44.97
ORD_000582,CUST_00486,2025-09-07 23:20:03,UPI,Completed,true,1,2,79.98,15.00,9.99,74.97,30.00,44.97
ORD_000583,CUST_00483,2026-01-14 04:15:29,Credit Card,Completed,true,2,3,109.97,10.00,4.99,104.96,38.00,66.96
ORD_000584,CUST_00106,2026-01-27 06:15:37,UPI,Completed,true,3,8,318.92,0.00,4.99,323.91,104.00,219.91
ORD_000585,CUST_00743,2026-02-10 18:12:53,UPI,Cancelled,false,3,8,959.92,10.00,0.00,949.92,396.00,553.92
ORD_000586,CUST_00066,2025-06-03 18:03:41,Buy Now Pay Later,Cancelled,false,1,3,119.97,0.00,4.99,124.96,36.00,88.96
ORD_000587,CUST_00356,2025-12-17 00:35:10,PayPal,Cancelled,false,1,2,179.98,0.00,9.99,189.97,60.00,129.97
ORD_000588,CUST_00353,2025-12-19 05:04:29,UPI,Completed,true,2,3,334.97,10.00,9.99,334.96,140.00,194.96
ORD_000589,CUST_00741,2026-01-30 22:22:48,Apple Pay,Completed,true,3,7,539.96,10.00,0.00,529.96,210.00,319.96
ORD_000590,CUST_00684,2025-12-13 00:07:23,Credit Card,Completed,true,1,2,179.98,10.00,4.99,174.97,60.00,114.97
ORD_000591,CUST_00966,2026-01-15 17:27:09,Apple Pay,Completed,true,1,2,45.98,0.00,0.00,45.98,12.00,33.98
ORD_000592,CUST_00366,2026-02-27 14:15:23,Apple Pay,Completed,true,1,2,59.98,0.00,0.00,59.98,16.00,43.98
ORD_000593,CUST_00117,2025-12-11 03:28:17,Apple Pay,Completed,true,1,2,239.98,5.00,4.99,239.97,90.00,149.97
ORD_000594,CUST_00788,2025-07-21 16:03:15,Buy Now Pay Later,Refunded,false,1,3,119.97,15.00,9.99,114.96,45.00,69.96
ORD_000595,CUST_00107,2026-02-28 17:19:34,Buy Now Pay Later,Completed,true,3,5,334.98,0.00,9.99,344.97,106.00,238.97
ORD_000596,CUST_00520,2025-06-08 04:33:08,Apple Pay,Completed,true,2,5,294.97,0.00,9.99,304.96,120.00,184.96
ORD_000597,CUST_00781,2025-09-21 20:12:26,Apple Pay,Completed,true,2,2,89.98,15.00,4.99,79.97,35.00,44.97
ORD_000598,CUST_00869,2025-10-15 22:27:28,PayPal,Completed,true,4,8,849.92,0.00,9.99,859.91,344.00,515.91
ORD_000599,CUST_00773,2026-02-08 18:42:53,PayPal,Completed,true,2,3,199.97,10.00,4.99,194.96,75.00,119.96
ORD_000600,CUST_00424,2026-01-28 22:18:21,Buy Now Pay Later,Completed,true,4,6,359.95,0.00,0.00,359.95,148.00,211.95
ORD_000601,CUST_00412,2026-01-26 03:40:38,PayPal,Completed,true,1,3,209.97,0.00,9.99,219.96,75.00,144.96
ORD_000602,CUST_00060,2026-01-09 13:11:54,Buy Now Pay Later,Cancelled,false,2,5,239.95,5.00,4.99,239.94,82.00,157.94
ORD_000603,CUST_00761,2025-09-05 16:17:30,PayPal,Completed,true,1,3,104.97,10.00,9.99,104.96,30.00,74.96
ORD_000604,CUST_00414,2026-01-10 19:32:51,UPI,Cancelled,false,1,3,68.97,10.00,9.99,68.96,18.00,50.96
ORD_000605,CUST_00354,2026-02-01 23:41:18,PayPal,Completed,true,3,8,1035.92,0.00,4.99,1040.91,447.00,593.91
ORD_000606,CUST_00219,2025-03-18 12:05:12,Credit Card,Refunded,false,2,4,479.96,15.00,0.00,464.96,203.00,261.96
ORD_000607,CUST_00607,2025-08-18 15:45:44,Credit Card,Completed,true,3,7,249.93,0.00,9.99,259.92,80.00,179.92
ORD_000608,CUST_00520,2025-09-12 21:58:50,Buy Now Pay Later,Completed,true,1,3,149.97,5.00,4.99,149.96,60.00,89.96
ORD_000609,CUST_00006,2025-12-12 19:20:41,Apple Pay,Completed,true,4,12,788.91,0.00,4.99,793.90,258.00,535.90
ORD_000610,CUST_00144,2025-11-20 10:47:12,PayPal,Refunded,false,2,4,399.96,10.00,9.99,399.95,170.00,229.95
ORD_000611,CUST_00101,2025-09-06 03:45:43,Credit Card,Cancelled,false,1,2,39.98,0.00,0.00,39.98,12.00,27.98
ORD_000612,CUST_00910,2025-06-12 12:12:11,Buy Now Pay Later,Completed,true,1,2,259.98,0.00,9.99,269.97,110.00,159.97
ORD_000613,CUST_00603,2026-01-18 04:18:42,UPI,Refunded,false,2,5,174.95,5.00,9.99,179.94,50.00,129.94
ORD_000614,CUST_00954,2025-12-13 02:59:47,UPI,Cancelled,false,4,10,404.90,5.00,9.99,409.89,129.00,280.89
ORD_000615,CUST_00121,2025-08-29 17:18:03,Credit Card,Completed,true,1,3,269.97,10.00,4.99,264.96,90.00,174.96
ORD_000616,CUST_00873,2026-02-08 16:31:33,Buy Now Pay Later,Completed,true,1,1,34.99,0.00,0.00,34.99,10.00,24.99
ORD_000617,CUST_00121,2025-10-30 09:39:20,Buy Now Pay Later,Completed,true,4,7,444.94,0.00,0.00,444.94,163.00,281.94
ORD_000618,CUST_00221,2025-06-16 07:14:45,Credit Card,Cancelled,false,1,1,49.99,10.00,4.99,44.98,20.00,24.98
ORD_000619,CUST_00428,2025-12-14 18:34:56,UPI,Refunded,false,1,3,89.97,0.00,4.99,94.96,33.00,61.96
ORD_000620,CUST_00854,2025-10-24 15:36:11,UPI,Completed,true,2,4,119.96,5.00,9.99,124.95,41.00,83.95
ORD_000621,CUST_00334,2026-01-11 10:56:01,Apple Pay,Refunded,false,2,4,129.96,0.00,4.99,134.95,43.00,91.95
ORD_000622,CUST_00982,2026-02-06 13:12:41,Credit Card,Cancelled,false,1,3,389.97,0.00,9.99,399.96,165.00,234.96
ORD_000623,CUST_00646,2025-10-03 10:16:02,Buy Now Pay Later,Refunded,false,2,4,198.96,0.00,9.99,208.95,73.00,135.95
ORD_000624,CUST_00981,2025-06-16 04:28:32,PayPal,Completed,true,2,3,179.97,15.00,9.99,174.96,75.00,99.96
ORD_000625,CUST_00806,2026-01-08 04:09:03,Apple Pay,Completed,true,3,6,289.94,10.00,9.99,289.93,108.00,181.93
ORD_000626,CUST_00504,2026-02-08 05:02:35,Buy Now Pay Later,Completed,true,1,2,179.98,5.00,0.00,174.98,60.00,114.98
ORD_000627,CUST_00392,2025-10-31 17:01:16,Apple Pay,Completed,true,1,1,49.99,10.00,0.00,39.99,20.00,19.99
ORD_000628,CUST_00188,2026-01-10 09:23:36,Credit Card,Completed,true,1,3,59.97,15.00,0.00,44.97,18.00,26.97
ORD_000629,CUST_00985,2026-01-21 05:59:51,Credit Card,Completed,true,1,2,399.98,0.00,4.99,404.97,180.00,224.97
ORD_000630,CUST_00146,2026-01-12 17:19:28,PayPal,Completed,true,1,3,149.97,0.00,0.00,149.97,60.00,89.97
ORD_000631,CUST_00601,2025-11-10 17:42:45,Credit Card,Completed,true,2,4,199.96,0.00,4.99,204.95,66.00,138.95
ORD_000632,CUST_00567,2026-02-09 05:31:01,Credit Card,Completed,true,1,2,39.98,15.00,0.00,24.98,12.00,12.98
ORD_000633,CUST_00568,2025-12-02 03:27:39,Apple Pay,Cancelled,false,1,3,68.97,15.00,0.00,53.97,18.00,35.97
ORD_000634,CUST_00417,2026-02-06 17:41:48,PayPal,Completed,true,3,6,184.94,0.00,9.99,194.93,62.00,132.93
ORD_000635,CUST_00985,2026-02-12 13:36:49,PayPal,Completed,true,1,1,29.99,10.00,4.99,24.98,11.00,13.98
ORD_000636,CUST_00062,2025-12-10 12:01:45,Buy Now Pay Later,Completed,true,2,5,429.97,15.00,0.00,414.97,171.00,243.97
ORD_000637,CUST_00047,2025-05-30 07:59:31,Credit Card,Cancelled,false,2,4,309.96,0.00,4.99,314.95,121.00,193.95
ORD_000638,CUST_00570,2025-12-09 14:15:54,Apple Pay,Completed,true,1,3,89.97,0.00,9.99,99.96,24.00,75.96
ORD_000639,CUST_00268,2026-02-25 07:53:20,Apple Pay,Cancelled,false,1,1,119.99,15.00,4.99,109.98,45.00,64.98
ORD_000640,CUST_00471,2025-10-05 14:36:47,PayPal,Completed,true,3,8,439.92,0.00,0.00,439.92,171.00,268.92
ORD_000641,CUST_00721,2025-12-09 08:37:35,UPI,Completed,true,2,4,412.96,0.00,9.99,422.95,171.00,251.95
ORD_000642,CUST_00362,2026-02-20 23:43:55,Credit Card,Completed,true,3,5,449.97,15.00,0.00,434.97,176.00,258.97
ORD_000643,CUST_00456,2025-10-20 13:06:46,Buy Now Pay Later,Completed,true,2,5,324.97,0.00,0.00,324.97,126.00,198.97
ORD_000644,CUST_00828,2025-07-16 19:03:56,Buy Now Pay Later,Completed,true,4,6,464.95,15.00,9.99,459.94,184.00,275.94
ORD_000645,CUST_00406,2026-01-12 23:29:23,Buy Now Pay Later,Completed,true,2,6,389.94,10.00,0.00,379.94,126.00,253.94
ORD_000646,CUST_00618,2026-01-31 01:35:13,PayPal,Completed,true,1,2,79.98,15.00,0.00,64.98,30.00,34.98
ORD_000647,CUST_00956,2025-11-11 21:46:35,Buy Now Pay Later,Refunded,false,2,5,154.95,15.00,0.00,139.95,46.00,93.95
ORD_000648,CUST_00698,2026-01-06 13:50:01,Credit Card,Completed,true,3,8,1089.92,5.00,4.99,1089.91,477.00,612.91
ORD_000649,CUST_00508,2025-11-30 21:34:01,Buy Now Pay Later,Refunded,false,2,4,639.96,0.00,4.99,644.95,270.00,374.95
ORD_000650,CUST_00006,2025-11-19 00:05:48,PayPal,Completed,true,1,3,104.97,0.00,9.99,114.96,30.00,84.96
ORD_000651,CUST_00434,2025-08-02 17:12:03,Credit Card,Completed,true,1,1,149.99,0.00,0.00,149.99,65.00,84.99
ORD_000652,CUST_00492,2025-09-18 22:43:34,UPI,Completed,true,2,3,219.97,0.00,0.00,219.97,85.00,134.97
ORD_000653,CUST_00853,2025-08-08 04:48:51,UPI,Completed,true,2,4,509.96,10.00,9.99,509.95,210.00,299.95
ORD_000654,CUST_00458,2025-10-25 05:59:43,Apple Pay,Completed,true,1,3,599.97,0.00,4.99,604.96,270.00,334.96
ORD_000655,CUST_00067,2025-08-17 06:22:09,UPI,Completed,true,3,5,409.95,10.00,9.99,409.94,167.00,242.94
ORD_000656,CUST_00058,2025-09-28 22:52:39,Buy Now Pay Later,Completed,true,1,2,139.98,5.00,0.00,134.98,50.00,84.98
ORD_000657,CUST_00239,2026-02-02 17:54:00,Buy Now Pay Later,Cancelled,false,2,4,159.96,5.00,4.99,159.95,58.00,101.95
ORD_000658,CUST_00348,2026-02-27 12:10:38,PayPal,Cancelled,false,2,2,59.98,0.00,9.99,69.97,19.00,50.97
ORD_000659,CUST_00013,2025-11-07 12:46:17,Buy Now Pay Later,Cancelled,false,1,2,49.98,10.00,0.00,39.98,16.00,23.98
ORD_000660,CUST_00364,2025-12-16 11:45:18,Credit Card,Completed,true,2,2,119.98,0.00,0.00,119.98,41.00,78.98
ORD_000661,CUST_00320,2025-11-14 01:04:39,PayPal,Completed,true,2,3,229.98,10.00,9.99,229.97,92.00,137.97
ORD_000662,CUST_00317,2025-12-24 00:49:53,PayPal,Completed,true,1,1,79.99,10.00,9.99,79.98,35.00,44.98
ORD_000663,CUST_00244,2025-09-22 06:06:04,PayPal,Refunded,false,3,4,264.98,0.00,9.99,274.97,110.00,164.97
ORD_000664,CUST_00684,2025-12-10 05:20:36,Apple Pay,Cancelled,false,2,5,389.95,10.00,9.99,389.94,163.00,226.94
ORD_000665,CUST_00429,2025-11-05 14:21:41,Credit Card,Completed,true,1,3,599.97,5.00,0.00,594.97,270.00,324.97
ORD_000666,CUST_00229,2025-07-18 19:17:56,UPI,Completed,true,2,3,199.97,15.00,4.99,189.96,69.00,120.96
ORD_000667,CUST_00189,2025-08-07 00:08:35,Credit Card,Completed,true,1,1,110.00,0.00,9.99,119.99,48.00,71.99
ORD_000668,CUST_00298,2026-01-13 08:38:57,PayPal,Completed,true,2,3,419.99,0.00,0.00,419.99,186.00,233.99
ORD_000669,CUST_00225,2026-01-22 15:21:47,PayPal,Cancelled,false,1,1,22.99,0.00,0.00,22.99,6.00,16.99
ORD_000670,CUST_00181,2025-09-29 15:32:27,Credit Card,Completed,true,1,2,79.98,5.00,9.99,84.97,30.00,54.97
ORD_000671,CUST_00959,2025-11-21 08:09:35,PayPal,Completed,true,1,3,330.00,0.00,9.99,339.99,144.00,195.99
ORD_000672,CUST_00819,2025-12-12 07:47:22,PayPal,Completed,true,3,8,609.92,0.00,0.00,609.92,250.00,359.92
ORD_000673,CUST_00384,2025-06-11 13:46:28,Buy Now Pay Later,Refunded,false,1,1,119.99,0.00,9.99,129.98,45.00,84.98
ORD_000674,CUST_00875,2026-02-04 00:11:23,Apple Pay,Completed,true,2,4,509.96,0.00,9.99,519.95,200.00,319.95
ORD_000675,CUST_00992,2026-02-21 06:54:27,Buy Now Pay Later,Completed,true,1,1,129.99,5.00,9.99,134.98,55.00,79.98
ORD_000676,CUST_00172,2025-12-26 02:40:26,UPI,Completed,true,2,3,249.99,5.00,9.99,254.98,104.00,150.98
ORD_000677,CUST_00730,2026-02-14 11:24:54,UPI,Refunded,false,2,6,374.97,0.00,9.99,384.96,111.00,273.96
ORD_000678,CUST_00666,2025-09-01 07:52:53,UPI,Completed,true,1,1,24.99,5.00,0.00,19.99,8.00,11.99
ORD_000679,CUST_00314,2026-02-04 16:54:36,PayPal,Completed,true,2,3,179.98,10.00,0.00,169.98,68.00,101.98
ORD_000680,CUST_00456,2026-01-27 11:21:23,Buy Now Pay Later,Completed,true,1,2,399.98,5.00,9.99,404.97,180.00,224.97
ORD_000681,CUST_00437,2025-09-21 11:36:37,Apple Pay,Completed,true,1,2,220.00,5.00,4.99,219.99,96.00,123.99
ORD_000682,CUST_00026,2025-05-06 04:42:47,Apple Pay,Completed,true,1,3,389.97,0.00,0.00,389.97,165.00,224.97
ORD_000683,CUST_00526,2025-09-11 07:59:54,Buy Now Pay Later,Completed,true,3,4,349.98,0.00,0.00,349.98,125.00,224.98
ORD_000684,CUST_00692,2025-12-29 07:26:50,Buy Now Pay Later,Completed,true,1,1,34.99,0.00,9.99,44.98,10.00,34.98
ORD_000685,CUST_00876,2026-02-27 14:04:14,Apple Pay,Cancelled,false,2,4,229.96,0.00,4.99,234.95,90.00,144.95
ORD_000686,CUST_00842,2025-12-28 06:16:48,PayPal,Cancelled,false,1,1,29.99,0.00,4.99,34.98,8.00,26.98
ORD_000687,CUST_00741,2026-01-13 09:47:36,UPI,Completed,true,1,2,69.98,10.00,4.99,64.97,20.00,44.97
ORD_000688,CUST_00811,2025-07-22 14:23:44,Buy Now Pay Later,Completed,true,3,4,214.98,5.00,4.99,214.97,64.00,150.97
ORD_000689,CUST_00592,2025-08-26 18:19:18,UPI,Completed,true,3,7,499.95,0.00,0.00,499.95,202.00,297.95
ORD_000690,CUST_00782,2026-02-16 16:40:15,Credit Card,Refunded,false,1,1,34.99,0.00,9.99,44.98,10.00,34.98
ORD_000691,CUST_00158,2025-07-02 14:33:50,PayPal,Refunded,false,2,3,204.99,5.00,4.99,204.98,60.00,144.98
ORD_000692,CUST_00548,2025-08-11 15:54:50,Apple Pay,Completed,true,1,1,149.99,10.00,4.99,144.98,65.00,79.98
ORD_000693,CUST_00176,2025-04-08 01:53:08,PayPal,Cancelled,false,2,3,279.97,0.00,0.00,279.97,114.00,165.97
ORD_000694,CUST_00291,2025-12-24 06:50:49,Credit Card,Completed,true,1,2,59.98,0.00,4.99,64.97,16.00,48.97
ORD_000695,CUST_00531,2025-02-22 08:22:31,Credit Card,Completed,true,1,1,19.99,5.00,0.00,14.99,6.00,8.99
ORD_000696,CUST_00550,2025-11-18 03:37:39,Apple Pay,Completed,true,2,5,214.95,0.00,0.00,214.95,74.00,140.95
ORD_000697,CUST_00681,2025-11-20 05:12:16,UPI,Completed,true,2,3,154.97,0.00,9.99,164.96,54.00,110.96
ORD_000698,CUST_00008,2025-12-20 13:24:32,Buy Now Pay Later,Completed,true,1,2,139.98,10.00,0.00,129.98,50.00,79.98
ORD_000699,CUST_00933,2026-02-17 06:31:39,Apple Pay,Completed,true,1,3,599.97,15.00,0.00,584.97,270.00,314.97
ORD_000700,CUST_00903,2026-01-17 07:56:00,UPI,Completed,true,2,2,129.98,10.00,0.00,119.98,47.00,72.98
ORD_000701,CUST_00922,2026-01-31 09:39:34,Buy Now Pay Later,Cancelled,false,1,1,69.99,15.00,0.00,54.99,25.00,29.99
ORD_000702,CUST_00403,2026-01-03 07:42:06,Buy Now Pay Later,Completed,true,1,2,179.98,0.00,9.99,189.97,60.00,129.97
ORD_000703,CUST_00683,2025-12-02 18:47:59,Credit Card,Cancelled,false,2,3,89.97,5.00,9.99,94.96,28.00,66.96
ORD_000704,CUST_00774,2026-01-09 17:43:49,Apple Pay,Refunded,false,2,4,209.96,5.00,0.00,204.96,83.00,121.96
ORD_000705,CUST_00046,2026-01-22 17:41:42,UPI,Completed,true,1,1,29.99,5.00,4.99,29.98,11.00,18.98
ORD_000706,CUST_00407,2025-09-20 02:31:21,UPI,Completed,true,1,2,79.98,0.00,9.99,89.97,30.00,59.97
ORD_000707,CUST_00473,2025-02-27 17:51:11,Apple Pay,Completed,true,2,2,149.98,0.00,4.99,154.97,56.00,98.97
ORD_000708,CUST_00859,2025-06-25 13:52:10,UPI,Refunded,false,1,1,59.99,0.00,9.99,69.98,22.00,47.98
ORD_000709,CUST_00080,2025-07-17 11:46:49,PayPal,Cancelled,false,1,3,89.97,0.00,0.00,89.97,33.00,56.97
ORD_000710,CUST_00036,2026-02-03 06:51:15,Credit Card,Completed,true,1,2,399.98,15.00,9.99,394.97,180.00,214.97
ORD_000711,CUST_00707,2026-01-07 00:16:39,PayPal,Completed,true,1,1,79.99,0.00,4.99,84.98,35.00,49.98
ORD_000712,CUST_00384,2026-01-27 00:28:27,Credit Card,Completed,true,1,2,159.98,5.00,0.00,154.98,70.00,84.98
ORD_000713,CUST_00841,2025-10-16 08:13:32,PayPal,Cancelled,false,2,3,219.97,15.00,0.00,204.97,85.00,119.97
ORD_000714,CUST_00525,2025-04-23 20:25:18,Buy Now Pay Later,Completed,true,1,2,49.98,10.00,0.00,39.98,16.00,23.98
ORD_000715,CUST_00962,2025-12-20 06:01:09,PayPal,Completed,true,1,1,49.99,0.00,4.99,54.98,20.00,34.98
ORD_000716,CUST_00412,2025-12-11 04:17:48,Credit Card,Completed,true,1,3,74.97,5.00,0.00,69.97,24.00,45.97
ORD_000717,CUST_00835,2025-08-05 23:43:46,Apple Pay,Cancelled,false,2,5,859.95,0.00,4.99,864.94,380.00,484.94
ORD_000718,CUST_00105,2026-01-18 09:26:50,Buy Now Pay Later,Refunded,false,2,5,339.95,0.00,0.00,339.95,110.00,229.95
ORD_000719,CUST_00714,2025-12-26 10:14:34,Apple Pay,Cancelled,false,3,6,509.94,15.00,9.99,504.93,205.00,299.93
ORD_000720,CUST_00344,2025-10-24 09:57:15,PayPal,Refunded,false,3,9,389.91,15.00,9.99,384.90,132.00,252.90
ORD_000721,CUST_00014,2025-06-15 10:58:05,UPI,Completed,true,2,4,229.96,0.00,9.99,239.95,86.00,153.95
ORD_000722,CUST_00082,2025-06-15 18:59:15,UPI,Completed,true,1,1,59.99,0.00,0.00,59.99,22.00,37.99
ORD_000723,CUST_00658,2026-01-11 11:17:35,Apple Pay,Completed,true,3,7,734.96,0.00,4.99,739.95,281.00,458.95
ORD_000724,CUST_00811,2025-11-27 09:03:41,PayPal,Cancelled,false,3,7,809.93,0.00,0.00,809.93,345.00,464.93
ORD_000725,CUST_00255,2026-02-25 03:19:54,PayPal,Cancelled,false,2,5,449.95,10.00,4.99,444.94,165.00,279.94
ORD_000726,CUST_00007,2025-03-12 19:12:43,PayPal,Completed,true,1,1,24.99,0.00,9.99,34.98,8.00,26.98
ORD_000727,CUST_00129,2025-04-10 06:07:55,UPI,Completed,true,2,5,314.95,10.00,0.00,304.95,114.00,190.95
ORD_000728,CUST_00319,2025-10-04 04:03:36,PayPal,Cancelled,false,1,2,39.98,0.00,9.99,49.97,12.00,37.97
ORD_000729,CUST_00293,2026-02-08 15:40:14,UPI,Completed,true,4,7,434.93,0.00,4.99,439.92,162.00,277.92
ORD_000730,CUST_00518,2026-02-12 20:11:30,UPI,Cancelled,false,1,2,79.98,5.00,0.00,74.98,30.00,44.98
ORD_000731,CUST_00875,2025-11-08 04:37:10,Apple Pay,Completed,true,2,4,125.96,15.00,0.00,110.96,42.00,68.96
ORD_000732,CUST_00314,2026-02-10 06:06:13,Apple Pay,Completed,true,1,1,85.00,5.00,0.00,80.00,25.00,55.00
ORD_000733,CUST_00733,2025-11-27 10:17:00,Buy Now Pay Later,Completed,true,1,3,74.97,0.00,0.00,74.97,24.00,50.97
ORD_000734,CUST_00743,2026-01-30 05:48:47,Apple Pay,Completed,true,1,2,39.98,5.00,9.99,44.97,12.00,32.97
ORD_000735,CUST_00502,2025-09-11 00:57:10,PayPal,Cancelled,false,4,8,719.92,5.00,9.99,724.91,307.00,417.91
ORD_000736,CUST_00357,2025-09-18 07:04:48,UPI,Cancelled,false,1,2,220.00,15.00,0.00,205.00,96.00,109.00
ORD_000737,CUST_00754,2025-11-03 10:32:47,Credit Card,Completed,true,1,3,330.00,15.00,9.99,324.99,144.00,180.99
ORD_000738,CUST_00682,2025-10-25 03:48:15,Apple Pay,Completed,true,1,1,29.99,15.00,0.00,14.99,11.00,3.99
ORD_000739,CUST_00617,2026-02-18 11:42:55,UPI,Cancelled,false,3,8,699.92,15.00,9.99,694.91,295.00,399.91
ORD_000740,CUST_00998,2025-07-04 11:17:40,Apple Pay,Refunded,false,3,9,584.94,0.00,9.99,594.93,183.00,411.93
ORD_000741,CUST_00908,2025-11-19 21:01:49,Credit Card,Refunded,false,1,3,59.97,15.00,0.00,44.97,18.00,26.97
ORD_000742,CUST_00587,2025-11-15 07:54:30,Apple Pay,Completed,true,1,1,24.99,15.00,4.99,14.98,8.00,6.98
ORD_000743,CUST_00173,2026-02-04 15:17:17,Buy Now Pay Later,Completed,true,1,2,259.98,15.00,4.99,249.97,110.00,139.97
ORD_000744,CUST_00671,2025-07-04 13:09:27,PayPal,Cancelled,false,1,1,89.99,0.00,0.00,89.99,30.00,59.99
ORD_000745,CUST_00499,2025-12-18 02:29:35,Credit Card,Refunded,false,3,5,149.95,0.00,0.00,149.95,51.00,98.95
ORD_000746,CUST_00266,2026-02-28 19:19:56,PayPal,Completed,true,1,1,85.00,0.00,9.99,94.99,25.00,69.99
ORD_000747,CUST_00301,2025-09-15 10:56:19,Buy Now Pay Later,Completed,true,1,1,129.99,0.00,0.00,129.99,55.00,74.99
ORD_000748,CUST_00490,2025-11-25 08:02:00,Buy Now Pay Later,Cancelled,false,2,2,279.98,0.00,0.00,279.98,125.00,154.98
ORD_000749,CUST_00217,2026-02-03 19:11:33,UPI,Completed,true,1,2,59.98,0.00,4.99,64.97,16.00,48.97
ORD_000750,CUST_00619,2026-01-09 22:49:54,Apple Pay,Completed,true,1,3,449.97,0.00,0.00,449.97,195.00,254.97
ORD_000751,CUST_00409,2025-11-05 04:52:16,Credit Card,Refunded,false,1,2,220.00,0.00,0.00,220.00,96.00,124.00
ORD_000752,CUST_00892,2026-02-15 10:28:51,Buy Now Pay Later,Completed,true,2,5,319.95,10.00,0.00,309.95,135.00,174.95
ORD_000753,CUST_00770,2025-08-11 03:29:50,PayPal,Completed,true,1,1,39.99,10.00,4.99,34.98,12.00,22.98
ORD_000754,CUST_00654,2025-09-28 15:54:24,PayPal,Completed,true,2,5,899.95,15.00,4.99,889.94,400.00,489.94
ORD_000755,CUST_00410,2026-01-13 16:53:00,Credit Card,Refunded,false,2,5,369.98,5.00,9.99,374.97,156.00,218.97
ORD_000756,CUST_00301,2025-10-27 22:20:24,Buy Now Pay Later,Cancelled,false,1,1,29.99,10.00,9.99,29.98,8.00,21.98
ORD_000757,CUST_00131,2026-02-24 05:44:31,UPI,Completed,true,1,1,22.99,5.00,0.00,17.99,6.00,11.99
ORD_000758,CUST_00494,2026-02-28 23:42:58,Credit Card,Refunded,false,1,1,24.99,0.00,9.99,34.98,8.00,26.98
ORD_000759,CUST_00446,2026-01-29 04:33:27,PayPal,Completed,true,1,3,449.97,5.00,4.99,449.96,195.00,254.96
ORD_000760,CUST_00264,2026-01-10 09:42:40,Apple Pay,Completed,true,4,8,278.92,0.00,9.99,288.91,95.00,193.91
ORD_000761,CUST_00660,2025-07-10 13:54:32,Apple Pay,Completed,true,3,4,135.96,0.00,0.00,135.96,43.00,92.96
ORD_000762,CUST_00115,2025-03-17 07:30:44,PayPal,Completed,true,2,4,149.96,10.00,4.99,144.95,56.00,88.95
ORD_000763,CUST_00591,2025-01-15 01:39:58,UPI,Completed,true,1,2,45.98,0.00,4.99,50.97,12.00,38.97
ORD_000764,CUST_00790,2026-01-21 18:38:51,Credit Card,Cancelled,false,3,7,419.93,0.00,4.99,424.92,151.00,273.92
ORD_000765,CUST_00149,2026-02-20 16:36:21,PayPal,Completed,true,3,9,329.91,10.00,4.99,324.90,114.00,210.90
ORD_000766,CUST_00036,2025-11-12 21:23:05,UPI,Completed,true,2,4,184.96,15.00,9.99,179.95,70.00,109.95
ORD_000767,CUST_00507,2025-12-31 00:05:29,Credit Card,Cancelled,false,4,8,669.92,15.00,0.00,654.92,281.00,373.92
ORD_000768,CUST_00307,2025-08-28 15:14:55,Apple Pay,Completed,true,2,4,339.96,15.00,4.99,329.95,142.00,187.95
ORD_000769,CUST_00074,2026-02-23 16:04:51,UPI,Cancelled,false,1,1,24.99,15.00,9.99,19.98,8.00,11.98
ORD_000770,CUST_00135,2026-01-14 10:39:47,Buy Now Pay Later,Refunded,false,3,6,409.94,15.00,0.00,394.94,167.00,227.94
ORD_000771,CUST_00495,2026-02-07 16:42:01,Credit Card,Completed,true,1,2,49.98,15.00,9.99,44.97,16.00,28.97
ORD_000772,CUST_00744,2025-09-14 07:16:43,PayPal,Cancelled,false,2,2,109.98,5.00,9.99,114.97,40.00,74.97
ORD_000773,CUST_00365,2026-02-26 21:57:20,Apple Pay,Completed,true,1,3,599.97,0.00,9.99,609.96,270.00,339.96
ORD_000774,CUST_00445,2025-04-25 18:43:23,UPI,Cancelled,false,2,4,639.96,0.00,0.00,639.96,270.00,369.96
ORD_000775,CUST_00705,2025-09-30 09:49:38,Apple Pay,Cancelled,false,2,6,479.94,15.00,4.99,469.93,198.00,271.93
ORD_000776,CUST_00456,2025-12-29 01:19:34,Buy Now Pay Later,Completed,true,1,1,129.99,0.00,4.99,134.98,55.00,79.98
ORD_000777,CUST_00024,2025-12-21 05:56:05,UPI,Refunded,false,4,7,324.93,5.00,4.99,324.92,104.00,220.92
ORD_000778,CUST_00334,2026-01-08 22:46:35,UPI,Cancelled,false,3,9,548.91,15.00,0.00,533.91,183.00,350.91
ORD_000779,CUST_00501,2025-11-24 00:17:33,PayPal,Refunded,false,3,7,243.93,15.00,0.00,228.93,86.00,142.93
ORD_000780,CUST_00006,2026-01-21 06:05:19,PayPal,Completed,true,3,6,729.94,10.00,0.00,719.94,320.00,399.94
ORD_000781,CUST_00872,2025-02-09 18:54:23,Credit Card,Completed,true,4,7,529.94,5.00,9.99,534.93,190.00,344.93
ORD_000782,CUST_00927,2025-12-26 14:24:29,Apple Pay,Cancelled,false,2,5,189.95,5.00,9.99,194.94,65.00,129.94
ORD_000783,CUST_00621,2025-12-16 04:25:42,PayPal,Refunded,false,1,1,49.99,15.00,0.00,34.99,20.00,14.99
ORD_000784,CUST_00193,2025-10-16 08:52:09,Apple Pay,Completed,true,3,6,158.94,0.00,9.99,168.93,49.00,119.93
ORD_000785,CUST_00638,2025-09-28 20:17:16,UPI,Completed,true,2,3,139.97,15.00,0.00,124.97,45.00,79.97
ORD_000786,CUST_00968,2025-06-06 03:56:01,Credit Card,Cancelled,false,1,3,119.97,10.00,0.00,109.97,45.00,64.97
ORD_000787,CUST_00751,2025-11-25 00:48:18,Buy Now Pay Later,Cancelled,false,2,4,184.97,10.00,9.99,184.96,72.00,112.96
ORD_000788,CUST_00430,2025-05-02 10:08:44,Credit Card,Completed,true,4,10,729.90,0.00,4.99,734.89,283.00,451.89
ORD_000789,CUST_00417,2026-01-19 06:56:16,PayPal,Completed,true,2,3,369.99,0.00,0.00,369.99,161.00,208.99
ORD_000790,CUST_00101,2025-12-04 17:08:06,Buy Now Pay Later,Completed,true,1,3,149.97,0.00,0.00,149.97,60.00,89.97
ORD_000791,CUST_00897,2026-01-22 06:39:01,Buy Now Pay Later,Refunded,false,3,7,289.93,0.00,9.99,299.92,100.00,199.92
ORD_000792,CUST_00623,2025-10-01 22:33:06,Buy Now Pay Later,Completed,true,1,3,209.97,0.00,4.99,214.96,75.00,139.96
ORD_000793,CUST_00609,2025-12-12 07:08:48,PayPal,Completed,true,2,4,184.96,15.00,9.99,179.95,65.00,114.95
ORD_000794,CUST_00147,2025-12-30 21:56:42,Buy Now Pay Later,Refunded,false,2,5,729.98,15.00,0.00,714.98,324.00,390.98
ORD_000795,CUST_00469,2025-09-04 18:34:07,PayPal,Completed,true,4,8,279.92,5.00,9.99,284.91,88.00,196.91
ORD_000796,CUST_00417,2026-02-22 11:52:43,Buy Now Pay Later,Completed,true,3,5,574.96,0.00,0.00,574.96,215.00,359.96
ORD_000797,CUST_00293,2026-01-31 00:10:23,UPI,Completed,true,3,8,309.92,15.00,0.00,294.92,112.00,182.92
ORD_000798,CUST_00694,2025-12-24 17:03:11,Credit Card,Cancelled,false,1,3,239.97,10.00,0.00,229.97,105.00,124.97
ORD_000799,CUST_00436,2025-11-10 13:25:03,Credit Card,Refunded,false,2,5,419.95,15.00,9.99,414.94,151.00,263.94
ORD_000800,CUST_00988,2025-10-08 10:19:15,PayPal,Cancelled,false,3,6,419.94,0.00,4.99,424.93,144.00,280.93
ORD_000801,CUST_00433,2025-10-22 19:27:29,PayPal,Completed,true,1,3,149.97,0.00,9.99,159.96,60.00,99.96
ORD_000802,CUST_00872,2025-04-15 03:31:52,Credit Card,Completed,true,1,3,179.97,0.00,0.00,179.97,66.00,113.97
ORD_000803,CUST_00647,2025-10-06 10:25:16,Credit Card,Completed,true,1,2,119.98,15.00,9.99,114.97,44.00,70.97
ORD_000804,CUST_00914,2025-10-28 19:49:59,Apple Pay,Completed,true,1,2,159.98,10.00,4.99,154.97,70.00,84.97
ORD_000805,CUST_00363,2025-12-22 00:28:40,Credit Card,Completed,true,1,1,89.99,5.00,4.99,89.98,30.00,59.98
ORD_000806,CUST_00442,2025-08-27 08:04:11,Credit Card,Completed,true,1,2,59.98,0.00,4.99,64.97,16.00,48.97
ORD_000807,CUST_00008,2025-12-23 01:42:22,Apple Pay,Cancelled,false,1,2,79.98,5.00,4.99,79.97,24.00,55.97
ORD_000808,CUST_00439,2025-06-05 10:58:24,Apple Pay,Refunded,false,3,6,244.94,0.00,0.00,244.94,92.00,152.94
ORD_000809,CUST_00368,2026-02-20 06:54:28,UPI,Completed,true,1,2,119.98,0.00,0.00,119.98,44.00,75.98
ORD_000810,CUST_00762,2026-01-16 08:52:16,Apple Pay,Completed,true,1,1,24.99,5.00,9.99,29.98,8.00,21.98
ORD_000811,CUST_00432,2025-11-22 11:18:16,Buy Now Pay Later,Refunded,false,1,3,119.97,0.00,4.99,124.96,45.00,79.96
ORD_000812,CUST_00946,2025-12-23 00:01:17,PayPal,Completed,true,1,2,99.98,0.00,0.00,99.98,40.00,59.98
ORD_000813,CUST_00513,2025-07-08 19:35:16,Credit Card,Cancelled,false,1,2,299.98,5.00,9.99,304.97,130.00,174.97
ORD_000814,CUST_00492,2025-07-25 14:41:41,PayPal,Completed,true,1,3,59.97,0.00,9.99,69.96,18.00,51.96
ORD_000815,CUST_00524,2025-10-05 09:15:12,PayPal,Completed,true,1,3,149.97,0.00,9.99,159.96,60.00,99.96
ORD_000816,CUST_00841,2026-01-16 09:17:31,Buy Now Pay Later,Completed,true,1,3,149.97,15.00,9.99,144.96,60.00,84.96
ORD_000817,CUST_00186,2026-02-06 05:33:44,UPI,Refunded,false,2,3,279.97,0.00,0.00,279.97,105.00,174.97
ORD_000818,CUST_00197,2025-12-11 23:35:12,UPI,Completed,true,1,2,49.98,0.00,0.00,49.98,16.00,33.98
ORD_000819,CUST_00538,2025-11-19 07:45:43,UPI,Cancelled,false,2,4,374.99,0.00,4.99,379.98,120.00,259.98
ORD_000820,CUST_00438,2026-01-10 22:14:02,UPI,Completed,true,1,1,110.00,0.00,4.99,114.99,48.00,66.99
ORD_000821,CUST_00328,2025-07-24 08:05:07,Apple Pay,Completed,true,1,1,199.99,15.00,9.99,194.98,90.00,104.98
ORD_000822,CUST_00293,2025-12-30 02:55:50,Apple Pay,Completed,true,3,5,229.95,0.00,4.99,234.94,82.00,152.94
ORD_000823,CUST_00100,2025-07-07 23:51:12,Apple Pay,Cancelled,false,2,6,569.94,0.00,9.99,579.93,240.00,339.93
ORD_000824,CUST_00542,2025-12-18 15:30:11,UPI,Completed,true,1,1,34.99,0.00,9.99,44.98,10.00,34.98
ORD_000825,CUST_00909,2025-04-05 18:41:05,PayPal,Completed,true,2,4,234.97,0.00,9.99,244.96,85.00,159.96
ORD_000826,CUST_00457,2026-02-16 13:44:48,Apple Pay,Completed,true,1,3,68.97,10.00,4.99,63.96,18.00,45.96
ORD_000827,CUST_00486,2026-01-17 16:03:26,UPI,Completed,true,2,6,719.94,0.00,0.00,719.94,315.00,404.94
ORD_000828,CUST_00259,2026-01-31 10:26:29,UPI,Completed,true,3,7,259.93,0.00,4.99,264.92,99.00,165.92
ORD_000829,CUST_00171,2025-10-26 13:13:12,Credit Card,Completed,true,2,4,179.96,0.00,9.99,189.95,67.00,122.95
ORD_000830,CUST_00759,2026-02-19 17:07:13,PayPal,Completed,true,1,2,45.98,10.00,0.00,35.98,12.00,23.98
ORD_000831,CUST_00769,2026-02-14 11:58:38,PayPal,Completed,true,2,2,154.99,10.00,4.99,149.98,50.00,99.98
ORD_000832,CUST_00164,2025-12-24 06:34:48,Buy Now Pay Later,Completed,true,2,4,219.96,5.00,9.99,224.95,86.00,138.95
ORD_000833,CUST_00873,2026-01-03 03:03:40,Credit Card,Completed,true,2,4,118.96,0.00,0.00,118.96,38.00,80.96
ORD_000834,CUST_00299,2025-03-12 15:31:38,Credit Card,Cancelled,false,1,3,104.97,0.00,4.99,109.96,30.00,79.96
ORD_000835,CUST_00255,2026-02-26 04:54:54,Apple Pay,Completed,true,2,3,269.98,15.00,9.99,264.97,118.00,146.97
ORD_000836,CUST_00970,2026-02-25 03:53:44,Credit Card,Completed,true,2,3,99.97,0.00,0.00,99.97,34.00,65.97
ORD_000837,CUST_00749,2025-12-16 05:27:41,Buy Now Pay Later,Completed,true,1,1,79.99,10.00,9.99,79.98,35.00,44.98
ORD_000838,CUST_00740,2026-01-02 20:40:59,UPI,Cancelled,false,1,1,85.00,10.00,0.00,75.00,25.00,50.00
ORD_000839,CUST_00333,2025-11-13 18:20:47,UPI,Completed,true,2,3,179.97,5.00,0.00,174.97,65.00,109.97
ORD_000840,CUST_00924,2026-02-20 10:56:25,PayPal,Completed,true,1,3,89.97,0.00,0.00,89.97,33.00,56.97
ORD_000841,CUST_00503,2026-01-10 21:12:20,UPI,Cancelled,false,1,3,179.97,0.00,0.00,179.97,66.00,113.97
ORD_000842,CUST_00623,2025-10-19 04:18:18,UPI,Completed,true,1,1,19.99,0.00,4.99,24.98,6.00,18.98
ORD_000843,CUST_00742,2026-01-13 11:21:14,Credit Card,Completed,true,2,2,129.98,5.00,4.99,129.97,55.00,74.97
ORD_000844,CUST_00782,2026-01-29 19:34:47,Buy Now Pay Later,Completed,true,1,1,129.99,0.00,0.00,129.99,55.00,74.99
ORD_000845,CUST_00812,2025-02-12 11:25:13,UPI,Completed,true,2,5,709.95,0.00,0.00,709.95,305.00,404.95
ORD_000846,CUST_00836,2025-09-03 05:42:12,Buy Now Pay Later,Completed,true,1,3,119.97,0.00,0.00,119.97,45.00,74.97
ORD_000847,CUST_00274,2025-09-26 15:36:58,UPI,Completed,true,3,3,132.97,0.00,9.99,142.96,48.00,94.96
ORD_000848,CUST_00025,2025-09-08 18:15:33,PayPal,Completed,true,1,3,330.00,15.00,4.99,319.99,144.00,175.99
ORD_000849,CUST_00394,2026-02-22 12:38:29,Credit Card,Cancelled,false,3,5,269.95,0.00,0.00,269.95,94.00,175.95
ORD_000850,CUST_00631,2025-10-11 09:35:02,PayPal,Completed,true,1,1,129.99,0.00,9.99,139.98,55.00,84.98
ORD_000851,CUST_00439,2025-10-18 17:21:06,Apple Pay,Completed,true,2,5,139.95,15.00,9.99,134.94,48.00,86.94
ORD_000852,CUST_00357,2026-02-07 08:31:31,Apple Pay,Completed,true,1,3,119.97,15.00,4.99,109.96,36.00,73.96
ORD_000853,CUST_00818,2025-11-05 00:56:58,UPI,Completed,true,3,6,439.96,0.00,4.99,444.95,160.00,284.95
ORD_000854,CUST_00116,2025-12-11 17:46:01,UPI,Completed,true,4,8,709.92,0.00,0.00,709.92,290.00,419.92
ORD_000855,CUST_00493,2026-02-06 19:46:43,UPI,Completed,true,2,5,419.95,15.00,0.00,404.95,175.00,229.95
ORD_000856,CUST_00510,2025-10-25 19:05:55,Credit Card,Refunded,false,1,3,68.97,0.00,4.99,73.96,18.00,55.96
ORD_000857,CUST_00733,2025-11-09 00:19:06,Credit Card,Refunded,false,2,2,249.98,0.00,4.99,254.97,100.00,154.97
ORD_000858,CUST_00372,2026-02-19 02:54:28,UPI,Completed,true,4,7,892.95,0.00,4.99,897.94,392.00,505.94
ORD_000859,CUST_00216,2025-12-05 02:04:36,Credit Card,Completed,true,2,5,229.95,5.00,9.99,234.94,90.00,144.94
ORD_000860,CUST_00381,2025-10-17 07:31:48,Buy Now Pay Later,Cancelled,false,1,1,34.99,0.00,4.99,39.98,10.00,29.98
ORD_000861,CUST_00031,2025-10-01 13:00:44,Buy Now Pay Later,Completed,true,1,2,239.98,0.00,0.00,239.98,90.00,149.98
ORD_000862,CUST_00154,2026-01-23 02:00:13,Apple Pay,Completed,true,1,2,79.98,15.00,9.99,74.97,30.00,44.97
ORD_000863,CUST_00422,2026-02-23 21:31:35,PayPal,Completed,true,1,1,79.99,0.00,0.00,79.99,35.00,44.99
ORD_000864,CUST_00903,2026-02-04 09:41:20,UPI,Completed,true,2,5,269.95,0.00,0.00,269.95,84.00,185.95
ORD_000865,CUST_00971,2026-01-17 10:03:10,PayPal,Refunded,false,2,3,104.97,10.00,4.99,99.96,30.00,69.96
ORD_000866,CUST_00279,2026-02-24 13:30:11,Credit Card,Completed,true,2,3,89.97,5.00,9.99,94.96,31.00,63.96
ORD_000867,CUST_00189,2025-09-03 09:06:01,UPI,Cancelled,false,1,2,299.98,15.00,9.99,294.97,130.00,164.97
ORD_000868,CUST_00169,2025-12-15 17:51:00,Credit Card,Completed,true,2,5,154.95,0.00,0.00,154.95,46.00,108.95
ORD_000869,CUST_00798,2026-01-28 09:08:36,Credit Card,Completed,true,1,1,59.99,0.00,9.99,69.98,22.00,47.98
ORD_000870,CUST_00217,2025-07-20 04:59:42,PayPal,Completed,true,1,2,49.98,15.00,0.00,34.98,16.00,18.98
ORD_000871,CUST_00088,2026-01-14 05:44:10,Credit Card,Refunded,false,4,9,999.91,0.00,4.99,1004.90,419.00,585.90
ORD_000872,CUST_00200,2025-12-30 13:55:18,Buy Now Pay Later,Completed,true,2,4,189.96,0.00,4.99,194.95,75.00,119.95
ORD_000873,CUST_00827,2025-07-24 17:22:16,Apple Pay,Completed,true,2,2,109.98,10.00,0.00,99.98,37.00,62.98
ORD_000874,CUST_00699,2026-02-20 01:43:31,PayPal,Completed,true,3,7,584.93,15.00,9.99,579.92,234.00,345.92
ORD_000875,CUST_00529,2026-01-18 14:53:44,Apple Pay,Cancelled,false,2,5,389.95,0.00,4.99,394.94,163.00,231.94
ORD_000876,CUST_00877,2026-01-03 05:12:39,Credit Card,Completed,true,3,7,504.93,10.00,9.99,504.92,184.00,320.92
ORD_000877,CUST_00510,2025-05-07 09:30:02,UPI,Completed,true,1,1,59.99,10.00,0.00,49.99,22.00,27.99
ORD_000878,CUST_00466,2025-10-24 00:17:50,Apple Pay,Completed,true,3,3,254.97,10.00,4.99,249.96,95.00,154.96
ORD_000879,CUST_00728,2026-01-21 04:15:52,Credit Card,Completed,true,4,8,309.92,10.00,4.99,304.91,112.00,192.91
ORD_000880,CUST_00878,2026-02-16 03:20:52,Apple Pay,Cancelled,false,1,2,220.00,10.00,9.99,219.99,96.00,123.99
ORD_000881,CUST_00086,2025-11-29 09:36:17,Credit Card,Refunded,false,1,3,599.97,10.00,9.99,599.96,270.00,329.96
ORD_000882,CUST_00810,2025-12-22 01:56:52,PayPal,Cancelled,false,3,6,369.94,0.00,4.99,374.93,155.00,219.93
ORD_000883,CUST_00229,2025-11-18 11:40:53,Buy Now Pay Later,Completed,true,2,3,249.99,5.00,9.99,254.98,107.00,147.98
ORD_000884,CUST_00088,2026-01-27 09:14:18,UPI,Cancelled,false,1,2,139.98,5.00,0.00,134.98,50.00,84.98
ORD_000885,CUST_00067,2025-10-29 22:57:31,Credit Card,Completed,true,4,7,364.95,0.00,4.99,369.94,114.00,255.94
ORD_000886,CUST_00656,2025-07-03 16:47:48,UPI,Completed,true,2,3,239.99,0.00,4.99,244.98,75.00,169.98
ORD_000887,CUST_00056,2025-09-26 02:58:15,Credit Card,Completed,true,4,7,324.93,0.00,0.00,324.93,102.00,222.93
ORD_000888,CUST_00895,2026-01-18 22:50:31,UPI,Completed,true,2,4,249.96,0.00,0.00,249.96,80.00,169.96
ORD_000889,CUST_00169,2025-12-29 17:14:23,UPI,Completed,true,3,8,403.95,15.00,0.00,388.95,117.00,271.95
ORD_000890,CUST_00399,2025-04-24 04:28:09,Buy Now Pay Later,Refunded,false,2,4,279.99,0.00,9.99,289.98,83.00,206.98
ORD_000891,CUST_00332,2026-01-13 11:44:41,PayPal,Cancelled,false,2,4,459.96,0.00,4.99,464.95,200.00,264.95
ORD_000892,CUST_00117,2026-02-16 21:29:58,UPI,Cancelled,false,1,1,29.99,15.00,0.00,14.99,8.00,6.99
ORD_000893,CUST_00650,2026-02-05 00:47:29,Buy Now Pay Later,Cancelled,false,4,7,722.93,5.00,9.99,727.92,312.00,415.92
ORD_000894,CUST_00357,2025-05-24 20:19:09,Apple Pay,Completed,true,4,9,560.94,0.00,4.99,565.93,221.00,344.93
ORD_000895,CUST_00665,2025-10-01 12:44:07,Buy Now Pay Later,Completed,true,1,2,220.00,10.00,4.99,214.99,96.00,118.99
ORD_000896,CUST_00117,2025-06-22 14:04:16,PayPal,Completed,true,1,3,269.97,10.00,9.99,269.96,90.00,179.96
ORD_000897,CUST_00447,2025-12-28 19:05:51,Credit Card,Completed,true,3,7,269.93,0.00,0.00,269.93,100.00,169.93
ORD_000898,CUST_00955,2025-10-25 16:48:10,UPI,Completed,true,1,3,255.00,10.00,0.00,245.00,75.00,170.00
ORD_000899,CUST_00596,2025-10-14 10:14:01,UPI,Cancelled,false,1,3,59.97,0.00,0.00,59.97,18.00,41.97
ORD_000900,CUST_00391,2025-05-27 12:55:16,UPI,Completed,true,3,4,299.98,5.00,9.99,304.97,127.00,177.97
ORD_000901,CUST_00520,2025-08-16 09:26:04,Credit Card,Completed,true,3,4,149.96,15.00,0.00,134.96,48.00,86.96
ORD_000902,CUST_00027,2025-09-07 17:10:05,UPI,Completed,true,3,6,549.94,0.00,9.99,559.93,223.00,336.93
ORD_000903,CUST_00198,2026-02-26 17:27:59,PayPal,Cancelled,false,1,3,599.97,10.00,4.99,594.96,270.00,324.96
ORD_000904,CUST_00400,2025-12-09 09:52:05,PayPal,Completed,true,3,7,239.93,0.00,0.00,239.93,72.00,167.93
ORD_000905,CUST_00591,2025-11-14 06:00:48,Credit Card,Cancelled,false,3,4,352.96,0.00,0.00,352.96,131.00,221.96
ORD_000906,CUST_00644,2026-02-26 09:26:19,Credit Card,Refunded,false,1,3,255.00,15.00,9.99,249.99,75.00,174.99
ORD_000907,CUST_00392,2025-09-16 16:20:42,PayPal,Cancelled,false,2,3,169.98,0.00,0.00,169.98,70.00,99.98
ORD_000908,CUST_00549,2025-11-25 15:55:58,Apple Pay,Cancelled,false,2,2,104.98,15.00,0.00,89.98,35.00,54.98
ORD_000909,CUST_00643,2025-08-01 07:33:32,Apple Pay,Cancelled,false,4,5,249.96,0.00,0.00,249.96,86.00,163.96
ORD_000910,CUST_00507,2026-01-13 13:51:33,Credit Card,Completed,true,1,2,79.98,0.00,4.99,84.97,24.00,60.97
ORD_000911,CUST_00983,2025-11-30 03:28:30,UPI,Completed,true,1,1,19.99,5.00,4.99,19.98,6.00,13.98
ORD_000912,CUST_00185,2025-11-01 11:09:41,UPI,Completed,true,3,9,854.91,0.00,4.99,859.90,360.00,499.90
ORD_000913,CUST_00006,2025-08-20 07:59:34,Buy Now Pay Later,Refunded,false,2,4,124.96,10.00,0.00,114.96,44.00,70.96
ORD_000914,CUST_00525,2025-05-28 12:59:07,PayPal,Completed,true,3,7,364.93,0.00,0.00,364.93,149.00,215.93
ORD_000915,CUST_00963,2025-07-31 23:56:33,Buy Now Pay Later,Completed,true,1,3,74.97,0.00,4.99,79.96,24.00,55.96
ORD_000916,CUST_00302,2026-02-14 09:27:14,PayPal,Cancelled,false,3,7,319.93,0.00,4.99,324.92,105.00,219.92
ORD_000917,CUST_00288,2025-12-25 02:45:50,UPI,Completed,true,2,4,189.96,0.00,0.00,189.96,64.00,125.96
ORD_000918,CUST_00434,2026-02-21 09:33:46,Buy Now Pay Later,Cancelled,false,1,2,299.98,10.00,0.00,289.98,130.00,159.98
ORD_000919,CUST_00440,2025-09-07 15:31:09,Credit Card,Refunded,false,1,3,389.97,5.00,0.00,384.97,165.00,219.97
ORD_000920,CUST_00260,2026-01-16 23:06:40,Credit Card,Completed,true,1,1,29.99,0.00,4.99,34.98,8.00,26.98
ORD_000921,CUST_00185,2026-02-08 13:15:51,Credit Card,Completed,true,1,1,89.99,0.00,0.00,89.99,30.00,59.99
ORD_000922,CUST_00673,2025-12-01 09:44:51,Apple Pay,Completed,true,1,3,449.97,0.00,0.00,449.97,195.00,254.97
ORD_000923,CUST_00012,2025-10-22 23:01:26,Credit Card,Completed,true,1,2,299.98,0.00,9.99,309.97,130.00,179.97
ORD_000924,CUST_00291,2025-12-25 12:07:38,Buy Now Pay Later,Refunded,false,1,3,68.97,0.00,9.99,78.96,18.00,60.96
ORD_000925,CUST_00077,2026-02-23 11:22:02,PayPal,Cancelled,false,1,1,19.99,0.00,4.99,24.98,6.00,18.98
ORD_000926,CUST_00051,2025-12-13 07:46:21,Credit Card,Completed,true,1,2,69.98,5.00,0.00,64.98,20.00,44.98
ORD_000927,CUST_00176,2025-10-18 03:21:23,Credit Card,Completed,true,2,6,464.94,0.00,4.99,469.93,165.00,304.93
ORD_000928,CUST_00005,2026-01-19 08:31:23,Buy Now Pay Later,Completed,true,1,1,69.99,0.00,9.99,79.98,25.00,54.98
ORD_000929,CUST_00346,2026-02-27 15:57:58,Apple Pay,Completed,true,1,2,99.98,5.00,9.99,104.97,40.00,64.97
ORD_000930,CUST_00325,2025-11-29 19:02:03,Buy Now Pay Later,Completed,true,1,1,22.99,0.00,4.99,27.98,6.00,21.98
ORD_000931,CUST_00403,2025-07-31 21:33:31,Credit Card,Cancelled,false,4,5,269.96,0.00,0.00,269.96,100.00,169.96
ORD_000932,CUST_00883,2025-12-10 08:42:46,Buy Now Pay Later,Completed,true,1,1,24.99,15.00,4.99,14.98,8.00,6.98
ORD_000933,CUST_00957,2025-07-28 16:22:04,Apple Pay,Completed,true,3,8,804.95,0.00,0.00,804.95,315.00,489.95
ORD_000934,CUST_00811,2025-11-13 15:41:50,PayPal,Completed,true,2,3,114.97,5.00,0.00,109.97,40.00,69.97
ORD_000935,CUST_00772,2026-02-14 14:48:10,Buy Now Pay Later,Completed,true,2,5,189.95,10.00,0.00,179.95,64.00,115.95
ORD_000936,CUST_00502,2025-08-31 10:47:07,Apple Pay,Completed,true,2,4,239.96,0.00,4.99,244.95,81.00,163.95
ORD_000937,CUST_00362,2026-01-27 07:14:57,Credit Card,Completed,true,2,2,154.98,0.00,4.99,159.97,63.00,96.97
ORD_000938,CUST_00687,2025-11-26 18:38:02,Buy Now Pay Later,Completed,true,3,8,294.92,0.00,0.00,294.92,100.00,194.92
ORD_000939,CUST_00779,2025-09-15 09:53:09,PayPal,Cancelled,false,1,1,39.99,10.00,0.00,29.99,15.00,14.99
ORD_000940,CUST_00939,2025-11-26 18:27:14,Apple Pay,Completed,true,4,8,414.94,0.00,0.00,414.94,132.00,282.94
ORD_000941,CUST_00975,2026-01-05 15:33:15,Credit Card,Cancelled,false,1,1,29.99,0.00,9.99,39.98,11.00,28.98
ORD_000942,CUST_00017,2026-01-19 12:05:38,UPI,Completed,true,1,2,79.98,15.00,9.99,74.97,24.00,50.97
ORD_000943,CUST_00272,2025-05-25 00:54:01,UPI,Refunded,false,1,3,59.97,0.00,0.00,59.97,18.00,41.97
ORD_000944,CUST_00442,2025-09-02 12:05:19,Credit Card,Completed,true,1,3,104.97,0.00,0.00,104.97,30.00,74.97
ORD_000945,CUST_00392,2026-01-31 21:51:38,Buy Now Pay Later,Completed,true,1,2,49.98,5.00,0.00,44.98,16.00,28.98
ORD_000946,CUST_00543,2025-12-12 18:14:34,Credit Card,Completed,true,2,2,249.98,15.00,0.00,234.98,110.00,124.98
ORD_000947,CUST_00055,2025-10-16 20:46:10,Apple Pay,Refunded,false,1,1,129.99,10.00,0.00,119.99,55.00,64.99
ORD_000948,CUST_00904,2025-11-11 22:32:58,Apple Pay,Cancelled,false,2,3,224.98,0.00,0.00,224.98,75.00,149.98
ORD_000949,CUST_00176,2025-12-28 17:07:44,Apple Pay,Completed,true,1,3,179.97,15.00,9.99,174.96,66.00,108.96
ORD_000950,CUST_00004,2025-04-15 03:03:41,PayPal,Completed,true,2,3,164.98,15.00,4.99,154.97,49.00,105.97
ORD_000951,CUST_00698,2025-03-13 22:45:56,UPI,Completed,true,1,2,59.98,0.00,0.00,59.98,22.00,37.98
ORD_000952,CUST_00343,2025-09-30 02:38:11,Credit Card,Completed,true,4,6,619.95,5.00,9.99,624.94,258.00,366.94
ORD_000953,CUST_00047,2026-02-09 16:25:50,PayPal,Completed,true,2,2,179.98,10.00,9.99,179.97,67.00,112.97
ORD_000954,CUST_00103,2026-01-20 18:28:05,Buy Now Pay Later,Cancelled,false,1,2,79.98,15.00,4.99,69.97,24.00,45.97
ORD_000955,CUST_00680,2026-02-27 08:21:19,Apple Pay,Completed,true,1,3,239.97,0.00,4.99,244.96,105.00,139.96
ORD_000956,CUST_00794,2026-02-23 10:35:06,Credit Card,Completed,true,1,1,29.99,15.00,9.99,24.98,8.00,16.98
ORD_000957,CUST_00421,2026-02-14 17:04:38,PayPal,Completed,true,2,6,449.97,5.00,0.00,444.97,189.00,255.97
ORD_000958,CUST_00713,2026-01-25 14:12:01,Credit Card,Completed,true,1,2,259.98,0.00,4.99,264.97,110.00,154.97
ORD_000959,CUST_00899,2026-01-09 13:37:46,Buy Now Pay Later,Refunded,false,1,2,220.00,0.00,4.99,224.99,96.00,128.99
ORD_000960,CUST_00968,2025-06-14 17:37:11,Apple Pay,Completed,true,1,3,104.97,10.00,9.99,104.96,30.00,74.96
ORD_000961,CUST_00126,2026-01-07 19:20:11,UPI,Completed,true,2,4,389.99,0.00,0.00,389.99,166.00,223.99
ORD_000962,CUST_00478,2026-02-24 15:37:15,Apple Pay,Completed,true,2,4,165.96,15.00,0.00,150.96,56.00,94.96
ORD_000963,CUST_00067,2025-10-21 04:42:06,Credit Card,Completed,true,1,1,24.99,0.00,9.99,34.98,8.00,26.98
ORD_000964,CUST_00501,2026-01-09 23:34:51,PayPal,Completed,true,1,2,159.98,0.00,4.99,164.97,70.00,94.97
ORD_000965,CUST_00900,2025-12-16 14:06:24,Apple Pay,Refunded,false,2,4,142.96,0.00,9.99,152.95,51.00,101.95
ORD_000966,CUST_00202,2026-01-15 08:19:07,PayPal,Refunded,false,3,8,939.92,5.00,4.99,939.91,381.00,558.91
ORD_000967,CUST_00433,2025-09-15 08:59:55,Apple Pay,Completed,true,3,7,534.94,10.00,4.99,529.93,181.00,348.93
ORD_000968,CUST_00787,2025-06-13 20:15:04,Apple Pay,Completed,true,1,1,22.99,0.00,4.99,27.98,6.00,21.98
ORD_000969,CUST_00305,2026-01-25 03:35:57,Buy Now Pay Later,Refunded,false,1,2,39.98,0.00,0.00,39.98,12.00,27.98
ORD_000970,CUST_00711,2025-12-05 22:10:12,UPI,Refunded,false,3,5,364.98,5.00,4.99,364.97,143.00,221.97
ORD_000971,CUST_00935,2025-10-17 08:15:13,Buy Now Pay Later,Completed,true,4,9,469.91,0.00,9.99,479.90,178.00,301.90
ORD_000972,CUST_00922,2026-01-26 08:06:48,Credit Card,Completed,true,1,2,139.98,0.00,4.99,144.97,50.00,94.97
ORD_000973,CUST_00827,2025-12-14 13:43:01,Apple Pay,Completed,true,3,6,659.94,15.00,0.00,644.94,275.00,369.94
ORD_000974,CUST_00580,2025-12-20 22:04:04,Buy Now Pay Later,Cancelled,false,1,3,599.97,0.00,9.99,609.96,270.00,339.96
ORD_000975,CUST_00524,2026-01-20 16:06:17,Buy Now Pay Later,Cancelled,false,1,3,74.97,10.00,0.00,64.97,24.00,40.97
ORD_000976,CUST_00991,2025-10-05 07:14:31,Apple Pay,Completed,true,1,3,119.97,0.00,9.99,129.96,45.00,84.96
ORD_000977,CUST_00960,2025-06-07 16:40:06,PayPal,Completed,true,2,4,124.96,0.00,0.00,124.96,44.00,80.96
ORD_000978,CUST_00533,2026-02-01 14:19:45,UPI,Completed,true,1,2,79.98,0.00,9.99,89.97,24.00,65.97
ORD_000979,CUST_00057,2026-02-25 19:29:51,Buy Now Pay Later,Completed,true,1,2,79.98,0.00,0.00,79.98,24.00,55.98
ORD_000980,CUST_00842,2026-01-10 00:03:24,PayPal,Cancelled,false,1,3,255.00,0.00,4.99,259.99,75.00,184.99
ORD_000981,CUST_00023,2026-01-06 02:48:50,Buy Now Pay Later,Completed,true,3,5,359.95,15.00,9.99,354.94,121.00,233.94
ORD_000982,CUST_00297,2025-10-15 00:36:43,Apple Pay,Cancelled,false,1,2,69.98,5.00,4.99,69.97,20.00,49.97
ORD_000983,CUST_00396,2025-08-30 06:42:43,Apple Pay,Completed,true,1,2,39.98,0.00,0.00,39.98,12.00,27.98
ORD_000984,CUST_00124,2026-01-02 03:26:17,PayPal,Completed,true,2,5,489.95,0.00,4.99,494.94,213.00,281.94
ORD_000985,CUST_00470,2025-08-24 11:16:19,Buy Now Pay Later,Completed,true,4,7,369.95,0.00,9.99,379.94,138.00,241.94
ORD_000986,CUST_00672,2025-06-28 13:33:54,PayPal,Completed,true,2,5,519.95,5.00,9.99,524.94,215.00,309.94
ORD_000987,CUST_00311,2026-01-05 00:53:45,PayPal,Completed,true,3,9,584.94,10.00,9.99,584.93,186.00,398.93
ORD_000988,CUST_00795,2026-02-23 03:35:31,Apple Pay,Refunded,false,1,3,449.97,10.00,9.99,449.96,195.00,254.96
ORD_000989,CUST_00633,2026-01-10 12:25:16,PayPal,Completed,true,1,1,79.99,15.00,0.00,64.99,35.00,29.99
ORD_000990,CUST_00682,2025-03-29 18:54:21,Credit Card,Completed,true,3,6,729.94,15.00,0.00,714.94,297.00,417.94
ORD_000991,CUST_00774,2026-02-09 07:20:28,Credit Card,Completed,true,1,2,69.98,0.00,0.00,69.98,20.00,49.98
ORD_000992,CUST_00782,2025-10-16 21:30:21,UPI,Refunded,false,2,3,249.97,0.00,0.00,249.97,100.00,149.97
ORD_000993,CUST_00653,2025-11-27 16:51:59,Apple Pay,Refunded,false,1,1,34.99,5.00,4.99,34.98,10.00,24.98
ORD_000994,CUST_00207,2025-05-29 10:37:49,Credit Card,Completed,true,3,3,234.97,15.00,9.99,229.96,98.00,131.96
ORD_000995,CUST_00915,2025-02-13 17:46:46,PayPal,Completed,true,2,6,173.94,0.00,4.99,178.93,48.00,130.93
ORD_000996,CUST_00981,2026-02-09 11:15:43,Buy Now Pay Later,Completed,true,3,5,174.95,0.00,4.99,179.94,50.00,129.94
ORD_000997,CUST_00450,2026-01-11 15:40:16,PayPal,Cancelled,false,1,3,389.97,10.00,0.00,379.97,165.00,214.97
ORD_000998,CUST_00306,2025-08-22 15:46:23,Apple Pay,Completed,true,1,1,199.99,10.00,9.99,199.98,90.00,109.98
ORD_000999,CUST_00230,2025-12-14 19:14:38,Apple Pay,Completed,true,1,1,110.00,0.00,0.00,110.00,48.00,62.00
ORD_001000,CUST_00548,2025-10-24 00:47:41,Credit Card,Completed,true,3,7,404.96,5.00,9.99,409.95,121.00,288.95
ORD_001001,CUST_00597,2026-01-17 14:44:17,PayPal,Completed,true,2,3,549.97,5.00,4.99,549.96,245.00,304.96
ORD_001002,CUST_00143,2026-01-13 08:34:20,Buy Now Pay Later,Refunded,false,3,7,1169.93,5.00,0.00,1164.93,510.00,654.93
ORD_001003,CUST_00355,2025-03-27 14:27:33,PayPal,Completed,true,2,5,559.97,10.00,4.99,554.96,215.00,339.96
ORD_001004,CUST_00043,2025-11-16 01:32:34,UPI,Completed,true,1,2,239.98,15.00,4.99,229.97,90.00,139.97
ORD_001005,CUST_00311,2025-11-01 12:02:45,Credit Card,Completed,true,3,6,312.94,10.00,4.99,307.93,127.00,180.93
ORD_001006,CUST_00397,2026-01-11 17:51:11,Credit Card,Cancelled,false,1,2,39.98,10.00,0.00,29.98,12.00,17.98
ORD_001007,CUST_00121,2026-02-02 05:37:57,PayPal,Completed,true,1,1,149.99,5.00,0.00,144.99,65.00,79.99
ORD_001008,CUST_00095,2025-09-30 23:57:01,Credit Card,Completed,true,1,3,68.97,10.00,0.00,58.97,18.00,40.97
ORD_001009,CUST_00256,2026-01-23 20:49:30,Apple Pay,Completed,true,1,1,39.99,5.00,0.00,34.99,15.00,19.99
ORD_001010,CUST_00322,2026-01-28 18:38:50,UPI,Refunded,false,2,5,419.95,0.00,9.99,429.94,156.00,273.94
ORD_001011,CUST_00126,2025-08-22 07:03:49,Apple Pay,Completed,true,1,1,22.99,0.00,4.99,27.98,6.00,21.98
ORD_001012,CUST_00455,2026-01-17 05:18:21,Apple Pay,Completed,true,3,9,608.91,10.00,4.99,603.90,219.00,384.90
ORD_001013,CUST_00107,2025-12-27 09:06:25,PayPal,Completed,true,3,6,364.97,0.00,0.00,364.97,107.00,257.97
ORD_001014,CUST_00760,2025-10-20 20:18:22,UPI,Completed,true,1,3,119.97,0.00,0.00,119.97,45.00,74.97
ORD_001015,CUST_00783,2025-12-06 11:03:39,Buy Now Pay Later,Completed,true,1,2,399.98,0.00,4.99,404.97,180.00,224.97
ORD_001016,CUST_00308,2025-03-23 17:47:32,Credit Card,Completed,true,1,2,170.00,5.00,4.99,169.99,50.00,119.99
ORD_001017,CUST_00394,2026-01-06 09:21:38,UPI,Completed,true,1,3,209.97,0.00,9.99,219.96,75.00,144.96
ORD_001018,CUST_00054,2026-02-16 13:41:42,Apple Pay,Completed,true,1,2,220.00,0.00,9.99,229.99,96.00,133.99
ORD_001019,CUST_00830,2025-12-11 19:49:45,Buy Now Pay Later,Refunded,false,1,2,159.98,0.00,9.99,169.97,70.00,99.97
ORD_001020,CUST_00887,2026-02-21 19:50:23,Apple Pay,Cancelled,false,3,7,745.93,5.00,9.99,750.92,322.00,428.92
ORD_001021,CUST_00587,2026-02-10 06:54:11,PayPal,Refunded,false,1,1,69.99,5.00,9.99,74.98,25.00,49.98
ORD_001022,CUST_00930,2025-08-04 10:19:49,Apple Pay,Completed,true,2,5,459.95,0.00,9.99,469.94,185.00,284.94
ORD_001023,CUST_00405,2025-10-24 00:41:18,Buy Now Pay Later,Refunded,false,1,1,34.99,15.00,4.99,24.98,10.00,14.98
ORD_001024,CUST_00128,2025-07-26 01:57:01,Credit Card,Refunded,false,2,3,159.97,5.00,4.99,159.96,50.00,109.96
ORD_001025,CUST_00478,2025-10-22 14:44:22,Credit Card,Completed,true,1,3,68.97,0.00,4.99,73.96,18.00,55.96
ORD_001026,CUST_00962,2025-03-24 16:36:50,Apple Pay,Completed,true,3,6,605.94,5.00,0.00,600.94,252.00,348.94
ORD_001027,CUST_00131,2025-07-29 03:08:32,PayPal,Cancelled,false,1,1,85.00,15.00,0.00,70.00,25.00,45.00
ORD_001028,CUST_00671,2025-03-29 12:29:39,Buy Now Pay Later,Completed,true,2,4,124.96,0.00,0.00,124.96,43.00,81.96
ORD_001029,CUST_00063,2025-12-27 05:02:16,Credit Card,Completed,true,1,3,330.00,10.00,9.99,329.99,144.00,185.99
ORD_001030,CUST_00241,2025-12-12 14:25:01,Credit Card,Completed,true,1,1,29.99,0.00,9.99,39.98,11.00,28.98
ORD_001031,CUST_00209,2026-01-30 15:55:37,UPI,Refunded,false,1,2,39.98,0.00,9.99,49.97,12.00,37.97
ORD_001032,CUST_00147,2025-08-15 09:26:14,Apple Pay,Completed,true,2,4,519.98,5.00,9.99,524.97,226.00,298.97
ORD_001033,CUST_00637,2025-12-14 20:13:48,Credit Card,Completed,true,1,1,59.99,0.00,9.99,69.98,22.00,47.98
ORD_001034,CUST_00624,2025-10-07 03:03:47,PayPal,Completed,true,2,5,164.95,15.00,4.99,154.94,46.00,108.94
ORD_001035,CUST_00034,2025-12-03 10:30:42,Buy Now Pay Later,Completed,true,2,6,644.97,0.00,9.99,654.96,240.00,414.96
ORD_001036,CUST_00562,2025-12-11 02:55:11,Buy Now Pay Later,Refunded,false,2,5,489.95,10.00,4.99,484.94,204.00,280.94
ORD_001037,CUST_00325,2025-05-25 15:04:40,PayPal,Completed,true,3,7,809.93,0.00,4.99,814.92,329.00,485.92
ORD_001038,CUST_00996,2025-07-09 14:16:03,Apple Pay,Cancelled,false,1,3,59.97,0.00,0.00,59.97,18.00,41.97
ORD_001039,CUST_00518,2025-12-23 02:19:37,PayPal,Completed,true,2,4,374.99,5.00,4.99,374.98,120.00,254.98
ORD_001040,CUST_00948,2025-12-27 16:13:35,Buy Now Pay Later,Completed,true,2,4,109.96,15.00,0.00,94.96,32.00,62.96
ORD_001041,CUST_00350,2026-02-10 09:02:26,Buy Now Pay Later,Completed,true,1,2,39.98,10.00,0.00,29.98,12.00,17.98
ORD_001042,CUST_00648,2026-02-25 17:52:01,Apple Pay,Completed,true,3,8,509.92,0.00,4.99,514.91,198.00,316.91
ORD_001043,CUST_00761,2025-03-24 11:16:44,Buy Now Pay Later,Completed,true,3,7,399.93,0.00,0.00,399.93,148.00,251.93
ORD_001044,CUST_00363,2025-12-23 23:45:16,Apple Pay,Completed,true,2,6,539.94,0.00,4.99,544.93,201.00,343.93
ORD_001045,CUST_00632,2025-12-17 19:15:35,UPI,Cancelled,false,1,3,330.00,5.00,4.99,329.99,144.00,185.99
ORD_001046,CUST_00855,2025-08-30 00:34:48,Buy Now Pay Later,Completed,true,2,2,129.98,15.00,9.99,124.97,45.00,79.97
ORD_001047,CUST_00918,2025-11-06 15:21:19,PayPal,Refunded,false,2,6,299.94,0.00,4.99,304.93,108.00,196.93
ORD_001048,CUST_00603,2025-11-24 20:57:37,Buy Now Pay Later,Completed,true,1,3,119.97,0.00,0.00,119.97,36.00,83.97
ORD_001049,CUST_00919,2026-02-22 18:19:00,PayPal,Completed,true,1,1,69.99,0.00,0.00,69.99,25.00,44.99
ORD_001050,CUST_00834,2025-09-08 13:52:39,Apple Pay,Completed,true,2,2,184.98,0.00,4.99,189.97,75.00,114.97
ORD_001051,CUST_00295,2025-11-08 20:06:30,Buy Now Pay Later,Completed,true,1,1,89.99,0.00,4.99,94.98,30.00,64.98
ORD_001052,CUST_00947,2026-02-01 08:20:51,Buy Now Pay Later,Cancelled,false,1,1,49.99,0.00,9.99,59.98,20.00,39.98
ORD_001053,CUST_00029,2026-02-07 23:20:12,Apple Pay,Completed,true,4,8,427.94,5.00,0.00,422.94,150.00,272.94
ORD_001054,CUST_00750,2025-10-14 12:34:45,Credit Card,Refunded,false,1,2,59.98,0.00,0.00,59.98,22.00,37.98
ORD_001055,CUST_00911,2025-08-16 15:13:45,Credit Card,Completed,true,1,2,79.98,0.00,9.99,89.97,30.00,59.97
ORD_001056,CUST_00823,2025-03-21 01:44:02,Apple Pay,Cancelled,false,2,4,559.96,0.00,9.99,569.95,240.00,329.95
ORD_001057,CUST_00646,2025-12-21 15:38:53,Buy Now Pay Later,Cancelled,false,2,3,499.97,5.00,0.00,494.97,220.00,274.97
ORD_001058,CUST_00862,2026-01-11 10:46:12,PayPal,Cancelled,false,2,4,399.96,10.00,4.99,394.95,150.00,244.95
ORD_001059,CUST_00272,2025-10-08 15:48:48,Apple Pay,Completed,true,1,1,89.99,15.00,4.99,79.98,30.00,49.98
ORD_001060,CUST_00204,2025-12-09 16:32:57,Buy Now Pay Later,Refunded,false,3,7,214.93,0.00,4.99,219.92,77.00,142.92
ORD_001061,CUST_00183,2025-07-28 15:09:12,PayPal,Completed,true,2,5,394.98,15.00,9.99,389.97,125.00,264.97
ORD_001062,CUST_00496,2025-09-19 23:50:26,UPI,Cancelled,false,4,10,754.93,5.00,9.99,759.92,255.00,504.92
ORD_001063,CUST_00303,2025-11-28 09:10:47,Apple Pay,Completed,true,1,1,59.99,5.00,4.99,59.98,22.00,37.98
ORD_001064,CUST_00679,2026-01-25 23:54:08,Apple Pay,Completed,true,1,3,449.97,15.00,0.00,434.97,195.00,239.97
ORD_001065,CUST_00408,2025-11-19 19:50:17,PayPal,Completed,true,2,3,209.99,10.00,4.99,204.98,62.00,142.98
ORD_001066,CUST_00275,2026-01-27 09:27:52,Apple Pay,Completed,true,3,6,485.94,0.00,4.99,490.93,204.00,286.93
ORD_001067,CUST_00436,2025-07-15 12:45:02,Credit Card,Completed,true,3,6,389.94,0.00,9.99,399.93,134.00,265.93
ORD_001068,CUST_00227,2025-11-08 07:11:13,Buy Now Pay Later,Completed,true,2,4,499.96,0.00,9.99,509.95,215.00,294.95
ORD_001069,CUST_00022,2026-01-26 01:49:59,Credit Card,Completed,true,1,3,449.97,0.00,9.99,459.96,195.00,264.96
ORD_001070,CUST_00051,2025-12-22 22:07:50,UPI,Completed,true,1,3,74.97,0.00,9.99,84.96,24.00,60.96
ORD_001071,CUST_00235,2025-12-27 21:43:50,PayPal,Completed,true,3,3,194.97,10.00,9.99,194.96,79.00,115.96
ORD_001072,CUST_00774,2026-02-19 15:30:08,Apple Pay,Completed,true,2,2,239.98,0.00,4.99,244.97,102.00,142.97
ORD_001073,CUST_00647,2025-12-24 11:49:41,UPI,Cancelled,false,1,3,104.97,15.00,0.00,89.97,30.00,59.97
ORD_001074,CUST_00411,2025-05-11 19:18:08,UPI,Cancelled,false,3,5,319.96,10.00,9.99,319.95,110.00,209.95
ORD_001075,CUST_00851,2025-12-17 00:31:36,Apple Pay,Completed,true,2,5,214.95,10.00,4.99,209.94,74.00,135.94
ORD_001076,CUST_00762,2025-11-17 14:30:18,Buy Now Pay Later,Completed,true,1,2,49.98,0.00,4.99,54.97,16.00,38.97
ORD_001077,CUST_00386,2025-11-27 05:00:32,UPI,Completed,true,1,2,39.98,10.00,4.99,34.97,12.00,22.97
ORD_001078,CUST_00930,2026-02-21 14:37:53,UPI,Refunded,false,1,2,159.98,5.00,9.99,164.97,70.00,94.97
ORD_001079,CUST_00782,2025-12-22 19:04:44,UPI,Cancelled,false,1,1,119.99,10.00,0.00,109.99,45.00,64.99
ORD_001080,CUST_00458,2025-08-05 00:55:20,Credit Card,Completed,true,2,4,509.96,0.00,9.99,519.95,217.00,302.95
ORD_001081,CUST_00174,2025-07-15 02:36:42,UPI,Completed,true,2,6,509.94,5.00,9.99,514.93,210.00,304.93
ORD_001082,CUST_00860,2026-01-04 15:38:04,Apple Pay,Completed,true,1,3,119.97,0.00,4.99,124.96,36.00,88.96
ORD_001083,CUST_00346,2025-11-23 16:59:47,Credit Card,Completed,true,1,2,69.98,10.00,4.99,64.97,20.00,44.97
ORD_001084,CUST_00707,2025-12-18 18:26:16,PayPal,Refunded,false,2,4,125.96,0.00,9.99,135.95,36.00,99.95
ORD_001085,CUST_00726,2026-02-22 07:47:57,Credit Card,Refunded,false,2,3,309.97,5.00,9.99,314.96,130.00,184.96
ORD_001086,CUST_00776,2025-12-24 18:31:58,Credit Card,Completed,true,2,3,229.97,0.00,4.99,234.96,80.00,154.96
ORD_001087,CUST_00508,2025-10-24 20:36:31,Credit Card,Cancelled,false,3,5,165.95,5.00,4.99,165.94,51.00,114.94
ORD_001088,CUST_00302,2026-01-26 08:53:23,PayPal,Refunded,false,1,1,110.00,10.00,9.99,109.99,48.00,61.99
ORD_001089,CUST_00298,2026-02-14 12:48:11,Buy Now Pay Later,Cancelled,false,1,3,255.00,15.00,4.99,244.99,75.00,169.99
ORD_001090,CUST_00258,2025-11-26 12:17:10,PayPal,Completed,true,1,1,149.99,15.00,9.99,144.98,65.00,79.98
ORD_001091,CUST_00537,2026-02-08 18:18:38,Credit Card,Completed,true,1,1,89.99,0.00,4.99,94.98,30.00,64.98
ORD_001092,CUST_00320,2025-12-29 11:03:33,Apple Pay,Completed,true,1,1,49.99,10.00,4.99,44.98,20.00,24.98
ORD_001093,CUST_00063,2026-02-05 22:01:41,PayPal,Refunded,false,1,2,220.00,15.00,9.99,214.99,96.00,118.99
ORD_001094,CUST_00644,2025-12-15 00:03:27,Apple Pay,Completed,true,1,2,39.98,10.00,9.99,39.97,12.00,27.97
ORD_001095,CUST_00640,2025-12-17 11:49:54,Credit Card,Completed,true,2,4,204.96,10.00,0.00,194.96,79.00,115.96
ORD_001096,CUST_00287,2025-08-19 15:33:32,UPI,Completed,true,2,5,169.95,10.00,9.99,169.94,54.00,115.94
ORD_001097,CUST_00791,2026-02-12 06:10:55,Credit Card,Refunded,false,2,2,124.99,0.00,0.00,124.99,37.00,87.99
ORD_001098,CUST_00094,2026-02-13 08:20:18,Apple Pay,Refunded,false,1,1,89.99,5.00,0.00,84.99,30.00,54.99
ORD_001099,CUST_00918,2025-11-15 06:17:59,Apple Pay,Completed,true,2,5,119.95,15.00,4.99,109.94,40.00,69.94
ORD_001100,CUST_00779,2025-07-01 20:44:41,Apple Pay,Completed,true,2,5,394.98,15.00,4.99,384.97,125.00,259.97
ORD_001101,CUST_00325,2025-09-04 04:27:37,UPI,Completed,true,3,7,324.93,15.00,0.00,309.93,104.00,205.93
ORD_001102,CUST_00712,2026-02-03 16:29:06,PayPal,Completed,true,2,3,62.97,15.00,4.99,52.96,18.00,34.96
ORD_001103,CUST_00876,2026-02-15 10:40:18,Buy Now Pay Later,Cancelled,false,1,1,19.99,0.00,9.99,29.98,6.00,23.98
ORD_001104,CUST_00392,2025-11-23 10:24:41,PayPal,Completed,true,3,6,214.94,0.00,9.99,224.93,81.00,143.93
ORD_001105,CUST_00337,2025-09-09 02:46:45,Apple Pay,Completed,true,3,7,319.93,0.00,9.99,329.92,114.00,215.92
ORD_001106,CUST_00045,2025-07-25 10:59:27,Buy Now Pay Later,Completed,true,2,5,264.95,15.00,4.99,254.94,100.00,154.94
ORD_001107,CUST_00503,2026-01-10 05:44:36,Credit Card,Completed,true,2,6,218.94,0.00,4.99,223.93,78.00,145.93
ORD_001108,CUST_00157,2025-08-10 17:53:59,Credit Card,Completed,true,1,2,99.98,0.00,4.99,104.97,40.00,64.97
ORD_001109,CUST_00100,2026-01-29 23:44:38,Buy Now Pay Later,Completed,true,4,9,707.91,15.00,0.00,692.91,295.00,397.91
ORD_001110,CUST_00964,2025-11-08 18:45:22,Buy Now Pay Later,Completed,true,1,1,199.99,0.00,0.00,199.99,90.00,109.99
ORD_001111,CUST_00747,2025-10-26 00:40:52,PayPal,Completed,true,1,3,599.97,0.00,9.99,609.96,270.00,339.96
ORD_001112,CUST_00518,2026-01-24 09:49:31,Apple Pay,Completed,true,2,3,199.97,0.00,9.99,209.96,79.00,130.96
ORD_001113,CUST_00478,2026-02-02 18:10:07,Credit Card,Cancelled,false,1,1,29.99,0.00,0.00,29.99,11.00,18.99
ORD_001114,CUST_00748,2025-09-03 23:05:19,PayPal,Completed,true,1,3,239.97,0.00,0.00,239.97,105.00,134.97
ORD_001115,CUST_00384,2025-08-05 21:00:55,PayPal,Completed,true,3,5,349.95,15.00,9.99,344.94,128.00,216.94
ORD_001116,CUST_00723,2026-01-30 09:52:18,PayPal,Completed,true,1,1,34.99,0.00,4.99,39.98,10.00,29.98
ORD_001117,CUST_00280,2026-02-12 13:37:56,UPI,Completed,true,1,2,119.98,0.00,9.99,129.97,44.00,85.97
ORD_001118,CUST_00095,2025-08-23 15:42:11,PayPal,Completed,true,2,4,199.97,5.00,9.99,204.96,72.00,132.96
ORD_001119,CUST_00395,2025-09-30 03:32:46,Apple Pay,Refunded,false,2,3,239.99,15.00,9.99,234.98,102.00,132.98
ORD_001120,CUST_00717,2025-09-02 02:06:32,Apple Pay,Completed,true,2,2,59.98,0.00,4.99,64.97,18.00,46.97
ORD_001121,CUST_00530,2026-01-23 12:46:13,Buy Now Pay Later,Completed,true,1,2,69.98,0.00,4.99,74.97,20.00,54.97
ORD_001122,CUST_00675,2025-10-19 14:18:11,Credit Card,Completed,true,1,1,49.99,15.00,4.99,39.98,20.00,19.98
ORD_001123,CUST_00432,2025-11-17 04:48:18,Apple Pay,Completed,true,1,1,49.99,0.00,4.99,54.98,20.00,34.98
ORD_001124,CUST_00479,2025-10-06 08:03:18,UPI,Completed,true,2,5,259.97,10.00,9.99,259.96,83.00,176.96
ORD_001125,CUST_00485,2026-02-17 08:03:14,UPI,Completed,true,1,3,330.00,10.00,4.99,324.99,144.00,180.99
ORD_001126,CUST_00411,2025-09-20 01:19:12,Buy Now Pay Later,Completed,true,4,7,399.93,5.00,4.99,399.92,140.00,259.92
ORD_001127,CUST_00525,2025-06-08 10:41:09,Apple Pay,Completed,true,3,4,134.96,0.00,9.99,144.95,46.00,98.95
ORD_001128,CUST_00812,2025-05-26 01:17:10,PayPal,Completed,true,1,1,89.99,5.00,0.00,84.99,30.00,54.99
ORD_001129,CUST_00905,2025-09-03 06:57:06,UPI,Completed,true,1,1,89.99,0.00,0.00,89.99,30.00,59.99
ORD_001130,CUST_00742,2025-11-19 16:55:27,Apple Pay,Completed,true,2,3,269.98,5.00,0.00,264.98,118.00,146.98
ORD_001131,CUST_00564,2026-02-22 10:02:13,PayPal,Completed,true,2,3,179.97,5.00,9.99,184.96,62.00,122.96
ORD_001132,CUST_00132,2025-10-06 06:17:35,UPI,Completed,true,1,3,449.97,0.00,9.99,459.96,195.00,264.96
ORD_001133,CUST_00404,2026-02-16 01:21:25,Buy Now Pay Later,Completed,true,1,1,34.99,0.00,0.00,34.99,10.00,24.99
ORD_001134,CUST_00787,2025-07-11 12:49:57,Buy Now Pay Later,Completed,true,1,2,59.98,0.00,9.99,69.97,16.00,53.97
ORD_001135,CUST_00937,2025-03-11 14:27:21,PayPal,Cancelled,false,1,2,79.98,0.00,0.00,79.98,24.00,55.98
ORD_001136,CUST_00446,2025-06-01 06:34:14,Apple Pay,Completed,true,1,2,179.98,5.00,0.00,174.98,60.00,114.98
ORD_001137,CUST_00397,2026-02-20 21:50:13,UPI,Completed,true,1,3,59.97,0.00,0.00,59.97,18.00,41.97
ORD_001138,CUST_00530,2026-01-15 18:22:07,Apple Pay,Completed,true,3,7,469.94,0.00,0.00,469.94,183.00,286.94
ORD_001139,CUST_00394,2026-02-22 10:27:43,Apple Pay,Completed,true,1,2,139.98,5.00,0.00,134.98,50.00,84.98
ORD_001140,CUST_00265,2026-01-26 01:50:36,Apple Pay,Completed,true,2,5,149.95,0.00,4.99,154.94,49.00,105.94
ORD_001141,CUST_00115,2025-05-25 23:38:38,Apple Pay,Completed,true,2,6,599.94,0.00,0.00,599.94,240.00,359.94
ORD_001142,CUST_00265,2025-08-09 13:19:48,Credit Card,Refunded,false,3,5,469.95,5.00,4.99,469.94,203.00,266.94
ORD_001143,CUST_00376,2025-10-06 03:10:10,Apple Pay,Refunded,false,2,4,94.96,0.00,9.99,104.95,28.00,76.95
ORD_001144,CUST_00274,2025-10-18 06:20:11,Apple Pay,Completed,true,1,3,239.97,5.00,4.99,239.96,105.00,134.96
ORD_001145,CUST_00037,2025-09-05 10:49:19,Credit Card,Completed,true,2,4,138.96,0.00,0.00,138.96,43.00,95.96
ORD_001146,CUST_00130,2026-02-02 06:49:03,Buy Now Pay Later,Completed,true,2,4,124.96,0.00,4.99,129.95,36.00,93.95
ORD_001147,CUST_00841,2026-02-22 01:09:43,Credit Card,Refunded,false,1,1,129.99,0.00,4.99,134.98,55.00,79.98
ORD_001148,CUST_00624,2026-01-14 14:41:48,Apple Pay,Cancelled,false,3,8,419.92,15.00,0.00,404.92,151.00,253.92
ORD_001149,CUST_00433,2025-09-16 00:09:14,Credit Card,Completed,true,1,2,69.98,15.00,9.99,64.97,20.00,44.97
ORD_001150,CUST_00989,2025-05-06 03:16:46,Credit Card,Completed,true,2,5,209.95,10.00,0.00,199.95,68.00,131.95
ORD_001151,CUST_00485,2025-06-21 23:36:27,Credit Card,Completed,true,1,3,269.97,0.00,9.99,279.96,90.00,189.96
ORD_001152,CUST_00409,2026-02-16 08:57:31,Credit Card,Completed,true,2,5,309.95,5.00,0.00,304.95,125.00,179.95
ORD_001153,CUST_00133,2025-10-28 12:36:03,PayPal,Completed,true,1,1,149.99,0.00,0.00,149.99,65.00,84.99
ORD_001154,CUST_00727,2025-09-30 19:53:10,Buy Now Pay Later,Completed,true,1,2,119.98,15.00,9.99,114.97,44.00,70.97
ORD_001155,CUST_00603,2025-12-22 08:14:09,Credit Card,Cancelled,false,2,4,185.96,5.00,9.99,190.95,62.00,128.95
ORD_001156,CUST_00328,2025-11-17 09:11:44,PayPal,Completed,true,1,3,119.97,0.00,9.99,129.96,36.00,93.96
ORD_001157,CUST_00400,2025-12-25 07:54:02,UPI,Completed,true,1,3,104.97,0.00,9.99,114.96,30.00,84.96
ORD_001158,CUST_00354,2025-12-01 13:47:31,Apple Pay,Completed,true,2,5,389.98,0.00,4.99,394.97,160.00,234.97
ORD_001159,CUST_00479,2025-03-19 11:16:32,UPI,Completed,true,2,3,309.99,10.00,4.99,304.98,126.00,178.98
ORD_001160,CUST_00570,2026-01-19 14:59:16,Buy Now Pay Later,Completed,true,1,1,22.99,0.00,4.99,27.98,6.00,21.98
ORD_001161,CUST_00100,2025-12-03 09:10:22,PayPal,Completed,true,1,1,49.99,10.00,4.99,44.98,20.00,24.98
ORD_001162,CUST_00786,2026-02-12 00:11:18,Apple Pay,Cancelled,false,4,8,440.95,5.00,9.99,445.94,176.00,269.94
ORD_001163,CUST_00681,2026-02-07 19:50:22,UPI,Cancelled,false,4,7,475.93,0.00,4.99,480.92,183.00,297.92
ORD_001164,CUST_00947,2026-01-29 17:22:38,PayPal,Completed,true,1,3,68.97,0.00,4.99,73.96,18.00,55.96
ORD_001165,CUST_00930,2025-09-05 17:14:54,Credit Card,Completed,true,2,4,144.97,5.00,0.00,139.97,43.00,96.97
ORD_001166,CUST_00142,2026-02-19 11:12:52,PayPal,Completed,true,2,4,259.96,0.00,9.99,269.95,111.00,158.95
ORD_001167,CUST_00641,2025-11-24 18:44:23,Buy Now Pay Later,Cancelled,false,1,3,330.00,0.00,9.99,339.99,144.00,195.99
ORD_001168,CUST_00399,2025-11-20 17:26:54,PayPal,Refunded,false,3,6,379.95,15.00,0.00,364.95,141.00,223.95
ORD_001169,CUST_00331,2025-05-20 15:27:23,UPI,Completed,true,1,2,159.98,0.00,9.99,169.97,70.00,99.97
ORD_001170,CUST_00251,2026-01-22 21:10:00,Buy Now Pay Later,Completed,true,2,3,89.97,15.00,0.00,74.97,30.00,44.97
ORD_001171,CUST_00251,2026-01-30 02:08:58,Credit Card,Cancelled,false,4,10,709.90,5.00,4.99,709.89,292.00,417.89
ORD_001172,CUST_00124,2026-02-27 08:31:33,Apple Pay,Cancelled,false,1,2,79.98,15.00,0.00,64.98,24.00,40.98
ORD_001173,CUST_00849,2026-01-29 06:24:08,UPI,Cancelled,false,2,3,289.99,15.00,9.99,284.98,121.00,163.98
ORD_001174,CUST_00107,2026-01-05 07:27:01,Apple Pay,Completed,true,2,5,219.95,15.00,0.00,204.95,80.00,124.95
ORD_001175,CUST_00348,2025-11-20 16:11:56,Credit Card,Completed,true,2,5,154.95,0.00,4.99,159.94,46.00,113.94
ORD_001176,CUST_00504,2025-12-27 16:41:29,Apple Pay,Completed,true,2,5,479.95,15.00,4.99,469.94,196.00,273.94
ORD_001177,CUST_00265,2025-12-31 11:44:29,Credit Card,Completed,true,2,3,209.99,10.00,4.99,204.98,65.00,139.98
ORD_001178,CUST_00578,2025-07-24 06:04:13,Apple Pay,Cancelled,false,1,2,179.98,10.00,9.99,179.97,60.00,119.97
ORD_001179,CUST_00731,2026-01-16 17:10:06,Apple Pay,Cancelled,false,1,2,79.98,0.00,9.99,89.97,30.00,59.97
ORD_001180,CUST_00264,2026-01-04 17:46:03,PayPal,Completed,true,1,3,74.97,10.00,4.99,69.96,24.00,45.96
ORD_001181,CUST_00013,2025-06-30 03:19:05,PayPal,Completed,true,2,5,269.95,5.00,9.99,274.94,91.00,183.94
ORD_001182,CUST_00160,2025-12-14 06:39:43,PayPal,Refunded,false,1,3,330.00,5.00,4.99,329.99,144.00,185.99
ORD_001183,CUST_00494,2025-11-26 08:56:40,PayPal,Completed,true,3,4,509.96,0.00,4.99,514.95,220.00,294.95
ORD_001184,CUST_00624,2026-01-25 03:18:22,Buy Now Pay Later,Cancelled,false,2,4,184.97,5.00,4.99,184.96,72.00,112.96
ORD_001185,CUST_00861,2026-01-04 01:31:10,Credit Card,Completed,true,2,5,819.97,5.00,9.99,824.96,366.00,458.96
ORD_001186,CUST_00069,2025-10-11 06:06:04,PayPal,Refunded,false,4,7,912.93,10.00,9.99,912.92,397.00,515.92
ORD_001187,CUST_00707,2025-12-25 17:34:15,Apple Pay,Completed,true,2,5,269.95,0.00,9.99,279.94,93.00,186.94
ORD_001188,CUST_00094,2025-12-02 22:37:22,Credit Card,Completed,true,2,2,169.98,10.00,4.99,164.97,70.00,94.97
ORD_001189,CUST_00250,2026-01-14 01:49:49,Apple Pay,Refunded,false,1,3,149.97,10.00,0.00,139.97,60.00,79.97
ORD_001190,CUST_00075,2025-06-01 13:44:33,Credit Card,Completed,true,1,3,389.97,5.00,0.00,384.97,165.00,219.97
ORD_001191,CUST_00604,2025-08-08 11:47:11,UPI,Refunded,false,1,1,34.99,0.00,9.99,44.98,10.00,34.98
ORD_001192,CUST_00738,2025-10-07 03:45:52,Apple Pay,Cancelled,false,1,2,170.00,5.00,0.00,165.00,50.00,115.00
ORD_001193,CUST_00616,2025-12-19 21:20:08,Apple Pay,Completed,true,2,5,509.95,5.00,9.99,514.94,211.00,303.94
ORD_001194,CUST_00271,2026-01-15 03:53:48,Buy Now Pay Later,Refunded,false,1,2,69.98,15.00,9.99,64.97,20.00,44.97
ORD_001195,CUST_00641,2025-11-12 09:41:32,UPI,Completed,true,4,5,509.95,10.00,4.99,504.94,207.00,297.94
ORD_001196,CUST_00690,2026-01-14 18:56:30,Credit Card,Completed,true,3,4,225.96,0.00,0.00,225.96,88.00,137.96
ORD_001197,CUST_00514,2025-11-14 09:58:36,Buy Now Pay Later,Completed,true,2,4,189.96,15.00,4.99,179.95,72.00,107.95
ORD_001198,CUST_00689,2026-01-13 07:55:03,Buy Now Pay Later,Completed,true,1,3,209.97,0.00,0.00,209.97,75.00,134.97
ORD_001199,CUST_00161,2026-01-16 10:46:48,Apple Pay,Refunded,false,4,7,499.95,0.00,4.99,504.94,166.00,338.94
ORD_001200,CUST_00745,2025-11-09 02:43:30,UPI,Cancelled,false,1,2,119.98,5.00,9.99,124.97,44.00,80.97
ORD_001201,CUST_00006,2025-11-23 18:00:58,PayPal,Completed,true,4,9,389.92,0.00,9.99,399.91,146.00,253.91
ORD_001202,CUST_00302,2026-02-05 07:25:24,Buy Now Pay Later,Completed,true,1,3,209.97,0.00,9.99,219.96,75.00,144.96
ORD_001203,CUST_00205,2025-09-12 18:53:47,PayPal,Refunded,false,2,5,219.95,0.00,0.00,219.95,80.00,139.95
ORD_001204,CUST_00492,2026-01-09 07:20:16,UPI,Refunded,false,1,1,199.99,15.00,4.99,189.98,90.00,99.98
ORD_001205,CUST_00287,2026-02-02 00:20:46,Apple Pay,Refunded,false,1,2,99.98,0.00,9.99,109.97,40.00,69.97
ORD_001206,CUST_00551,2025-12-04 04:06:31,Apple Pay,Completed,true,3,6,269.94,15.00,0.00,254.94,99.00,155.94
ORD_001207,CUST_00895,2025-09-24 01:18:22,UPI,Refunded,false,1,1,24.99,10.00,0.00,14.99,8.00,6.99
ORD_001208,CUST_00336,2025-11-25 10:57:35,Credit Card,Refunded,false,2,2,57.98,10.00,4.99,52.97,16.00,36.97
ORD_001209,CUST_00892,2026-02-15 19:16:14,PayPal,Cancelled,false,2,4,279.98,15.00,0.00,264.98,118.00,146.98
ORD_001210,CUST_00234,2026-01-25 19:35:14,Credit Card,Completed,true,1,1,34.99,0.00,9.99,44.98,10.00,34.98
ORD_001211,CUST_00123,2025-10-16 21:04:22,Credit Card,Completed,true,1,3,119.97,0.00,9.99,129.96,36.00,93.96
ORD_001212,CUST_00383,2025-08-08 11:41:30,Buy Now Pay Later,Refunded,false,1,2,399.98,10.00,4.99,394.97,180.00,214.97
ORD_001213,CUST_00290,2025-10-09 12:58:44,Credit Card,Completed,true,2,4,424.96,0.00,9.99,434.95,175.00,259.95
ORD_001214,CUST_00818,2026-01-28 22:07:37,UPI,Completed,true,2,4,109.96,0.00,9.99,119.95,38.00,81.95
ORD_001215,CUST_00463,2026-01-21 08:25:15,Buy Now Pay Later,Cancelled,false,1,2,299.98,0.00,0.00,299.98,130.00,169.98
ORD_001216,CUST_00465,2026-01-06 04:23:21,Apple Pay,Cancelled,false,2,4,259.96,5.00,9.99,264.95,111.00,153.95
ORD_001217,CUST_00849,2025-11-06 07:25:12,Apple Pay,Completed,true,1,1,149.99,5.00,0.00,144.99,65.00,79.99
ORD_001218,CUST_00599,2026-02-25 22:26:13,Buy Now Pay Later,Completed,true,2,2,59.98,0.00,9.99,69.97,18.00,51.97
ORD_001219,CUST_00792,2025-10-14 18:00:16,Buy Now Pay Later,Completed,true,1,1,49.99,0.00,9.99,59.98,20.00,39.98
ORD_001220,CUST_00799,2025-11-02 17:31:45,PayPal,Refunded,false,1,3,389.97,0.00,4.99,394.96,165.00,229.96
ORD_001221,CUST_00214,2025-11-30 15:00:17,Apple Pay,Completed,true,1,1,34.99,0.00,0.00,34.99,10.00,24.99
ORD_001222,CUST_00141,2026-01-18 11:58:11,PayPal,Completed,true,3,5,279.95,15.00,9.99,274.94,107.00,167.94
ORD_001223,CUST_00450,2026-01-08 21:38:57,Credit Card,Completed,true,1,1,69.99,10.00,0.00,59.99,25.00,34.99
ORD_001224,CUST_00519,2025-12-30 08:07:40,Buy Now Pay Later,Cancelled,false,2,5,254.95,0.00,4.99,259.94,84.00,175.94
ORD_001225,CUST_00325,2025-07-21 07:23:06,UPI,Completed,true,1,2,259.98,10.00,4.99,254.97,110.00,144.97
ORD_001226,CUST_00521,2026-01-11 02:17:00,Credit Card,Completed,true,1,2,139.98,5.00,4.99,139.97,50.00,89.97
ORD_001227,CUST_00370,2025-11-04 10:37:53,Credit Card,Completed,true,1,3,179.97,0.00,9.99,189.96,66.00,123.96
ORD_001228,CUST_00660,2026-01-07 22:08:20,PayPal,Completed,true,3,5,334.95,0.00,0.00,334.95,130.00,204.95
ORD_001229,CUST_00132,2025-06-01 23:14:22,Apple Pay,Completed,true,2,5,654.98,10.00,0.00,644.98,255.00,389.98
ORD_001230,CUST_00425,2025-05-19 21:49:18,PayPal,Completed,true,1,2,59.98,0.00,9.99,69.97,16.00,53.97
ORD_001231,CUST_00901,2026-01-16 08:16:44,Apple Pay,Completed,true,1,2,49.98,0.00,4.99,54.97,16.00,38.97
ORD_001232,CUST_00637,2026-01-11 23:46:54,PayPal,Completed,true,2,3,379.97,5.00,0.00,374.97,165.00,209.97
ORD_001233,CUST_00553,2025-09-24 18:37:28,Apple Pay,Refunded,false,2,2,174.99,0.00,0.00,174.99,55.00,119.99
ORD_001234,CUST_00430,2025-02-23 17:15:34,Credit Card,Completed,true,4,8,315.94,0.00,9.99,325.93,96.00,229.93
ORD_001235,CUST_00132,2025-10-09 18:32:51,Buy Now Pay Later,Cancelled,false,2,2,134.99,5.00,4.99,134.98,45.00,89.98
ORD_001236,CUST_00225,2026-02-16 04:16:44,UPI,Completed,true,3,6,569.94,15.00,0.00,554.94,220.00,334.94
ORD_001237,CUST_00256,2025-06-10 03:11:41,UPI,Completed,true,1,3,179.97,0.00,9.99,189.96,66.00,123.96
ORD_001238,CUST_00605,2026-02-27 03:57:42,Apple Pay,Refunded,false,2,4,144.96,0.00,4.99,149.95,45.00,104.95
ORD_001239,CUST_00594,2026-02-22 00:53:18,Credit Card,Completed,true,2,4,669.96,0.00,0.00,669.96,295.00,374.96
ORD_001240,CUST_00035,2026-02-24 15:08:00,UPI,Completed,true,1,2,299.98,0.00,9.99,309.97,130.00,179.97
ORD_001241,CUST_00879,2025-12-07 07:44:16,UPI,Completed,true,2,5,244.95,5.00,0.00,239.95,80.00,159.95
ORD_001242,CUST_00559,2026-01-11 14:07:35,Apple Pay,Completed,true,2,4,359.96,0.00,0.00,359.96,146.00,213.96
ORD_001243,CUST_00791,2025-12-15 03:06:43,Apple Pay,Completed,true,2,5,389.95,0.00,0.00,389.95,154.00,235.95
ORD_001244,CUST_00027,2026-02-06 03:42:16,Buy Now Pay Later,Completed,true,1,3,89.97,0.00,0.00,89.97,33.00,56.97
ORD_001245,CUST_00303,2025-12-04 03:53:58,Buy Now Pay Later,Completed,true,1,1,19.99,10.00,0.00,9.99,6.00,3.99
ORD_001246,CUST_00408,2026-01-03 13:39:10,Apple Pay,Refunded,false,1,3,359.97,0.00,0.00,359.97,135.00,224.97
ORD_001247,CUST_00616,2025-11-26 18:53:09,PayPal,Refunded,false,3,7,712.93,0.00,9.99,722.92,300.00,422.92
ORD_001248,CUST_00384,2025-04-10 17:54:22,Buy Now Pay Later,Completed,true,2,5,494.98,15.00,0.00,479.98,165.00,314.98
ORD_001249,CUST_00879,2025-11-09 19:20:30,Buy Now Pay Later,Completed,true,1,2,139.98,0.00,4.99,144.97,50.00,94.97
ORD_001250,CUST_00916,2026-01-01 09:12:24,Apple Pay,Completed,true,1,3,179.97,0.00,0.00,179.97,66.00,113.97
ORD_001251,CUST_00570,2026-02-23 01:33:38,Credit Card,Completed,true,1,2,170.00,10.00,0.00,160.00,50.00,110.00
ORD_001252,CUST_00144,2025-08-21 14:55:18,UPI,Completed,true,3,5,519.95,15.00,4.99,509.94,190.00,319.94
ORD_001253,CUST_00855,2025-07-27 21:41:12,Credit Card,Completed,true,1,3,104.97,0.00,4.99,109.96,30.00,79.96
ORD_001254,CUST_00758,2025-09-26 07:45:57,Apple Pay,Cancelled,false,1,2,59.98,0.00,9.99,69.97,22.00,47.97
ORD_001255,CUST_00012,2026-02-19 12:44:27,UPI,Completed,true,2,4,179.96,15.00,9.99,174.95,68.00,106.95
ORD_001256,CUST_00449,2025-12-12 02:31:01,Apple Pay,Completed,true,2,3,199.99,0.00,0.00,199.99,61.00,138.99
ORD_001257,CUST_00391,2025-07-21 06:40:56,UPI,Completed,true,2,3,74.97,0.00,9.99,84.96,22.00,62.96
ORD_001258,CUST_00536,2025-06-13 07:44:26,UPI,Completed,true,4,7,614.97,15.00,4.99,604.96,238.00,366.96
ORD_001259,CUST_00863,2025-09-23 23:39:18,Apple Pay,Completed,true,2,2,169.98,15.00,4.99,159.97,71.00,88.97
ORD_001260,CUST_00104,2026-01-20 04:49:39,UPI,Completed,true,1,3,119.97,0.00,9.99,129.96,36.00,93.96
ORD_001261,CUST_00273,2025-05-01 01:24:01,Buy Now Pay Later,Cancelled,false,1,3,255.00,10.00,4.99,249.99,75.00,174.99
ORD_001262,CUST_00892,2026-02-03 11:51:31,Credit Card,Completed,true,1,3,149.97,10.00,9.99,149.96,60.00,89.96
ORD_001263,CUST_00098,2025-04-18 20:19:00,Credit Card,Completed,true,1,2,170.00,5.00,4.99,169.99,50.00,119.99
ORD_001264,CUST_00663,2025-11-09 07:25:12,UPI,Completed,true,2,4,289.96,5.00,9.99,294.95,114.00,180.95
ORD_001265,CUST_00222,2025-06-06 05:06:20,Credit Card,Completed,true,2,5,549.95,0.00,4.99,554.94,235.00,319.94
ORD_001266,CUST_00870,2026-02-21 01:23:31,Apple Pay,Completed,true,1,2,220.00,0.00,0.00,220.00,96.00,124.00
ORD_001267,CUST_00803,2025-12-14 19:53:05,Buy Now Pay Later,Completed,true,1,3,104.97,0.00,0.00,104.97,30.00,74.97
ORD_001268,CUST_00664,2026-01-03 06:37:35,Credit Card,Cancelled,false,1,2,220.00,0.00,4.99,224.99,96.00,128.99
ORD_001269,CUST_00361,2026-02-21 01:56:28,Credit Card,Refunded,false,2,5,659.95,0.00,0.00,659.95,265.00,394.95
ORD_001270,CUST_00321,2026-01-23 01:48:02,UPI,Cancelled,false,1,2,139.98,0.00,4.99,144.97,50.00,94.97
ORD_001271,CUST_00346,2026-01-18 11:14:44,PayPal,Completed,true,2,5,569.95,0.00,0.00,569.95,220.00,349.95
ORD_001272,CUST_00931,2025-09-22 08:42:42,UPI,Cancelled,false,2,6,248.94,10.00,0.00,238.94,84.00,154.94
ORD_001273,CUST_00078,2025-06-03 13:54:39,Apple Pay,Completed,true,1,1,85.00,15.00,4.99,74.99,25.00,49.99
ORD_001274,CUST_00734,2025-11-06 16:55:50,Apple Pay,Refunded,false,1,3,119.97,5.00,0.00,114.97,45.00,69.97
ORD_001275,CUST_00584,2025-03-09 22:25:28,Credit Card,Completed,true,4,7,659.93,15.00,4.99,649.92,262.00,387.92
ORD_001276,CUST_00252,2025-08-25 02:27:45,PayPal,Completed,true,2,4,144.96,0.00,4.99,149.95,53.00,96.95
ORD_001277,CUST_00495,2026-02-14 20:58:46,Buy Now Pay Later,Completed,true,2,5,154.95,5.00,0.00,149.95,46.00,103.95
ORD_001278,CUST_00643,2025-12-20 15:56:22,Apple Pay,Cancelled,false,1,2,220.00,0.00,4.99,224.99,96.00,128.99
ORD_001279,CUST_00922,2025-12-25 05:08:00,PayPal,Completed,true,2,6,509.94,0.00,9.99,519.93,210.00,309.93
ORD_001280,CUST_00132,2025-04-17 00:50:51,PayPal,Refunded,false,2,5,368.95,0.00,9.99,378.94,148.00,230.94
ORD_001281,CUST_00735,2025-12-31 05:52:52,UPI,Completed,true,1,2,399.98,5.00,9.99,404.97,180.00,224.97
ORD_001282,CUST_00606,2025-10-02 03:21:57,Credit Card,Completed,true,4,8,438.92,10.00,9.99,438.91,159.00,279.91
ORD_001283,CUST_00066,2025-11-11 14:17:42,Credit Card,Completed,true,1,3,104.97,10.00,4.99,99.96,30.00,69.96
ORD_001284,CUST_00613,2025-08-16 17:48:38,UPI,Completed,true,2,5,289.95,0.00,9.99,299.94,105.00,194.94
ORD_001285,CUST_00714,2026-02-19 23:34:32,PayPal,Completed,true,1,3,104.97,10.00,4.99,99.96,30.00,69.96
ORD_001286,CUST_00698,2025-09-20 05:58:13,Buy Now Pay Later,Completed,true,4,9,1169.94,10.00,0.00,1159.94,509.00,650.94
ORD_001287,CUST_00200,2025-12-17 19:51:49,UPI,Refunded,false,2,4,354.97,0.00,9.99,364.96,115.00,249.96
ORD_001288,CUST_00340,2025-09-12 07:01:34,UPI,Completed,true,3,4,194.96,5.00,9.99,199.95,66.00,133.95
ORD_001289,CUST_00099,2025-06-24 01:52:52,Credit Card,Completed,true,1,1,19.99,0.00,4.99,24.98,6.00,18.98
ORD_001290,CUST_00267,2026-01-11 17:03:21,Credit Card,Completed,true,1,3,389.97,0.00,4.99,394.96,165.00,229.96
ORD_001291,CUST_00264,2025-09-07 01:18:51,Apple Pay,Refunded,false,1,1,22.99,0.00,9.99,32.98,6.00,26.98
ORD_001292,CUST_00173,2025-08-30 10:41:43,Credit Card,Refunded,false,1,3,449.97,5.00,4.99,449.96,195.00,254.96
ORD_001293,CUST_00577,2025-12-30 06:00:34,PayPal,Completed,true,4,9,509.92,0.00,0.00,509.92,163.00,346.92
ORD_001294,CUST_00913,2025-12-10 05:41:30,Buy Now Pay Later,Cancelled,false,3,5,219.95,5.00,0.00,214.95,69.00,145.95
ORD_001295,CUST_00827,2025-09-25 10:27:41,PayPal,Completed,true,1,1,89.99,10.00,9.99,89.98,30.00,59.98
ORD_001296,CUST_00510,2025-06-13 13:59:21,Buy Now Pay Later,Refunded,false,1,2,170.00,0.00,4.99,174.99,50.00,124.99
ORD_001297,CUST_00803,2026-01-22 16:16:12,PayPal,Completed,true,2,3,429.97,0.00,4.99,434.96,185.00,249.96
ORD_001298,CUST_00193,2026-02-20 01:12:40,Buy Now Pay Later,Completed,true,1,1,199.99,5.00,9.99,204.98,90.00,114.98
ORD_001299,CUST_00869,2025-12-16 16:13:42,Buy Now Pay Later,Completed,true,2,5,509.95,10.00,9.99,509.94,211.00,298.94
ORD_001300,CUST_00776,2026-02-14 11:56:45,PayPal,Cancelled,false,1,2,299.98,0.00,4.99,304.97,130.00,174.97
ORD_001301,CUST_00967,2026-01-25 11:09:10,Credit Card,Completed,true,1,2,139.98,0.00,4.99,144.97,50.00,94.97
ORD_001302,CUST_00107,2026-01-22 08:28:00,Apple Pay,Refunded,false,1,3,209.97,0.00,4.99,214.96,75.00,139.96
ORD_001303,CUST_00716,2025-11-19 11:15:16,Buy Now Pay Later,Refunded,false,3,7,384.93,10.00,9.99,384.92,145.00,239.92
ORD_001304,CUST_00322,2025-12-30 11:36:31,Apple Pay,Refunded,false,1,3,179.97,5.00,0.00,174.97,66.00,108.97
ORD_001305,CUST_00054,2026-02-24 12:00:15,Credit Card,Cancelled,false,3,4,294.97,10.00,4.99,289.96,93.00,196.96
ORD_001306,CUST_00973,2025-11-08 19:17:37,Buy Now Pay Later,Completed,true,2,6,464.94,5.00,0.00,459.94,189.00,270.94
ORD_001307,CUST_00016,2025-12-28 05:42:10,PayPal,Completed,true,1,3,149.97,0.00,0.00,149.97,60.00,89.97
ORD_001308,CUST_00834,2025-10-25 05:00:40,Buy Now Pay Later,Completed,true,4,9,1059.94,0.00,0.00,1059.94,444.00,615.94
ORD_001309,CUST_00904,2025-08-27 06:50:00,Apple Pay,Cancelled,false,2,5,194.95,15.00,9.99,189.94,68.00,121.94
ORD_001310,CUST_00011,2025-12-12 00:54:17,Buy Now Pay Later,Completed,true,1,1,24.99,5.00,4.99,24.98,8.00,16.98
ORD_001311,CUST_00642,2026-01-13 08:59:03,PayPal,Completed,true,2,4,149.96,15.00,9.99,144.95,56.00,88.95
ORD_001312,CUST_00118,2025-05-08 21:46:03,PayPal,Completed,true,3,8,649.92,10.00,4.99,644.91,236.00,408.91
ORD_001313,CUST_00733,2026-02-23 02:31:34,Apple Pay,Completed,true,1,1,59.99,0.00,9.99,69.98,22.00,47.98
ORD_001314,CUST_00780,2025-12-10 19:11:24,PayPal,Completed,true,3,6,250.94,5.00,0.00,245.94,91.00,154.94
ORD_001315,CUST_00491,2025-08-29 22:23:15,Credit Card,Completed,true,1,1,69.99,0.00,0.00,69.99,25.00,44.99
ORD_001316,CUST_00447,2025-12-24 15:43:33,PayPal,Completed,true,2,4,629.96,15.00,9.99,624.95,281.00,343.95
ORD_001317,CUST_00326,2025-04-29 18:06:59,PayPal,Refunded,false,1,2,79.98,0.00,4.99,84.97,30.00,54.97
ORD_001318,CUST_00474,2025-12-17 06:15:18,Buy Now Pay Later,Cancelled,false,1,1,69.99,0.00,4.99,74.98,25.00,49.98
ORD_001319,CUST_00231,2025-05-11 11:20:16,Credit Card,Cancelled,false,1,1,29.99,0.00,4.99,34.98,11.00,23.98
ORD_001320,CUST_00617,2026-02-16 01:42:41,Credit Card,Completed,true,2,4,142.96,0.00,0.00,142.96,51.00,91.96
ORD_001321,CUST_00420,2026-01-20 14:00:33,Apple Pay,Refunded,false,1,1,89.99,15.00,4.99,79.98,30.00,49.98
ORD_001322,CUST_00147,2025-09-15 02:41:02,Credit Card,Cancelled,false,1,2,139.98,0.00,9.99,149.97,50.00,99.97
ORD_001323,CUST_00788,2026-02-08 17:24:02,UPI,Completed,true,3,8,750.92,0.00,0.00,750.92,312.00,438.92
ORD_001324,CUST_00290,2025-11-21 13:39:31,Buy Now Pay Later,Refunded,false,1,2,239.98,15.00,4.99,229.97,90.00,139.97
ORD_001325,CUST_00354,2026-02-11 18:56:08,PayPal,Completed,true,3,8,238.92,0.00,0.00,238.92,81.00,157.92
ORD_001326,CUST_00179,2025-09-23 11:33:43,Credit Card,Completed,true,3,7,439.95,0.00,0.00,439.95,184.00,255.95
ORD_001327,CUST_00901,2026-02-27 07:09:39,UPI,Completed,true,4,9,529.93,5.00,4.99,529.92,207.00,322.92
ORD_001328,CUST_00475,2025-11-03 04:44:39,Buy Now Pay Later,Completed,true,1,1,69.99,0.00,9.99,79.98,25.00,54.98
ORD_001329,CUST_00252,2025-08-21 15:45:25,Buy Now Pay Later,Cancelled,false,1,2,49.98,15.00,9.99,44.97,16.00,28.97
ORD_001330,CUST_00922,2026-01-16 09:58:24,PayPal,Refunded,false,3,6,329.95,0.00,4.99,334.94,126.00,208.94
ORD_001331,CUST_00668,2025-12-23 14:18:02,Apple Pay,Completed,true,3,7,874.96,0.00,0.00,874.96,351.00,523.96
ORD_001332,CUST_00394,2026-01-20 15:48:26,PayPal,Completed,true,1,2,59.98,0.00,9.99,69.97,22.00,47.97
ORD_001333,CUST_00582,2026-01-19 16:46:52,Apple Pay,Completed,true,4,7,344.93,0.00,4.99,349.92,118.00,231.92
ORD_001334,CUST_00781,2025-09-14 09:08:31,Credit Card,Completed,true,2,4,284.99,15.00,9.99,279.98,83.00,196.98
ORD_001335,CUST_00806,2025-12-25 12:53:17,Apple Pay,Completed,true,1,2,399.98,0.00,0.00,399.98,180.00,219.98
ORD_001336,CUST_00208,2025-12-10 06:52:09,Apple Pay,Completed,true,1,3,389.97,0.00,9.99,399.96,165.00,234.96
ORD_001337,CUST_00927,2026-01-25 08:27:58,Credit Card,Completed,true,1,3,269.97,0.00,4.99,274.96,90.00,184.96
ORD_001338,CUST_00164,2025-07-14 05:00:17,PayPal,Completed,true,1,3,68.97,10.00,4.99,63.96,18.00,45.96
ORD_001339,CUST_00566,2026-02-23 16:29:26,PayPal,Completed,true,2,3,189.97,0.00,9.99,199.96,65.00,134.96
ORD_001340,CUST_00774,2026-01-03 08:17:51,Buy Now Pay Later,Completed,true,3,7,429.95,0.00,0.00,429.95,136.00,293.95
ORD_001341,CUST_00599,2026-02-06 00:09:20,Buy Now Pay Later,Completed,true,1,2,159.98,5.00,9.99,164.97,70.00,94.97
ORD_001342,CUST_00907,2025-07-09 16:53:45,UPI,Completed,true,3,5,339.95,10.00,4.99,334.94,130.00,204.94
ORD_001343,CUST_00202,2026-02-23 14:30:30,UPI,Completed,true,1,1,129.99,0.00,9.99,139.98,55.00,84.98
ORD_001344,CUST_00637,2026-02-07 03:10:47,Credit Card,Completed,true,4,6,344.96,0.00,9.99,354.95,132.00,222.95
ORD_001345,CUST_00665,2025-07-09 04:20:41,Credit Card,Cancelled,false,1,2,59.98,5.00,4.99,59.97,22.00,37.97
ORD_001346,CUST_00768,2026-01-20 00:47:38,Buy Now Pay Later,Cancelled,false,1,1,22.99,0.00,0.00,22.99,6.00,16.99
ORD_001347,CUST_00753,2026-01-09 23:27:08,Credit Card,Completed,true,1,3,119.97,5.00,4.99,119.96,36.00,83.96
ORD_001348,CUST_00689,2026-01-24 13:29:07,UPI,Cancelled,false,1,3,330.00,10.00,4.99,324.99,144.00,180.99
ORD_001349,CUST_00351,2025-05-10 08:25:51,Apple Pay,Completed,true,2,3,72.97,5.00,4.99,72.96,22.00,50.96
ORD_001350,CUST_00941,2026-01-28 13:26:42,Credit Card,Completed,true,3,3,229.97,0.00,0.00,229.97,93.00,136.97
ORD_001351,CUST_00383,2025-08-27 10:08:54,Credit Card,Completed,true,2,5,619.95,0.00,0.00,619.95,245.00,374.95
ORD_001352,CUST_00892,2026-01-15 00:55:36,Credit Card,Completed,true,1,3,89.97,15.00,4.99,79.96,33.00,46.96
ORD_001353,CUST_00125,2025-09-27 23:41:56,Credit Card,Cancelled,false,1,1,129.99,0.00,0.00,129.99,55.00,74.99
ORD_001354,CUST_00444,2026-02-24 05:32:45,UPI,Cancelled,false,1,2,399.98,15.00,0.00,384.98,180.00,204.98
ORD_001355,CUST_00641,2025-12-17 01:55:57,Buy Now Pay Later,Completed,true,1,3,74.97,15.00,4.99,64.96,24.00,40.96
ORD_001356,CUST_00191,2026-01-31 12:13:32,Buy Now Pay Later,Completed,true,2,2,234.98,5.00,0.00,229.98,100.00,129.98
ORD_001357,CUST_00181,2025-09-04 18:22:59,Credit Card,Completed,true,1,3,68.97,10.00,0.00,58.97,18.00,40.97
ORD_001358,CUST_00780,2025-12-06 13:32:45,UPI,Completed,true,1,3,449.97,0.00,0.00,449.97,195.00,254.97
ORD_001359,CUST_00857,2025-09-19 04:28:19,Apple Pay,Refunded,false,1,2,119.98,0.00,4.99,124.97,44.00,80.97
ORD_001360,CUST_00754,2025-11-01 02:25:31,Credit Card,Refunded,false,1,1,34.99,0.00,0.00,34.99,10.00,24.99
ORD_001361,CUST_00065,2025-10-13 19:22:41,UPI,Completed,true,3,7,649.93,15.00,9.99,644.92,273.00,371.92
ORD_001362,CUST_00091,2026-01-20 07:53:30,Apple Pay,Refunded,false,2,4,479.98,10.00,4.99,474.97,206.00,268.97
ORD_001363,CUST_00761,2026-01-13 04:48:13,PayPal,Completed,true,1,1,39.99,0.00,9.99,49.98,12.00,37.98
ORD_001364,CUST_00602,2025-10-19 09:25:49,UPI,Completed,true,2,4,99.96,5.00,4.99,99.95,34.00,65.95
ORD_001365,CUST_00464,2025-09-30 08:01:56,Apple Pay,Completed,true,2,5,199.95,0.00,0.00,199.95,68.00,131.95
ORD_001366,CUST_00153,2026-01-13 17:41:00,PayPal,Completed,true,1,1,89.99,0.00,9.99,99.98,30.00,69.98
ORD_001367,CUST_00098,2025-03-10 14:08:44,Credit Card,Completed,true,1,2,69.98,0.00,0.00,69.98,20.00,49.98
ORD_001368,CUST_00402,2025-05-14 18:41:34,Buy Now Pay Later,Completed,true,3,7,378.93,0.00,4.99,383.92,128.00,255.92
ORD_001369,CUST_00446,2025-06-27 06:46:45,UPI,Completed,true,4,7,999.95,0.00,9.99,1009.94,441.00,568.94
ORD_001370,CUST_00532,2025-12-29 17:25:48,PayPal,Completed,true,1,2,159.98,0.00,9.99,169.97,70.00,99.97
ORD_001371,CUST_00646,2025-10-04 02:42:27,Buy Now Pay Later,Cancelled,false,2,4,269.98,10.00,0.00,259.98,90.00,169.98
ORD_001372,CUST_00743,2026-01-30 04:45:39,UPI,Cancelled,false,3,5,329.97,0.00,0.00,329.97,128.00,201.97
ORD_001373,CUST_00215,2026-01-20 20:18:44,Apple Pay,Cancelled,false,1,3,449.97,15.00,4.99,439.96,195.00,244.96
ORD_001374,CUST_00349,2026-02-17 18:06:17,PayPal,Completed,true,2,6,569.94,15.00,9.99,564.93,240.00,324.93
ORD_001375,CUST_00625,2025-12-20 23:40:15,Buy Now Pay Later,Completed,true,1,1,39.99,0.00,4.99,44.98,12.00,32.98
ORD_001376,CUST_00394,2025-11-09 23:27:54,Buy Now Pay Later,Refunded,false,1,3,89.97,5.00,4.99,89.96,24.00,65.96
ORD_001377,CUST_00273,2025-04-16 16:09:45,PayPal,Completed,true,1,2,49.98,0.00,9.99,59.97,16.00,43.97
ORD_001378,CUST_00869,2026-02-04 18:12:06,Apple Pay,Completed,true,1,2,239.98,15.00,0.00,224.98,90.00,134.98
ORD_001379,CUST_00845,2026-01-04 02:05:28,Buy Now Pay Later,Completed,true,2,4,254.96,5.00,4.99,254.95,95.00,159.95
ORD_001380,CUST_00844,2026-02-26 11:04:37,Buy Now Pay Later,Completed,true,4,8,814.95,15.00,0.00,799.95,317.00,482.95
ORD_001381,CUST_00434,2025-07-09 01:05:32,Credit Card,Completed,true,1,3,119.97,0.00,0.00,119.97,45.00,74.97
ORD_001382,CUST_00660,2025-12-20 08:39:00,UPI,Completed,true,1,3,89.97,0.00,4.99,94.96,33.00,61.96
ORD_001383,CUST_00161,2026-02-08 10:50:04,PayPal,Completed,true,1,3,104.97,5.00,4.99,104.96,30.00,74.96
ORD_001384,CUST_00622,2025-12-04 12:30:07,Credit Card,Completed,true,1,1,39.99,0.00,0.00,39.99,15.00,24.99
ORD_001385,CUST_00889,2026-01-18 21:40:59,UPI,Refunded,false,1,3,119.97,0.00,9.99,129.96,45.00,84.96
ORD_001386,CUST_00027,2025-12-25 19:11:57,Credit Card,Cancelled,false,1,3,269.97,0.00,9.99,279.96,90.00,189.96
ORD_001387,CUST_00290,2025-07-04 03:20:29,PayPal,Refunded,false,2,3,429.97,0.00,9.99,439.96,188.00,251.96
ORD_001388,CUST_00950,2025-11-17 12:38:42,PayPal,Completed,true,1,1,29.99,0.00,9.99,39.98,8.00,31.98
ORD_001389,CUST_00773,2026-02-06 02:59:39,UPI,Completed,true,1,2,39.98,0.00,0.00,39.98,12.00,27.98
ORD_001390,CUST_00559,2025-03-24 05:03:15,Buy Now Pay Later,Refunded,false,1,1,69.99,15.00,0.00,54.99,25.00,29.99
ORD_001391,CUST_00834,2025-09-07 05:56:38,Credit Card,Completed,true,1,3,104.97,0.00,0.00,104.97,30.00,74.97
ORD_001392,CUST_00700,2026-01-19 16:34:46,Credit Card,Completed,true,1,1,119.99,5.00,0.00,114.99,45.00,69.99
ORD_001393,CUST_00777,2025-08-23 23:36:11,UPI,Completed,true,4,8,475.92,5.00,9.99,480.91,181.00,299.91
ORD_001394,CUST_00025,2026-02-27 19:00:37,Buy Now Pay Later,Cancelled,false,2,2,152.98,0.00,0.00,152.98,61.00,91.98
ORD_001395,CUST_00236,2025-10-07 20:58:10,Buy Now Pay Later,Completed,true,1,1,129.99,10.00,4.99,124.98,55.00,69.98
ORD_001396,CUST_00407,2025-10-24 02:05:56,Apple Pay,Completed,true,2,5,374.98,0.00,9.99,384.97,119.00,265.97
ORD_001397,CUST_00164,2025-08-02 11:01:17,UPI,Refunded,false,1,1,24.99,0.00,4.99,29.98,8.00,21.98
ORD_001398,CUST_00667,2025-11-03 00:48:26,Buy Now Pay Later,Completed,true,1,2,170.00,15.00,9.99,164.99,50.00,114.99
ORD_001399,CUST_00210,2025-06-14 12:12:35,PayPal,Completed,true,1,3,149.97,15.00,0.00,134.97,60.00,74.97
ORD_001400,CUST_00754,2025-11-23 13:31:29,Credit Card,Cancelled,false,2,6,284.94,0.00,4.99,289.93,96.00,193.93
ORD_001401,CUST_00236,2025-10-01 16:50:23,PayPal,Completed,true,1,1,79.99,0.00,0.00,79.99,35.00,44.99
ORD_001402,CUST_00882,2025-07-07 10:05:28,UPI,Completed,true,1,2,139.98,15.00,4.99,129.97,50.00,79.97
ORD_001403,CUST_00617,2026-02-27 00:12:26,Credit Card,Completed,true,3,5,202.95,15.00,0.00,187.95,64.00,123.95
ORD_001404,CUST_00874,2025-06-14 12:05:03,Apple Pay,Refunded,false,1,2,159.98,0.00,0.00,159.98,70.00,89.98
ORD_001405,CUST_00391,2026-01-21 02:07:09,UPI,Refunded,false,4,8,709.93,15.00,0.00,694.93,304.00,390.93
ORD_001406,CUST_00428,2026-02-19 17:55:43,PayPal,Completed,true,1,2,399.98,0.00,4.99,404.97,180.00,224.97
ORD_001407,CUST_00468,2025-11-22 05:38:49,Credit Card,Completed,true,3,6,459.94,0.00,0.00,459.94,177.00,282.94
ORD_001408,CUST_00891,2025-08-14 11:09:29,PayPal,Completed,true,1,1,34.99,5.00,0.00,29.99,10.00,19.99
ORD_001409,CUST_00067,2025-11-30 02:58:51,UPI,Cancelled,false,1,2,399.98,5.00,4.99,399.97,180.00,219.97
ORD_001410,CUST_00180,2025-03-29 22:36:27,PayPal,Refunded,false,3,6,474.94,15.00,4.99,464.93,186.00,278.93
ORD_001411,CUST_00279,2026-02-20 16:55:24,Credit Card,Completed,true,1,3,89.97,0.00,9.99,99.96,33.00,66.96
ORD_001412,CUST_00856,2026-01-08 20:30:52,Credit Card,Completed,true,2,4,319.96,15.00,9.99,314.95,114.00,200.95
ORD_001413,CUST_00091,2026-02-16 11:31:33,Apple Pay,Completed,true,1,3,119.97,10.00,0.00,109.97,36.00,73.97
ORD_001414,CUST_00924,2026-01-09 14:46:51,Apple Pay,Cancelled,false,2,3,229.97,15.00,9.99,224.96,95.00,129.96
ORD_001415,CUST_00595,2026-02-06 13:48:34,UPI,Completed,true,1,3,330.00,0.00,0.00,330.00,144.00,186.00
ORD_001416,CUST_00556,2025-09-18 04:08:34,UPI,Completed,true,4,9,634.91,0.00,9.99,644.90,250.00,394.90
ORD_001417,CUST_00912,2025-07-23 09:14:19,PayPal,Completed,true,2,4,269.96,10.00,9.99,269.95,110.00,159.95
ORD_001418,CUST_00836,2025-09-19 19:24:04,Buy Now Pay Later,Cancelled,false,1,1,19.99,0.00,9.99,29.98,6.00,23.98
ORD_001419,CUST_00533,2026-02-01 22:25:42,PayPal,Refunded,false,1,3,68.97,15.00,0.00,53.97,18.00,35.97
ORD_001420,CUST_00727,2025-10-08 19:43:20,Buy Now Pay Later,Completed,true,1,3,330.00,10.00,4.99,324.99,144.00,180.99
ORD_001421,CUST_00840,2025-11-21 05:41:38,UPI,Completed,true,2,4,169.96,0.00,9.99,179.95,66.00,113.95
ORD_001422,CUST_00917,2026-02-15 19:49:46,Credit Card,Completed,true,2,5,189.95,5.00,0.00,184.95,64.00,120.95
ORD_001423,CUST_00248,2025-10-26 23:03:07,Credit Card,Completed,true,3,4,120.96,0.00,0.00,120.96,40.00,80.96
ORD_001424,CUST_00191,2025-08-29 23:46:06,UPI,Completed,true,1,1,49.99,5.00,4.99,49.98,20.00,29.98
ORD_001425,CUST_00715,2026-01-22 16:22:43,UPI,Completed,true,1,3,330.00,0.00,4.99,334.99,144.00,190.99
ORD_001426,CUST_00604,2025-11-18 19:16:37,Apple Pay,Cancelled,false,2,3,439.97,0.00,4.99,444.96,192.00,252.96
ORD_001427,CUST_00262,2026-01-30 08:29:47,Buy Now Pay Later,Completed,true,2,5,159.95,15.00,9.99,154.94,58.00,96.94
ORD_001428,CUST_00503,2025-12-27 00:30:24,Apple Pay,Completed,true,1,3,119.97,0.00,4.99,124.96,36.00,88.96
ORD_001429,CUST_00095,2025-03-18 14:55:28,Apple Pay,Completed,true,2,4,139.96,5.00,9.99,144.95,53.00,91.95
ORD_001430,CUST_00481,2025-02-21 23:43:55,UPI,Completed,true,1,1,29.99,0.00,9.99,39.98,11.00,28.98
ORD_001431,CUST_00011,2026-02-02 01:34:44,Buy Now Pay Later,Completed,true,2,3,139.97,5.00,0.00,134.97,51.00,83.97
ORD_001432,CUST_00282,2026-01-30 17:45:37,Buy Now Pay Later,Completed,true,3,5,315.95,10.00,0.00,305.95,122.00,183.95
ORD_001433,CUST_00301,2025-10-15 08:59:43,PayPal,Completed,true,1,1,149.99,5.00,0.00,144.99,65.00,79.99
ORD_001434,CUST_00204,2026-02-24 02:05:12,PayPal,Completed,true,1,2,139.98,15.00,9.99,134.97,50.00,84.97
ORD_001435,CUST_00045,2025-09-01 16:51:59,UPI,Completed,true,1,3,104.97,5.00,0.00,99.97,30.00,69.97
ORD_001436,CUST_00971,2025-04-29 17:25:05,Buy Now Pay Later,Completed,true,1,1,39.99,15.00,9.99,34.98,15.00,19.98
ORD_001437,CUST_00449,2026-02-26 17:42:17,Apple Pay,Completed,true,2,6,299.94,15.00,9.99,294.93,123.00,171.93
ORD_001438,CUST_00109,2025-08-29 05:38:58,UPI,Completed,true,1,1,19.99,10.00,9.99,19.98,6.00,13.98
ORD_001439,CUST_00067,2025-08-01 14:48:45,PayPal,Completed,true,3,3,219.98,10.00,0.00,209.98,85.00,124.98
ORD_001440,CUST_00089,2025-09-25 01:44:55,Apple Pay,Completed,true,2,3,82.97,0.00,9.99,92.96,28.00,64.96
ORD_001441,CUST_00995,2025-12-17 15:10:17,PayPal,Refunded,false,1,1,22.99,0.00,0.00,22.99,6.00,16.99
ORD_001442,CUST_00308,2025-04-30 14:01:38,Credit Card,Cancelled,false,2,4,409.99,0.00,9.99,419.98,179.00,240.98
ORD_001443,CUST_00682,2025-05-30 19:06:39,UPI,Refunded,false,2,2,99.98,0.00,0.00,99.98,37.00,62.98
ORD_001444,CUST_00680,2026-02-26 05:00:49,Buy Now Pay Later,Completed,true,1,3,149.97,0.00,4.99,154.96,60.00,94.96
ORD_001445,CUST_00643,2026-02-18 14:06:39,Credit Card,Completed,true,1,2,79.98,10.00,0.00,69.98,30.00,39.98
ORD_001446,CUST_00526,2025-09-09 04:05:32,PayPal,Refunded,false,1,2,39.98,15.00,4.99,29.97,12.00,17.97
ORD_001447,CUST_00417,2026-01-18 23:36:49,PayPal,Completed,true,1,3,449.97,5.00,0.00,444.97,195.00,249.97
ORD_001448,CUST_00744,2025-12-28 20:01:37,UPI,Completed,true,1,3,359.97,15.00,0.00,344.97,135.00,209.97
ORD_001449,CUST_00973,2026-01-10 16:30:22,Apple Pay,Completed,true,2,3,299.97,10.00,9.99,299.96,105.00,194.96
ORD_001450,CUST_00444,2026-02-14 22:06:59,PayPal,Completed,true,1,3,68.97,0.00,9.99,78.96,18.00,60.96
ORD_001451,CUST_00041,2025-08-17 16:11:39,Apple Pay,Completed,true,1,3,89.97,15.00,4.99,79.96,33.00,46.96
ORD_001452,CUST_00620,2025-12-28 11:25:01,Buy Now Pay Later,Completed,true,3,9,464.94,5.00,9.99,469.93,135.00,334.93
ORD_001453,CUST_00620,2026-01-23 21:48:54,UPI,Cancelled,false,2,5,199.95,0.00,0.00,199.95,66.00,133.95
ORD_001454,CUST_00530,2026-01-11 13:00:54,PayPal,Completed,true,2,4,189.96,10.00,9.99,189.95,64.00,125.95
ORD_001455,CUST_00929,2025-10-13 22:16:31,Buy Now Pay Later,Refunded,false,1,3,179.97,0.00,4.99,184.96,66.00,118.96
ORD_001456,CUST_00422,2025-11-29 16:10:20,PayPal,Completed,true,2,6,194.94,15.00,4.99,184.93,69.00,115.93
ORD_001457,CUST_00371,2026-01-23 22:01:01,PayPal,Refunded,false,2,4,114.96,10.00,9.99,114.95,41.00,73.95
ORD_001458,CUST_00741,2026-01-21 07:54:10,PayPal,Cancelled,false,1,3,255.00,15.00,4.99,244.99,75.00,169.99
ORD_001459,CUST_00830,2025-09-03 06:21:21,Buy Now Pay Later,Completed,true,1,2,79.98,15.00,4.99,69.97,24.00,45.97
ORD_001460,CUST_00551,2025-11-28 17:23:21,UPI,Completed,true,1,3,389.97,0.00,0.00,389.97,165.00,224.97
ORD_001461,CUST_00403,2025-04-08 06:18:43,Buy Now Pay Later,Completed,true,1,3,104.97,5.00,4.99,104.96,30.00,74.96
ORD_001462,CUST_00841,2025-11-18 07:55:20,UPI,Refunded,false,2,4,109.96,0.00,4.99,114.95,34.00,80.95
ORD_001463,CUST_00488,2026-01-10 20:07:18,Apple Pay,Completed,true,1,1,39.99,0.00,0.00,39.99,15.00,24.99
ORD_001464,CUST_00043,2025-11-09 12:06:39,Credit Card,Completed,true,1,3,68.97,0.00,0.00,68.97,18.00,50.97
ORD_001465,CUST_00704,2025-09-05 20:59:46,Credit Card,Completed,true,1,2,69.98,0.00,0.00,69.98,20.00,49.98
ORD_001466,CUST_00640,2025-10-29 12:32:43,Buy Now Pay Later,Completed,true,1,3,359.97,0.00,9.99,369.96,135.00,234.96
ORD_001467,CUST_00770,2025-08-25 06:44:06,Buy Now Pay Later,Refunded,false,1,3,359.97,0.00,0.00,359.97,135.00,224.97
ORD_001468,CUST_00325,2025-12-03 03:44:29,Buy Now Pay Later,Completed,true,1,1,69.99,0.00,9.99,79.98,25.00,54.98
ORD_001469,CUST_00978,2025-08-22 23:19:37,Credit Card,Completed,true,2,3,154.98,5.00,0.00,149.98,45.00,104.98
ORD_001470,CUST_00227,2025-07-02 22:52:44,Credit Card,Completed,true,2,4,449.96,0.00,0.00,449.96,165.00,284.96
ORD_001471,CUST_00316,2025-12-07 16:08:00,Credit Card,Refunded,false,3,7,279.93,0.00,0.00,279.93,99.00,180.93
ORD_001472,CUST_00454,2025-05-13 06:13:23,PayPal,Cancelled,false,3,7,554.96,10.00,4.99,549.95,195.00,354.95
ORD_001473,CUST_00809,2026-02-14 07:10:34,Buy Now Pay Later,Refunded,false,1,2,159.98,5.00,9.99,164.97,70.00,94.97
ORD_001474,CUST_00859,2025-12-07 06:59:08,Buy Now Pay Later,Refunded,false,1,3,119.97,15.00,0.00,104.97,45.00,59.97
ORD_001475,CUST_00700,2025-11-10 18:40:07,UPI,Completed,true,2,3,134.98,0.00,4.99,139.97,41.00,98.97
ORD_001476,CUST_00733,2025-09-19 01:48:01,Buy Now Pay Later,Completed,true,1,1,39.99,0.00,9.99,49.98,12.00,37.98
ORD_001477,CUST_00661,2025-11-25 12:27:41,Apple Pay,Completed,true,1,2,159.98,5.00,9.99,164.97,70.00,94.97
ORD_001478,CUST_00391,2025-04-21 00:42:45,UPI,Completed,true,1,2,59.98,5.00,0.00,54.98,22.00,32.98
ORD_001479,CUST_00357,2025-06-01 03:29:23,PayPal,Completed,true,1,1,34.99,5.00,0.00,29.99,10.00,19.99
ORD_001480,CUST_00875,2026-02-13 17:19:44,Apple Pay,Cancelled,false,2,2,54.98,0.00,4.99,59.97,16.00,43.97
ORD_001481,CUST_00093,2026-01-03 18:22:50,Credit Card,Completed,true,1,3,68.97,0.00,4.99,73.96,18.00,55.96
ORD_001482,CUST_00955,2025-08-26 01:31:31,PayPal,Completed,true,1,1,39.99,5.00,4.99,39.98,15.00,24.98
ORD_001483,CUST_00420,2025-11-01 09:45:55,Buy Now Pay Later,Completed,true,2,6,749.94,10.00,0.00,739.94,300.00,439.94
ORD_001484,CUST_00181,2025-10-09 22:06:49,Credit Card,Refunded,false,1,1,19.99,0.00,0.00,19.99,6.00,13.99
ORD_001485,CUST_00618,2026-02-28 16:28:08,Buy Now Pay Later,Completed,true,1,1,49.99,0.00,0.00,49.99,20.00,29.99
ORD_001486,CUST_00798,2025-09-01 05:19:53,PayPal,Refunded,false,2,3,169.97,10.00,0.00,159.97,60.00,99.97
ORD_001487,CUST_00876,2026-02-01 03:48:33,UPI,Completed,true,2,2,109.98,10.00,0.00,99.98,43.00,56.98
ORD_001488,CUST_00050,2025-09-22 19:39:42,UPI,Completed,true,3,5,484.98,5.00,0.00,479.98,199.00,280.98
ORD_001489,CUST_00731,2025-12-10 12:01:34,Credit Card,Completed,true,2,4,659.96,5.00,0.00,654.96,290.00,364.96
ORD_001490,CUST_00542,2025-11-04 01:53:15,Buy Now Pay Later,Cancelled,false,2,5,300.98,15.00,4.99,290.97,87.00,203.97
ORD_001491,CUST_00966,2026-01-25 19:08:51,UPI,Completed,true,2,4,244.96,0.00,9.99,254.95,85.00,169.95
ORD_001492,CUST_00879,2026-01-06 13:56:04,Buy Now Pay Later,Completed,true,3,6,529.96,0.00,0.00,529.96,222.00,307.96
ORD_001493,CUST_00307,2025-11-19 21:52:58,UPI,Completed,true,1,3,74.97,0.00,0.00,74.97,24.00,50.97
ORD_001494,CUST_00769,2026-01-27 22:05:26,Credit Card,Completed,true,3,5,299.95,0.00,0.00,299.95,109.00,190.95
ORD_001495,CUST_00499,2026-01-08 04:44:01,UPI,Completed,true,2,2,134.99,5.00,0.00,129.99,56.00,73.99
ORD_001496,CUST_00971,2025-05-22 14:22:02,UPI,Cancelled,false,3,6,599.96,0.00,4.99,604.95,252.00,352.95
ORD_001497,CUST_00613,2025-06-01 06:57:14,Apple Pay,Completed,true,3,5,485.95,5.00,0.00,480.95,204.00,276.95
ORD_001498,CUST_00945,2025-11-28 05:15:42,Buy Now Pay Later,Completed,true,1,2,99.98,0.00,9.99,109.97,40.00,69.97
ORD_001499,CUST_00062,2025-06-15 19:47:40,UPI,Refunded,false,1,2,59.98,0.00,0.00,59.98,16.00,43.98
ORD_001500,CUST_00343,2026-02-28 02:54:29,Apple Pay,Refunded,false,1,1,85.00,0.00,4.99,89.99,25.00,64.99
ORD_001501,CUST_00821,2026-02-10 16:31:37,Buy Now Pay Later,Refunded,false,1,1,29.99,5.00,4.99,29.98,11.00,18.98
ORD_001502,CUST_00683,2026-02-26 01:38:17,Apple Pay,Completed,true,4,4,289.96,15.00,9.99,284.95,116.00,168.95
ORD_001503,CUST_00632,2026-01-13 14:39:38,Credit Card,Completed,true,1,1,199.99,0.00,4.99,204.98,90.00,114.98
ORD_001504,CUST_00200,2026-01-19 18:08:48,Buy Now Pay Later,Refunded,false,1,2,79.98,5.00,9.99,84.97,30.00,54.97
ORD_001505,CUST_00939,2025-09-28 08:07:53,UPI,Completed,true,4,7,799.93,0.00,0.00,799.93,332.00,467.93
ORD_001506,CUST_00082,2026-02-07 11:53:04,Buy Now Pay Later,Completed,true,3,8,859.95,0.00,9.99,869.94,363.00,506.94
ORD_001507,CUST_00647,2025-11-12 18:08:02,Buy Now Pay Later,Completed,true,2,2,64.98,15.00,4.99,54.97,18.00,36.97
ORD_001508,CUST_00835,2025-04-28 11:28:12,UPI,Completed,true,1,3,449.97,10.00,4.99,444.96,195.00,249.96
ORD_001509,CUST_00415,2025-12-02 12:06:05,Buy Now Pay Later,Refunded,false,1,1,34.99,0.00,0.00,34.99,10.00,24.99
ORD_001510,CUST_00865,2025-12-05 04:26:31,Buy Now Pay Later,Completed,true,1,3,119.97,0.00,9.99,129.96,45.00,84.96
ORD_001511,CUST_00372,2025-12-24 12:36:39,Credit Card,Cancelled,false,1,1,34.99,0.00,4.99,39.98,10.00,29.98
ORD_001512,CUST_00167,2026-02-10 05:24:43,UPI,Completed,true,3,5,829.95,5.00,4.99,829.94,365.00,464.94
ORD_001513,CUST_00032,2025-07-01 00:57:16,UPI,Completed,true,1,3,359.97,5.00,4.99,359.96,135.00,224.96
ORD_001514,CUST_00220,2025-07-30 16:58:25,Buy Now Pay Later,Completed,true,3,7,659.93,0.00,0.00,659.93,239.00,420.93
ORD_001515,CUST_00874,2025-07-04 13:45:43,UPI,Completed,true,1,2,159.98,0.00,9.99,169.97,70.00,99.97
ORD_001516,CUST_00919,2025-04-05 17:08:21,Credit Card,Cancelled,false,2,3,359.97,5.00,0.00,354.97,160.00,194.97
ORD_001517,CUST_00864,2025-11-18 00:35:45,PayPal,Cancelled,false,2,4,289.98,0.00,0.00,289.98,116.00,173.98
ORD_001518,CUST_00103,2025-11-30 04:24:09,PayPal,Refunded,false,1,1,199.99,10.00,0.00,189.99,90.00,99.99
ORD_001519,CUST_00919,2025-11-23 14:29:53,Buy Now Pay Later,Completed,true,1,1,34.99,0.00,9.99,44.98,10.00,34.98
ORD_001520,CUST_00852,2025-12-09 02:47:32,PayPal,Completed,true,1,3,89.97,10.00,4.99,84.96,33.00,51.96
ORD_001521,CUST_00795,2026-01-26 04:26:23,Credit Card,Completed,true,1,2,239.98,15.00,4.99,229.97,90.00,139.97
ORD_001522,CUST_00873,2026-01-26 02:28:41,Buy Now Pay Later,Cancelled,false,1,2,79.98,5.00,4.99,79.97,24.00,55.97
ORD_001523,CUST_00301,2026-01-15 22:33:30,UPI,Completed,true,3,5,449.95,0.00,0.00,449.95,176.00,273.95
ORD_001524,CUST_00038,2025-12-07 11:43:28,PayPal,Completed,true,2,4,169.96,0.00,4.99,174.95,65.00,109.95
ORD_001525,CUST_00076,2025-11-27 01:00:55,UPI,Completed,true,2,3,189.97,15.00,4.99,179.96,65.00,114.96
ORD_001526,CUST_00953,2025-12-22 22:57:28,UPI,Cancelled,false,3,6,223.94,15.00,0.00,208.94,72.00,136.94
ORD_001527,CUST_00161,2026-01-29 02:13:44,UPI,Completed,true,1,1,199.99,0.00,4.99,204.98,90.00,114.98
ORD_001528,CUST_00833,2026-02-14 01:49:56,Apple Pay,Completed,true,2,6,659.94,5.00,0.00,654.94,270.00,384.94
ORD_001529,CUST_00433,2025-12-25 01:46:04,Credit Card,Completed,true,4,6,414.95,0.00,4.99,419.94,140.00,279.94
ORD_001530,CUST_00906,2026-01-18 22:59:09,PayPal,Completed,true,2,3,114.97,0.00,9.99,124.96,34.00,90.96
ORD_001531,CUST_00790,2025-11-13 16:30:20,Apple Pay,Cancelled,false,1,1,149.99,10.00,4.99,144.98,65.00,79.98
ORD_001532,CUST_00108,2026-01-18 05:39:58,Buy Now Pay Later,Refunded,false,1,2,79.98,0.00,9.99,89.97,30.00,59.97
ORD_001533,CUST_00544,2026-01-16 07:22:28,Buy Now Pay Later,Refunded,false,4,10,764.93,5.00,9.99,769.92,289.00,480.92
ORD_001534,CUST_00046,2025-11-14 17:34:50,UPI,Completed,true,1,2,69.98,15.00,0.00,54.98,20.00,34.98
ORD_001535,CUST_00952,2026-01-22 22:29:01,Apple Pay,Refunded,false,2,5,404.95,0.00,4.99,409.94,160.00,249.94
ORD_001536,CUST_00873,2025-11-28 20:37:23,Credit Card,Completed,true,2,4,139.96,5.00,4.99,139.95,40.00,99.95
ORD_001537,CUST_00042,2025-12-16 10:27:56,Credit Card,Completed,true,1,2,159.98,5.00,0.00,154.98,70.00,84.98
ORD_001538,CUST_00549,2026-01-23 04:03:11,Credit Card,Completed,true,1,2,119.98,10.00,9.99,119.97,44.00,75.97
ORD_001539,CUST_00595,2025-12-31 23:58:00,Buy Now Pay Later,Refunded,false,2,5,279.95,0.00,4.99,284.94,106.00,178.94
ORD_001540,CUST_00182,2026-02-18 17:55:36,PayPal,Cancelled,false,1,2,39.98,0.00,4.99,44.97,12.00,32.97
ORD_001541,CUST_00022,2025-04-28 01:50:12,UPI,Completed,true,3,4,274.96,15.00,4.99,264.95,92.00,172.95
ORD_001542,CUST_00747,2025-10-06 01:55:52,Buy Now Pay Later,Completed,true,1,3,179.97,0.00,9.99,189.96,66.00,123.96
ORD_001543,CUST_00071,2025-08-03 11:12:12,Credit Card,Completed,true,3,5,529.95,0.00,0.00,529.95,215.00,314.95
ORD_001544,CUST_00513,2026-01-27 03:07:41,Credit Card,Completed,true,2,3,114.97,0.00,4.99,119.96,34.00,85.96
ORD_001545,CUST_00398,2026-02-07 16:59:36,Credit Card,Completed,true,2,2,114.98,10.00,0.00,104.98,45.00,59.98
ORD_001546,CUST_00351,2025-05-21 05:24:25,Credit Card,Refunded,false,3,6,175.94,15.00,4.99,165.93,52.00,113.93
ORD_001547,CUST_00107,2026-02-09 21:18:29,UPI,Completed,true,1,3,74.97,10.00,9.99,74.96,24.00,50.96
ORD_001548,CUST_00766,2025-07-26 08:27:23,UPI,Cancelled,false,1,2,79.98,10.00,4.99,74.97,24.00,50.97
ORD_001549,CUST_00658,2026-02-12 14:29:43,Apple Pay,Completed,true,3,6,339.94,0.00,9.99,349.93,139.00,210.93
ORD_001550,CUST_00665,2025-08-16 23:40:56,PayPal,Completed,true,2,4,529.96,5.00,0.00,524.96,230.00,294.96
ORD_001551,CUST_00534,2025-05-01 21:15:55,Apple Pay,Refunded,false,1,1,39.99,10.00,9.99,39.98,12.00,27.98
ORD_001552,CUST_00640,2025-07-26 11:50:05,Apple Pay,Cancelled,false,1,1,59.99,10.00,4.99,54.98,22.00,32.98
ORD_001553,CUST_00880,2026-01-20 11:02:37,Apple Pay,Completed,true,3,6,324.94,0.00,4.99,329.93,115.00,214.93
ORD_001554,CUST_00373,2025-03-07 15:21:48,Credit Card,Completed,true,1,2,119.98,5.00,0.00,114.98,44.00,70.98
ORD_001555,CUST_00336,2025-06-27 18:56:17,Buy Now Pay Later,Cancelled,false,1,1,39.99,10.00,9.99,39.98,15.00,24.98
ORD_001556,CUST_00372,2025-08-30 07:12:16,Buy Now Pay Later,Completed,true,4,5,464.96,10.00,0.00,454.96,170.00,284.96
ORD_001557,CUST_00319,2026-02-12 16:32:45,Buy Now Pay Later,Refunded,false,2,5,328.95,10.00,9.99,328.94,128.00,200.94
ORD_001558,CUST_00674,2025-09-21 02:34:40,Apple Pay,Completed,true,3,6,599.94,0.00,9.99,609.93,252.00,357.93
ORD_001559,CUST_00141,2025-11-07 11:28:52,UPI,Completed,true,3,7,379.93,5.00,0.00,374.93,150.00,224.93
ORD_001560,CUST_00110,2025-09-26 04:46:23,PayPal,Completed,true,2,4,382.96,0.00,4.99,387.95,141.00,246.95
ORD_001561,CUST_00941,2025-12-19 15:20:51,PayPal,Cancelled,false,3,7,274.93,15.00,9.99,269.92,95.00,174.92
ORD_001562,CUST_00522,2025-11-03 00:04:32,PayPal,Completed,true,1,2,59.98,0.00,9.99,69.97,16.00,53.97
ORD_001563,CUST_00561,2025-11-10 16:56:21,PayPal,Completed,true,1,3,255.00,15.00,4.99,244.99,75.00,169.99
ORD_001564,CUST_00300,2025-11-02 18:42:15,Apple Pay,Completed,true,1,2,69.98,5.00,9.99,74.97,20.00,54.97
ORD_001565,CUST_00256,2025-11-08 15:45:47,UPI,Completed,true,2,4,144.96,0.00,0.00,144.96,42.00,102.96
ORD_001566,CUST_00765,2025-05-25 04:24:23,Credit Card,Cancelled,false,1,3,269.97,15.00,9.99,264.96,90.00,174.96
ORD_001567,CUST_00255,2026-01-23 15:53:11,Credit Card,Cancelled,false,1,3,359.97,15.00,0.00,344.97,135.00,209.97
ORD_001568,CUST_00405,2025-11-11 08:25:07,PayPal,Completed,true,1,3,149.97,10.00,0.00,139.97,60.00,79.97
ORD_001569,CUST_00114,2026-02-01 03:16:18,UPI,Cancelled,false,1,1,49.99,0.00,0.00,49.99,20.00,29.99
ORD_001570,CUST_00151,2025-09-12 01:22:13,Buy Now Pay Later,Completed,true,1,3,59.97,5.00,9.99,64.96,18.00,46.96
ORD_001571,CUST_00282,2025-12-14 12:00:37,Apple Pay,Cancelled,false,1,1,39.99,0.00,4.99,44.98,15.00,29.98
ORD_001572,CUST_00891,2025-07-21 21:05:38,Apple Pay,Completed,true,1,1,34.99,5.00,0.00,29.99,10.00,19.99
ORD_001573,CUST_00444,2026-02-08 07:23:10,Buy Now Pay Later,Completed,true,1,2,399.98,15.00,4.99,389.97,180.00,209.97
ORD_001574,CUST_00209,2026-02-08 04:05:08,Credit Card,Completed,true,3,6,294.94,0.00,4.99,299.93,106.00,193.93
ORD_001575,CUST_00601,2025-12-23 01:22:37,Apple Pay,Completed,true,1,2,239.98,5.00,0.00,234.98,90.00,144.98
ORD_001576,CUST_00987,2025-08-16 12:26:00,Credit Card,Completed,true,1,1,119.99,5.00,0.00,114.99,45.00,69.99
ORD_001577,CUST_00661,2025-09-04 07:28:34,PayPal,Completed,true,1,1,22.99,10.00,9.99,22.98,6.00,16.98
ORD_001578,CUST_00275,2026-02-17 03:33:02,Apple Pay,Completed,true,2,5,219.95,15.00,9.99,214.94,80.00,134.94
ORD_001579,CUST_00021,2025-09-07 05:29:04,Buy Now Pay Later,Refunded,false,4,10,724.90,0.00,9.99,734.89,271.00,463.89
ORD_001580,CUST_00643,2026-02-01 08:35:18,Buy Now Pay Later,Refunded,false,1,2,159.98,0.00,9.99,169.97,70.00,99.97
ORD_001581,CUST_00582,2026-02-05 02:28:33,Apple Pay,Completed,true,1,3,269.97,0.00,9.99,279.96,90.00,189.96
ORD_001582,CUST_00783,2025-11-30 20:18:38,UPI,Completed,true,2,6,209.94,0.00,9.99,219.93,60.00,159.93
ORD_001583,CUST_00579,2025-10-27 02:19:09,Apple Pay,Completed,true,1,1,85.00,0.00,0.00,85.00,25.00,60.00
ORD_001584,CUST_00879,2025-12-05 19:36:09,UPI,Completed,true,1,1,119.99,10.00,4.99,114.98,45.00,69.98
ORD_001585,CUST_00442,2026-02-24 02:25:51,PayPal,Refunded,false,1,1,129.99,0.00,9.99,139.98,55.00,84.98
ORD_001586,CUST_00421,2026-02-18 16:57:00,Credit Card,Completed,true,1,1,19.99,10.00,9.99,19.98,6.00,13.98
ORD_001587,CUST_00698,2025-12-27 18:06:53,Credit Card,Cancelled,false,1,1,24.99,0.00,4.99,29.98,8.00,21.98
ORD_001588,CUST_00263,2025-07-03 14:34:19,UPI,Refunded,false,1,1,34.99,15.00,9.99,29.98,10.00,19.98
ORD_001589,CUST_00096,2026-02-08 10:08:12,PayPal,Completed,true,2,3,199.97,10.00,9.99,199.96,75.00,124.96
ORD_001590,CUST_00706,2026-01-03 00:29:38,UPI,Refunded,false,1,2,159.98,5.00,0.00,154.98,70.00,84.98
ORD_001591,CUST_00103,2025-12-09 20:20:16,Apple Pay,Refunded,false,2,4,139.96,0.00,4.99,144.95,40.00,104.95
ORD_001592,CUST_00570,2026-02-28 11:12:21,Credit Card,Completed,true,1,3,149.97,15.00,9.99,144.96,60.00,84.96
ORD_001593,CUST_00282,2025-09-08 01:45:32,PayPal,Completed,true,3,5,699.95,0.00,0.00,699.95,285.00,414.95
ORD_001594,CUST_00063,2026-02-02 04:25:24,PayPal,Completed,true,2,5,549.95,15.00,9.99,544.94,240.00,304.94
ORD_001595,CUST_00775,2026-01-19 01:47:06,UPI,Completed,true,3,4,319.96,0.00,4.99,324.95,131.00,193.95
ORD_001596,CUST_00036,2026-02-03 13:39:58,PayPal,Completed,true,2,2,69.98,0.00,0.00,69.98,26.00,43.98
ORD_001597,CUST_00426,2025-08-20 07:11:04,Buy Now Pay Later,Completed,true,1,3,269.97,0.00,9.99,279.96,90.00,189.96
ORD_001598,CUST_00569,2026-01-19 18:34:54,PayPal,Cancelled,false,2,6,359.97,0.00,4.99,364.96,105.00,259.96
ORD_001599,CUST_00677,2026-01-01 10:27:04,Apple Pay,Completed,true,1,2,170.00,5.00,4.99,169.99,50.00,119.99
ORD_001600,CUST_00621,2025-08-12 07:56:53,UPI,Cancelled,false,2,5,289.95,5.00,4.99,289.94,121.00,168.94
ORD_001601,CUST_00950,2025-11-22 00:26:20,Buy Now Pay Later,Refunded,false,1,1,39.99,0.00,0.00,39.99,15.00,24.99
ORD_001602,CUST_00574,2025-09-15 09:15:59,Buy Now Pay Later,Completed,true,3,3,274.97,10.00,0.00,264.97,115.00,149.97
ORD_001603,CUST_00930,2025-08-18 05:54:40,Credit Card,Refunded,false,3,8,795.92,10.00,9.99,795.91,312.00,483.91
ORD_001604,CUST_00096,2026-01-31 13:01:46,UPI,Completed,true,1,2,79.98,0.00,0.00,79.98,30.00,49.98
ORD_001605,CUST_00871,2025-09-09 14:23:10,UPI,Completed,true,3,6,469.94,0.00,9.99,479.93,179.00,300.93
ORD_001606,CUST_00650,2025-09-14 15:51:40,Apple Pay,Cancelled,false,2,2,119.98,15.00,4.99,109.97,41.00,68.97
ORD_001607,CUST_00784,2025-07-27 00:51:12,PayPal,Completed,true,2,6,494.97,0.00,4.99,499.96,180.00,319.96
ORD_001608,CUST_00600,2025-10-21 02:29:38,Apple Pay,Completed,true,2,4,189.96,5.00,9.99,194.95,72.00,122.95
ORD_001609,CUST_00767,2026-01-06 21:14:53,Credit Card,Completed,true,2,6,779.97,5.00,9.99,784.96,339.00,445.96
ORD_001610,CUST_00297,2025-10-16 01:40:28,Buy Now Pay Later,Completed,true,1,3,68.97,0.00,9.99,78.96,18.00,60.96
ORD_001611,CUST_00489,2025-06-04 01:57:24,Buy Now Pay Later,Completed,true,2,4,429.96,0.00,4.99,434.95,180.00,254.95
ORD_001612,CUST_00322,2026-01-31 16:02:04,Credit Card,Completed,true,1,3,59.97,5.00,0.00,54.97,18.00,36.97
ORD_001613,CUST_00051,2025-06-05 14:01:42,Apple Pay,Cancelled,false,1,1,119.99,5.00,4.99,119.98,45.00,74.98
ORD_001614,CUST_00371,2026-01-28 07:08:14,Buy Now Pay Later,Refunded,false,1,1,39.99,5.00,4.99,39.98,15.00,24.98
ORD_001615,CUST_00242,2026-01-31 14:11:39,Credit Card,Completed,true,2,4,299.96,0.00,4.99,304.95,106.00,198.95
ORD_001616,CUST_00842,2025-07-22 03:25:49,Credit Card,Refunded,false,1,3,599.97,10.00,9.99,599.96,270.00,329.96
ORD_001617,CUST_00482,2025-08-20 22:42:09,Buy Now Pay Later,Completed,true,1,2,39.98,10.00,9.99,39.97,12.00,27.97
ORD_001618,CUST_00633,2025-07-10 02:52:43,Credit Card,Completed,true,2,3,149.97,0.00,0.00,149.97,46.00,103.97
ORD_001619,CUST_00951,2025-11-15 20:08:09,Buy Now Pay Later,Completed,true,1,3,89.97,0.00,9.99,99.96,24.00,75.96
ORD_001620,CUST_00006,2025-09-29 10:04:07,PayPal,Cancelled,false,2,4,292.96,5.00,4.99,292.95,96.00,196.95
ORD_001621,CUST_00388,2025-12-21 09:12:08,PayPal,Completed,true,2,4,459.96,0.00,0.00,459.96,190.00,269.96
ORD_001622,CUST_00145,2026-02-25 13:23:51,Apple Pay,Completed,true,2,4,299.96,10.00,9.99,299.95,104.00,195.95
ORD_001623,CUST_00163,2025-06-07 01:11:01,Credit Card,Completed,true,3,5,329.97,5.00,0.00,324.97,134.00,190.97
ORD_001624,CUST_00474,2025-11-16 05:12:17,Apple Pay,Completed,true,1,2,139.98,0.00,4.99,144.97,50.00,94.97
ORD_001625,CUST_00888,2025-02-15 02:08:54,Apple Pay,Completed,true,1,2,239.98,15.00,9.99,234.97,90.00,144.97
ORD_001626,CUST_00557,2026-01-21 03:12:37,UPI,Completed,true,1,2,159.98,15.00,0.00,144.98,70.00,74.98
ORD_001627,CUST_00316,2025-12-03 00:16:39,PayPal,Completed,true,3,6,294.96,10.00,0.00,284.96,84.00,200.96
ORD_001628,CUST_00248,2025-12-24 04:52:40,PayPal,Cancelled,false,2,5,284.95,0.00,9.99,294.94,90.00,204.94
ORD_001629,CUST_00852,2026-01-10 21:57:25,Credit Card,Completed,true,2,3,499.97,0.00,9.99,509.96,220.00,289.96
ORD_001630,CUST_00210,2025-07-08 19:42:38,Credit Card,Completed,true,4,7,359.95,10.00,4.99,354.94,138.00,216.94
ORD_001631,CUST_00826,2025-10-16 17:03:29,UPI,Completed,true,1,3,255.00,5.00,9.99,259.99,75.00,184.99
ORD_001632,CUST_00900,2025-11-15 14:50:40,Credit Card,Refunded,false,1,3,74.97,0.00,9.99,84.96,24.00,60.96
ORD_001633,CUST_00696,2026-02-01 15:01:04,PayPal,Completed,true,1,1,69.99,15.00,4.99,59.98,25.00,34.98
ORD_001634,CUST_00904,2025-08-20 23:53:50,UPI,Completed,true,2,3,189.97,5.00,4.99,189.96,71.00,118.96
ORD_001635,CUST_00984,2026-01-03 18:40:15,PayPal,Completed,true,2,2,109.98,0.00,0.00,109.98,43.00,66.98
ORD_001636,CUST_00601,2025-10-16 13:03:20,Buy Now Pay Later,Completed,true,2,2,72.98,0.00,9.99,82.97,26.00,56.97
ORD_001637,CUST_00705,2025-12-18 22:44:24,Apple Pay,Completed,true,1,3,119.97,0.00,9.99,129.96,36.00,93.96
ORD_001638,CUST_00123,2026-02-17 10:14:37,Apple Pay,Cancelled,false,3,3,174.97,0.00,9.99,184.96,68.00,116.96
ORD_001639,CUST_00319,2025-12-28 12:25:50,Apple Pay,Completed,true,3,4,184.96,0.00,9.99,194.95,62.00,132.95
ORD_001640,CUST_00543,2025-10-23 05:36:40,PayPal,Completed,true,3,7,214.93,0.00,0.00,214.93,73.00,141.93
ORD_001641,CUST_00518,2025-12-30 00:47:27,UPI,Completed,true,1,1,34.99,0.00,4.99,39.98,10.00,29.98
ORD_001642,CUST_00095,2025-05-24 11:46:59,UPI,Completed,true,2,4,219.96,10.00,9.99,219.95,81.00,138.95
ORD_001643,CUST_00850,2026-01-31 06:12:15,UPI,Cancelled,false,1,2,299.98,0.00,4.99,304.97,130.00,174.97
ORD_001644,CUST_00446,2026-02-27 07:17:54,PayPal,Cancelled,false,1,2,99.98,0.00,9.99,109.97,40.00,69.97
ORD_001645,CUST_00800,2026-02-20 22:01:11,UPI,Completed,true,3,6,679.94,0.00,4.99,684.93,294.00,390.93
ORD_001646,CUST_00838,2026-02-23 05:52:52,PayPal,Completed,true,1,1,29.99,0.00,4.99,34.98,11.00,23.98
ORD_001647,CUST_00976,2025-05-31 10:48:14,UPI,Completed,true,1,3,449.97,0.00,0.00,449.97,195.00,254.97
ORD_001648,CUST_00564,2025-08-10 22:10:18,PayPal,Completed,true,2,4,204.97,5.00,9.99,209.96,61.00,148.96
ORD_001649,CUST_00538,2025-11-11 00:56:19,Buy Now Pay Later,Completed,true,2,4,349.96,0.00,4.99,354.95,150.00,204.95
ORD_001650,CUST_00459,2025-11-24 03:04:07,Buy Now Pay Later,Completed,true,1,1,39.99,15.00,9.99,34.98,12.00,22.98
ORD_001651,CUST_00418,2025-08-24 04:36:32,Credit Card,Completed,true,1,1,110.00,10.00,9.99,109.99,48.00,61.99
ORD_001652,CUST_00105,2026-01-09 13:22:37,Buy Now Pay Later,Completed,true,1,2,159.98,10.00,0.00,149.98,70.00,79.98
ORD_001653,CUST_00579,2025-03-14 06:09:27,UPI,Completed,true,1,2,179.98,0.00,9.99,189.97,60.00,129.97
ORD_001654,CUST_00597,2025-05-25 10:05:09,UPI,Completed,true,2,5,144.95,10.00,9.99,144.94,42.00,102.94
ORD_001655,CUST_00851,2026-02-14 02:55:20,UPI,Completed,true,3,7,322.93,0.00,9.99,332.92,117.00,215.92
ORD_001656,CUST_00151,2025-12-01 11:46:20,Buy Now Pay Later,Refunded,false,1,3,239.97,10.00,4.99,234.96,105.00,129.96
ORD_001657,CUST_00812,2025-07-06 05:05:31,UPI,Completed,true,3,8,729.92,0.00,0.00,729.92,265.00,464.92
ORD_001658,CUST_00984,2025-10-09 04:34:30,UPI,Completed,true,2,4,262.96,5.00,0.00,257.96,111.00,146.96
ORD_001659,CUST_00469,2025-12-04 21:11:27,PayPal,Completed,true,2,6,344.94,0.00,9.99,354.93,114.00,240.93
ORD_001660,CUST_00226,2025-12-16 18:56:25,Buy Now Pay Later,Cancelled,false,2,3,349.98,10.00,0.00,339.98,138.00,201.98
ORD_001661,CUST_00848,2026-01-04 02:11:21,PayPal,Completed,true,4,10,709.90,0.00,9.99,719.89,292.00,427.89
ORD_001662,CUST_00693,2025-12-20 05:51:32,UPI,Completed,true,2,4,305.96,5.00,9.99,310.95,122.00,188.95
ORD_001663,CUST_00646,2025-07-03 18:10:43,PayPal,Completed,true,1,1,39.99,5.00,0.00,34.99,12.00,22.99
ORD_001664,CUST_00827,2025-12-18 15:33:00,UPI,Completed,true,2,4,184.96,0.00,4.99,189.95,70.00,119.95
ORD_001665,CUST_00247,2026-02-17 11:09:27,PayPal,Completed,true,3,5,474.95,0.00,4.99,479.94,205.00,274.94
ORD_001666,CUST_00873,2026-02-13 15:57:44,Credit Card,Refunded,false,1,2,139.98,0.00,0.00,139.98,50.00,89.98
ORD_001667,CUST_00516,2025-08-05 01:33:59,Credit Card,Completed,true,1,1,24.99,10.00,4.99,19.98,8.00,11.98
ORD_001668,CUST_00969,2026-01-14 15:53:30,Buy Now Pay Later,Completed,true,2,4,189.97,0.00,4.99,194.96,55.00,139.96
ORD_001669,CUST_00330,2025-11-24 10:39:48,PayPal,Completed,true,1,3,269.97,15.00,9.99,264.96,90.00,174.96
ORD_001670,CUST_00973,2025-12-28 19:50:06,Apple Pay,Cancelled,false,1,1,39.99,0.00,9.99,49.98,15.00,34.98
ORD_001671,CUST_00653,2025-08-05 12:46:46,Buy Now Pay Later,Completed,true,1,2,79.98,5.00,4.99,79.97,24.00,55.97
ORD_001672,CUST_00401,2025-11-12 14:58:16,UPI,Completed,true,2,4,129.96,15.00,4.99,119.95,48.00,71.95
ORD_001673,CUST_00611,2026-01-17 00:29:39,UPI,Completed,true,1,2,259.98,15.00,4.99,249.97,110.00,139.97
ORD_001674,CUST_00946,2025-10-17 18:07:53,UPI,Completed,true,2,6,644.97,0.00,0.00,644.97,240.00,404.97
ORD_001675,CUST_00547,2025-07-21 07:42:47,Apple Pay,Completed,true,4,7,454.96,0.00,0.00,454.96,147.00,307.96
ORD_001676,CUST_00354,2026-02-01 08:48:22,PayPal,Completed,true,1,1,129.99,5.00,0.00,124.99,55.00,69.99
ORD_001677,CUST_00695,2025-07-06 22:16:18,UPI,Completed,true,2,4,289.96,0.00,0.00,289.96,110.00,179.96
ORD_001678,CUST_00686,2025-11-26 23:01:25,UPI,Completed,true,1,1,22.99,10.00,4.99,17.98,6.00,11.98
ORD_001679,CUST_00195,2025-09-22 09:17:54,Apple Pay,Completed,true,1,3,68.97,0.00,4.99,73.96,18.00,55.96
ORD_001680,CUST_00051,2025-08-09 00:18:35,Buy Now Pay Later,Refunded,false,1,1,39.99,5.00,4.99,39.98,15.00,24.98
ORD_001681,CUST_00997,2025-11-22 14:40:03,PayPal,Completed,true,1,3,599.97,0.00,4.99,604.96,270.00,334.96
ORD_001682,CUST_00257,2025-11-30 20:08:44,UPI,Completed,true,1,3,149.97,0.00,4.99,154.96,60.00,94.96
ORD_001683,CUST_00526,2025-10-17 02:59:03,UPI,Completed,true,1,3,269.97,15.00,0.00,254.97,90.00,164.97
ORD_001684,CUST_00550,2026-02-05 13:17:04,UPI,Completed,true,1,1,24.99,0.00,9.99,34.98,8.00,26.98
ORD_001685,CUST_00587,2026-02-01 16:11:21,PayPal,Completed,true,2,4,149.96,0.00,4.99,154.95,47.00,107.95
ORD_001686,CUST_00898,2025-08-09 02:01:34,Apple Pay,Refunded,false,1,1,149.99,5.00,0.00,144.99,65.00,79.99
ORD_001687,CUST_00587,2025-12-26 04:54:49,UPI,Cancelled,false,1,2,69.98,10.00,9.99,69.97,20.00,49.97
ORD_001688,CUST_00698,2025-04-21 10:15:51,PayPal,Completed,true,1,2,399.98,5.00,4.99,399.97,180.00,219.97
ORD_001689,CUST_00531,2025-12-17 22:28:20,PayPal,Completed,true,3,5,494.99,5.00,9.99,499.98,204.00,295.98
ORD_001690,CUST_00185,2025-10-17 22:21:01,Apple Pay,Cancelled,false,1,1,89.99,0.00,4.99,94.98,30.00,64.98
ORD_001691,CUST_00796,2026-02-03 05:35:48,Buy Now Pay Later,Refunded,false,4,8,374.92,15.00,0.00,359.92,140.00,219.92
ORD_001692,CUST_00143,2026-01-25 07:33:14,Buy Now Pay Later,Refunded,false,1,3,89.97,10.00,0.00,79.97,33.00,46.97
ORD_001693,CUST_00548,2026-01-08 14:58:19,Buy Now Pay Later,Cancelled,false,1,2,39.98,10.00,9.99,39.97,12.00,27.97
ORD_001694,CUST_00803,2026-02-01 06:28:08,PayPal,Completed,true,4,11,1124.89,10.00,9.99,1124.88,475.00,649.88
ORD_001695,CUST_00613,2025-11-12 11:44:08,Apple Pay,Cancelled,false,1,3,179.97,15.00,0.00,164.97,66.00,98.97
ORD_001696,CUST_00346,2026-02-20 20:38:29,UPI,Refunded,false,2,6,644.97,0.00,4.99,649.96,240.00,409.96
ORD_001697,CUST_00520,2025-10-23 01:51:05,PayPal,Completed,true,2,5,349.95,0.00,0.00,349.95,143.00,206.95
ORD_001698,CUST_00459,2026-01-01 06:29:05,UPI,Completed,true,1,2,179.98,0.00,9.99,189.97,60.00,129.97
ORD_001699,CUST_00390,2025-03-28 11:49:59,Buy Now Pay Later,Refunded,false,1,2,59.98,5.00,9.99,64.97,22.00,42.97
ORD_001700,CUST_00394,2026-01-25 09:52:24,PayPal,Completed,true,3,6,164.94,5.00,9.99,169.93,46.00,123.93
ORD_001701,CUST_00591,2025-06-15 02:56:41,PayPal,Completed,true,4,9,878.91,0.00,4.99,883.90,369.00,514.90
ORD_001702,CUST_00054,2026-02-18 06:35:19,Apple Pay,Completed,true,3,8,574.95,15.00,9.99,569.94,224.00,345.94
ORD_001703,CUST_00040,2026-01-20 19:29:35,Apple Pay,Cancelled,false,1,2,69.98,10.00,0.00,59.98,20.00,39.98
ORD_001704,CUST_00275,2026-01-02 12:17:06,Apple Pay,Completed,true,3,6,354.95,0.00,0.00,354.95,122.00,232.95
ORD_001705,CUST_00654,2025-07-31 23:23:20,Buy Now Pay Later,Cancelled,false,4,8,313.92,0.00,0.00,313.92,98.00,215.92
ORD_001706,CUST_00169,2026-01-04 17:59:49,UPI,Completed,true,2,3,329.97,10.00,4.99,324.96,125.00,199.96
ORD_001707,CUST_00399,2025-06-24 10:47:07,PayPal,Refunded,false,1,2,69.98,0.00,9.99,79.97,20.00,59.97
ORD_001708,CUST_00543,2025-12-12 22:48:16,Buy Now Pay Later,Cancelled,false,1,3,359.97,10.00,0.00,349.97,135.00,214.97
ORD_001709,CUST_00401,2025-12-22 19:17:03,UPI,Completed,true,1,3,119.97,10.00,4.99,114.96,36.00,78.96
ORD_001710,CUST_00333,2025-08-07 10:42:50,Apple Pay,Refunded,false,1,1,39.99,15.00,4.99,29.98,12.00,17.98
ORD_001711,CUST_00008,2025-12-30 13:15:54,Credit Card,Completed,true,2,5,189.95,10.00,0.00,179.95,64.00,115.95
ORD_001712,CUST_00496,2025-04-30 23:46:14,Apple Pay,Completed,true,1,1,149.99,10.00,0.00,139.99,65.00,74.99
ORD_001713,CUST_00089,2026-01-07 05:00:54,Apple Pay,Completed,true,1,2,119.98,0.00,4.99,124.97,44.00,80.97
ORD_001714,CUST_00111,2025-08-18 18:51:57,Apple Pay,Completed,true,1,3,74.97,15.00,0.00,59.97,24.00,35.97
ORD_001715,CUST_00908,2025-07-12 03:17:57,UPI,Completed,true,1,2,59.98,0.00,0.00,59.98,16.00,43.98
ORD_001716,CUST_00872,2025-09-17 01:38:19,Credit Card,Completed,true,1,2,170.00,0.00,0.00,170.00,50.00,120.00
ORD_001717,CUST_00974,2025-04-13 02:06:07,Buy Now Pay Later,Completed,true,2,4,179.96,5.00,9.99,184.95,63.00,121.95
ORD_001718,CUST_00606,2025-11-05 03:16:03,Apple Pay,Completed,true,2,3,209.99,5.00,0.00,204.99,65.00,139.99
ORD_001719,CUST_00241,2026-02-14 11:54:42,Apple Pay,Refunded,false,2,5,469.98,0.00,0.00,469.98,194.00,275.98
ORD_001720,CUST_00427,2025-07-02 01:20:56,UPI,Completed,true,3,5,149.95,5.00,9.99,154.94,42.00,112.94
ORD_001721,CUST_00142,2026-02-18 10:23:58,Apple Pay,Cancelled,false,1,3,449.97,15.00,9.99,444.96,195.00,249.96
ORD_001722,CUST_00648,2026-01-14 16:39:02,Apple Pay,Cancelled,false,2,4,559.97,15.00,9.99,554.96,243.00,311.96
ORD_001723,CUST_00132,2025-09-25 12:45:47,Credit Card,Refunded,false,3,3,299.97,0.00,0.00,299.97,126.00,173.97
ORD_001724,CUST_00821,2025-12-31 21:07:40,PayPal,Completed,true,2,4,224.96,0.00,0.00,224.96,75.00,149.96
ORD_001725,CUST_00819,2025-08-18 21:27:03,UPI,Completed,true,1,1,79.99,0.00,4.99,84.98,35.00,49.98
ORD_001726,CUST_00535,2025-12-28 02:58:58,Apple Pay,Cancelled,false,2,4,225.96,15.00,0.00,210.96,72.00,138.96
ORD_001727,CUST_00872,2026-02-21 08:18:11,UPI,Refunded,false,2,3,139.97,10.00,9.99,139.96,45.00,94.96
ORD_001728,CUST_00987,2026-02-11 01:35:14,UPI,Cancelled,false,4,6,232.94,15.00,4.99,222.93,80.00,142.93
ORD_001729,CUST_00376,2026-01-04 11:20:50,Buy Now Pay Later,Cancelled,false,2,2,169.99,0.00,0.00,169.99,70.00,99.99
ORD_001730,CUST_00725,2026-01-27 14:57:01,Buy Now Pay Later,Completed,true,2,4,414.96,0.00,0.00,414.96,173.00,241.96
ORD_001731,CUST_00008,2026-01-21 01:12:38,Credit Card,Refunded,false,1,3,209.97,15.00,0.00,194.97,75.00,119.97
ORD_001732,CUST_00251,2026-01-11 21:31:47,UPI,Completed,true,1,2,49.98,15.00,9.99,44.97,16.00,28.97
ORD_001733,CUST_00025,2026-01-05 12:52:33,UPI,Completed,true,2,2,99.98,15.00,0.00,84.98,33.00,51.98
ORD_001734,CUST_00922,2026-01-05 09:59:33,Buy Now Pay Later,Completed,true,1,3,104.97,15.00,4.99,94.96,30.00,64.96
ORD_001735,CUST_00273,2025-09-25 14:01:33,PayPal,Completed,true,1,3,104.97,0.00,4.99,109.96,30.00,79.96
ORD_001736,CUST_00093,2025-11-26 16:07:57,Credit Card,Cancelled,false,2,3,162.97,0.00,9.99,172.96,56.00,116.96
ORD_001737,CUST_00563,2026-02-14 02:52:28,UPI,Completed,true,2,4,189.96,0.00,0.00,189.96,72.00,117.96
ORD_001738,CUST_00204,2026-02-16 11:10:42,Apple Pay,Cancelled,false,2,2,119.99,0.00,0.00,119.99,35.00,84.99
ORD_001739,CUST_00159,2025-12-22 19:11:11,UPI,Refunded,false,3,8,379.92,0.00,9.99,389.91,124.00,265.91
ORD_001740,CUST_00078,2025-11-22 03:12:23,PayPal,Completed,true,1,2,45.98,0.00,0.00,45.98,12.00,33.98
ORD_001741,CUST_00669,2025-07-22 11:54:46,Apple Pay,Cancelled,false,4,8,592.92,10.00,4.99,587.91,237.00,350.91
ORD_001742,CUST_00661,2025-08-26 10:15:52,Apple Pay,Cancelled,false,2,2,159.98,0.00,4.99,164.97,57.00,107.97
ORD_001743,CUST_00585,2025-11-24 23:02:59,Buy Now Pay Later,Completed,true,3,6,234.94,0.00,4.99,239.93,74.00,165.93
ORD_001744,CUST_00192,2025-10-17 15:14:14,Buy Now Pay Later,Completed,true,1,2,399.98,0.00,0.00,399.98,180.00,219.98
ORD_001745,CUST_00778,2026-02-27 10:33:33,PayPal,Cancelled,false,1,3,119.97,15.00,4.99,109.96,36.00,73.96
ORD_001746,CUST_00975,2026-01-01 23:20:02,Credit Card,Refunded,false,1,1,39.99,0.00,9.99,49.98,15.00,34.98
ORD_001747,CUST_00813,2025-07-11 00:09:38,Credit Card,Completed,true,2,3,245.97,0.00,0.00,245.97,102.00,143.97
ORD_001748,CUST_00780,2026-01-22 00:22:09,Buy Now Pay Later,Completed,true,2,4,119.96,10.00,9.99,119.95,38.00,81.95
ORD_001749,CUST_00701,2025-04-30 13:51:16,PayPal,Cancelled,false,2,6,419.97,0.00,0.00,419.97,168.00,251.97
ORD_001750,CUST_00404,2025-08-16 06:29:41,UPI,Completed,true,1,3,104.97,0.00,0.00,104.97,30.00,74.97
ORD_001751,CUST_00084,2026-02-28 06:52:50,Apple Pay,Refunded,false,3,5,334.95,5.00,0.00,329.95,135.00,194.95
ORD_001752,CUST_00585,2025-08-24 02:53:46,Apple Pay,Completed,true,2,4,194.96,15.00,9.99,189.95,60.00,129.95
ORD_001753,CUST_00095,2025-06-11 23:51:04,Buy Now Pay Later,Completed,true,1,1,29.99,0.00,0.00,29.99,8.00,21.99
ORD_001754,CUST_00934,2025-03-13 12:24:13,Buy Now Pay Later,Refunded,false,1,2,79.98,0.00,0.00,79.98,24.00,55.98
ORD_001755,CUST_00096,2026-01-17 12:20:52,Credit Card,Completed,true,1,1,39.99,15.00,0.00,24.99,15.00,9.99
ORD_001756,CUST_00162,2025-10-03 11:59:24,Credit Card,Cancelled,false,3,7,344.96,15.00,0.00,329.96,104.00,225.96
ORD_001757,CUST_00690,2025-12-24 21:00:47,PayPal,Completed,true,1,1,69.99,0.00,0.00,69.99,25.00,44.99
ORD_001758,CUST_00124,2025-08-16 07:11:03,Buy Now Pay Later,Completed,true,1,2,299.98,15.00,9.99,294.97,130.00,164.97
ORD_001759,CUST_00955,2025-08-23 13:12:24,UPI,Completed,true,3,5,509.95,10.00,0.00,499.95,218.00,281.95
ORD_001760,CUST_00550,2025-08-31 12:10:17,PayPal,Cancelled,false,1,2,119.98,10.00,0.00,109.98,44.00,65.98
ORD_001761,CUST_00181,2025-07-28 23:50:13,Buy Now Pay Later,Completed,true,1,1,22.99,15.00,4.99,12.98,6.00,6.98
ORD_001762,CUST_00945,2025-10-26 07:02:45,Apple Pay,Completed,true,2,3,339.97,0.00,9.99,349.96,145.00,204.96
ORD_001763,CUST_00018,2025-10-30 22:13:27,Credit Card,Cancelled,false,3,7,709.94,15.00,9.99,704.93,288.00,416.93
ORD_001764,CUST_00583,2026-02-27 06:05:58,Credit Card,Completed,true,1,1,34.99,5.00,0.00,29.99,10.00,19.99
ORD_001765,CUST_00993,2025-10-28 14:15:22,Buy Now Pay Later,Completed,true,1,2,49.98,5.00,4.99,49.97,16.00,33.97
ORD_001766,CUST_00553,2025-09-20 18:11:29,Apple Pay,Completed,true,1,1,39.99,0.00,0.00,39.99,15.00,24.99
ORD_001767,CUST_00910,2026-02-05 09:52:55,Credit Card,Completed,true,1,2,79.98,0.00,4.99,84.97,24.00,60.97
ORD_001768,CUST_00629,2025-05-02 04:23:16,PayPal,Completed,true,1,3,119.97,0.00,0.00,119.97,36.00,83.97
ORD_001769,CUST_00635,2025-03-14 22:29:42,Credit Card,Completed,true,2,3,279.97,5.00,9.99,284.96,116.00,168.96
ORD_001770,CUST_00134,2025-10-27 06:29:59,PayPal,Completed,true,2,6,599.94,0.00,4.99,604.93,255.00,349.93
ORD_001771,CUST_00658,2026-01-08 12:37:15,Credit Card,Completed,true,2,4,659.96,0.00,0.00,659.96,292.00,367.96
ORD_001772,CUST_00372,2025-12-21 18:23:14,Buy Now Pay Later,Completed,true,2,3,249.99,5.00,4.99,249.98,107.00,142.98
ORD_001773,CUST_00454,2025-10-31 00:52:20,PayPal,Cancelled,false,2,3,280.00,0.00,4.99,284.99,98.00,186.99
ORD_001774,CUST_00492,2026-02-25 00:45:09,Credit Card,Completed,true,1,1,34.99,5.00,4.99,34.98,10.00,24.98
ORD_001775,CUST_00046,2026-02-27 18:24:38,Credit Card,Completed,true,2,5,189.95,0.00,0.00,189.95,64.00,125.95
ORD_001776,CUST_00568,2025-07-16 18:18:05,PayPal,Completed,true,1,2,69.98,0.00,4.99,74.97,20.00,54.97
ORD_001777,CUST_00529,2025-06-12 18:19:01,Apple Pay,Refunded,false,1,2,99.98,15.00,9.99,94.97,40.00,54.97
ORD_001778,CUST_00110,2025-08-12 02:10:32,Credit Card,Refunded,false,1,2,99.98,0.00,9.99,109.97,40.00,69.97
ORD_001779,CUST_00087,2025-07-25 02:19:22,Credit Card,Refunded,false,1,2,59.98,0.00,0.00,59.98,22.00,37.98
ORD_001780,CUST_00730,2026-01-31 10:15:48,Buy Now Pay Later,Completed,true,1,2,399.98,0.00,4.99,404.97,180.00,224.97
ORD_001781,CUST_00504,2025-07-05 01:16:03,Buy Now Pay Later,Completed,true,3,5,279.95,0.00,0.00,279.95,96.00,183.95
ORD_001782,CUST_00545,2026-02-04 13:30:27,Buy Now Pay Later,Refunded,false,2,4,99.96,15.00,4.99,89.95,34.00,55.95
ORD_001783,CUST_00031,2025-10-12 17:47:54,Buy Now Pay Later,Completed,true,2,3,324.97,15.00,0.00,309.97,138.00,171.97
ORD_001784,CUST_00843,2026-02-11 07:04:04,Buy Now Pay Later,Completed,true,3,5,169.95,0.00,4.99,174.94,58.00,116.94
ORD_001785,CUST_00851,2025-12-14 09:01:37,UPI,Cancelled,false,3,5,429.95,0.00,4.99,434.94,180.00,254.94
ORD_001786,CUST_00989,2025-10-19 06:46:56,Buy Now Pay Later,Cancelled,false,2,5,409.95,0.00,4.99,414.94,170.00,244.94
ORD_001787,CUST_00479,2025-04-25 06:29:31,Buy Now Pay Later,Completed,true,1,3,104.97,10.00,0.00,94.97,30.00,64.97
ORD_001788,CUST_00070,2026-02-20 23:39:41,PayPal,Cancelled,false,2,6,209.94,0.00,4.99,214.93,60.00,154.93
ORD_001789,CUST_00068,2025-09-09 13:07:38,Credit Card,Completed,true,1,3,255.00,10.00,9.99,254.99,75.00,179.99
ORD_001790,CUST_00305,2026-02-21 22:03:16,Credit Card,Completed,true,2,3,109.97,15.00,0.00,94.97,32.00,62.97
ORD_001791,CUST_00605,2026-02-19 07:27:07,Buy Now Pay Later,Cancelled,false,1,3,59.97,5.00,9.99,64.96,18.00,46.96
ORD_001792,CUST_00300,2025-09-16 17:54:44,Credit Card,Completed,true,3,7,254.93,5.00,4.99,254.92,94.00,160.92
ORD_001793,CUST_00273,2025-06-26 02:09:12,Buy Now Pay Later,Completed,true,3,9,779.91,0.00,9.99,789.90,303.00,486.90
ORD_001794,CUST_00297,2026-02-05 23:26:14,Apple Pay,Refunded,false,3,6,384.95,0.00,9.99,394.94,152.00,242.94
ORD_001795,CUST_00143,2025-12-27 01:58:25,PayPal,Completed,true,1,1,29.99,5.00,9.99,34.98,8.00,26.98
ORD_001796,CUST_00092,2026-02-02 22:45:41,PayPal,Completed,true,3,8,414.92,10.00,0.00,404.92,160.00,244.92
ORD_001797,CUST_00769,2026-02-19 15:23:45,Credit Card,Refunded,false,2,3,99.97,5.00,0.00,94.97,28.00,66.97
ORD_001798,CUST_00986,2026-01-13 06:37:10,Credit Card,Cancelled,false,3,6,254.94,15.00,9.99,249.93,82.00,167.93
ORD_001799,CUST_00916,2025-10-09 07:11:11,Buy Now Pay Later,Completed,true,2,6,419.94,5.00,4.99,419.93,150.00,269.93
ORD_001800,CUST_00950,2025-12-19 14:44:02,Credit Card,Refunded,false,4,7,419.95,10.00,0.00,409.95,172.00,237.95
ORD_001801,CUST_00429,2026-01-01 04:16:39,UPI,Completed,true,1,3,389.97,0.00,0.00,389.97,165.00,224.97
ORD_001802,CUST_00088,2026-02-07 23:11:11,UPI,Refunded,false,1,3,389.97,0.00,9.99,399.96,165.00,234.96
ORD_001803,CUST_00837,2025-12-29 08:23:54,PayPal,Completed,true,2,5,229.97,10.00,9.99,229.96,68.00,161.96
ORD_001804,CUST_00771,2025-08-24 14:54:31,Apple Pay,Refunded,false,3,5,674.95,0.00,9.99,684.94,292.00,392.94
ORD_001805,CUST_00265,2025-06-28 03:44:07,UPI,Refunded,false,1,3,330.00,5.00,0.00,325.00,144.00,181.00
ORD_001806,CUST_00658,2026-01-31 21:06:21,Apple Pay,Completed,true,1,3,68.97,10.00,0.00,58.97,18.00,40.97
ORD_001807,CUST_00387,2025-11-29 03:56:16,UPI,Completed,true,2,3,99.97,15.00,9.99,94.96,31.00,63.96
ORD_001808,CUST_00656,2025-04-29 08:06:11,Apple Pay,Refunded,false,3,6,354.94,10.00,0.00,344.94,126.00,218.94
ORD_001809,CUST_00273,2025-09-13 15:11:43,PayPal,Refunded,false,1,3,389.97,5.00,0.00,384.97,165.00,219.97
ORD_001810,CUST_00347,2025-04-24 06:58:15,UPI,Completed,true,1,2,220.00,10.00,0.00,210.00,96.00,114.00
ORD_001811,CUST_00556,2025-11-11 02:39:19,Buy Now Pay Later,Completed,true,1,2,69.98,0.00,4.99,74.97,20.00,54.97
ORD_001812,CUST_00546,2026-01-26 00:24:34,UPI,Completed,true,2,4,139.96,0.00,4.99,144.95,51.00,93.95
ORD_001813,CUST_00456,2026-02-12 14:43:54,Credit Card,Refunded,false,1,2,159.98,10.00,0.00,149.98,70.00,79.98
ORD_001814,CUST_00076,2025-11-13 20:00:11,PayPal,Completed,true,2,4,449.99,15.00,9.99,444.98,189.00,255.98
ORD_001815,CUST_00418,2025-09-17 04:59:55,PayPal,Completed,true,1,1,19.99,0.00,4.99,24.98,6.00,18.98
ORD_001816,CUST_00045,2025-07-26 14:28:44,Credit Card,Completed,true,2,3,189.97,0.00,9.99,199.96,70.00,129.96
ORD_001817,CUST_00929,2025-10-21 12:02:14,Credit Card,Completed,true,1,2,69.98,0.00,9.99,79.97,20.00,59.97
ORD_001818,CUST_00326,2025-12-21 07:21:57,UPI,Completed,true,3,6,369.94,10.00,4.99,364.93,147.00,217.93
ORD_001819,CUST_00496,2026-02-09 04:16:32,Apple Pay,Cancelled,false,1,3,89.97,0.00,9.99,99.96,24.00,75.96
ORD_001820,CUST_00552,2026-01-07 18:10:13,UPI,Refunded,false,2,5,300.98,15.00,0.00,285.98,87.00,198.98
ORD_001821,CUST_00149,2025-10-04 00:39:31,Credit Card,Completed,true,1,1,34.99,5.00,9.99,39.98,10.00,29.98
ORD_001822,CUST_00860,2025-11-19 00:15:45,Apple Pay,Refunded,false,1,3,209.97,15.00,4.99,199.96,75.00,124.96
ORD_001823,CUST_00433,2025-12-08 18:53:24,Buy Now Pay Later,Cancelled,false,2,5,429.95,5.00,9.99,434.94,155.00,279.94
ORD_001824,CUST_00320,2025-10-14 19:56:14,Apple Pay,Completed,true,2,5,709.95,0.00,9.99,719.94,305.00,414.94
ORD_001825,CUST_00051,2025-07-17 11:16:01,UPI,Completed,true,2,3,259.99,0.00,9.99,269.98,80.00,189.98
ORD_001826,CUST_00714,2025-12-25 01:16:06,Credit Card,Cancelled,false,1,2,99.98,0.00,4.99,104.97,40.00,64.97
ORD_001827,CUST_00700,2025-07-11 03:13:33,Apple Pay,Completed,true,3,6,402.96,0.00,4.99,407.95,131.00,276.95
ORD_001828,CUST_00664,2025-12-15 05:38:17,Credit Card,Completed,true,2,4,369.96,0.00,9.99,379.95,150.00,229.95
ORD_001829,CUST_00008,2025-12-02 09:28:47,Buy Now Pay Later,Completed,true,2,5,224.95,0.00,4.99,229.94,74.00,155.94
ORD_001830,CUST_00184,2025-12-26 02:29:08,UPI,Completed,true,3,5,232.95,10.00,4.99,227.94,76.00,151.94
ORD_001831,CUST_00335,2026-02-23 19:59:34,UPI,Completed,true,1,2,159.98,0.00,4.99,164.97,70.00,94.97
ORD_001832,CUST_00502,2025-11-02 13:54:09,Apple Pay,Completed,true,2,2,114.98,5.00,4.99,114.97,45.00,69.97
ORD_001833,CUST_00801,2026-02-22 04:59:09,Apple Pay,Refunded,false,1,2,79.98,0.00,4.99,84.97,30.00,54.97
ORD_001834,CUST_00897,2026-01-29 12:44:21,Credit Card,Completed,true,3,6,579.94,15.00,4.99,569.93,237.00,332.93
ORD_001835,CUST_00343,2026-01-21 06:47:29,UPI,Refunded,false,1,1,199.99,0.00,9.99,209.98,90.00,119.98
ORD_001836,CUST_00877,2025-09-30 09:26:35,UPI,Completed,true,1,2,119.98,0.00,4.99,124.97,44.00,80.97
ORD_001837,CUST_00711,2026-02-06 07:53:26,UPI,Completed,true,1,1,149.99,10.00,0.00,139.99,65.00,74.99
ORD_001838,CUST_00107,2025-12-29 19:31:06,Buy Now Pay Later,Completed,true,1,2,99.98,0.00,4.99,104.97,40.00,64.97
ORD_001839,CUST_00547,2026-02-13 17:43:35,Credit Card,Refunded,false,2,5,639.95,10.00,0.00,629.95,285.00,344.95
ORD_001840,CUST_00529,2025-10-28 00:46:47,PayPal,Completed,true,2,6,188.94,0.00,0.00,188.94,63.00,125.94
ORD_001841,CUST_00904,2025-08-02 05:52:35,UPI,Completed,true,3,6,284.94,0.00,9.99,294.93,113.00,181.93
ORD_001842,CUST_00832,2025-07-22 20:34:08,PayPal,Completed,true,1,3,149.97,0.00,0.00,149.97,60.00,89.97
ORD_001843,CUST_00258,2025-10-10 06:24:51,Apple Pay,Cancelled,false,2,6,569.94,0.00,4.99,574.93,231.00,343.93
ORD_001844,CUST_00748,2025-12-29 06:10:54,PayPal,Refunded,false,1,2,45.98,0.00,9.99,55.97,12.00,43.97
ORD_001845,CUST_00272,2025-10-25 17:22:13,PayPal,Completed,true,1,3,149.97,15.00,9.99,144.96,60.00,84.96
ORD_001846,CUST_00333,2025-11-07 17:10:13,UPI,Completed,true,2,4,469.96,0.00,9.99,479.95,200.00,279.95
ORD_001847,CUST_00669,2025-07-23 22:43:30,Credit Card,Completed,true,2,2,189.98,0.00,0.00,189.98,80.00,109.98
ORD_001848,CUST_00158,2026-02-22 08:01:11,UPI,Cancelled,false,4,7,462.93,5.00,4.99,462.92,174.00,288.92
ORD_001849,CUST_00661,2025-11-03 17:53:43,Buy Now Pay Later,Cancelled,false,2,5,299.95,0.00,0.00,299.95,96.00,203.95
ORD_001850,CUST_00702,2026-01-28 15:13:47,Buy Now Pay Later,Completed,true,3,4,322.98,0.00,0.00,322.98,137.00,185.98
ORD_001851,CUST_00262,2025-12-05 04:17:47,Apple Pay,Cancelled,false,2,6,809.94,10.00,0.00,799.94,345.00,454.94
ORD_001852,CUST_00516,2025-07-13 20:07:20,Credit Card,Completed,true,2,4,569.96,0.00,4.99,574.95,240.00,334.95
ORD_001853,CUST_00807,2025-12-09 19:59:26,Buy Now Pay Later,Refunded,false,1,2,139.98,5.00,4.99,139.97,50.00,89.97
ORD_001854,CUST_00527,2026-02-02 02:26:39,Apple Pay,Completed,true,1,3,269.97,0.00,4.99,274.96,90.00,184.96
ORD_001855,CUST_00979,2026-01-09 14:29:41,Buy Now Pay Later,Completed,true,1,2,399.98,10.00,0.00,389.98,180.00,209.98
ORD_001856,CUST_00705,2025-08-20 00:53:57,Credit Card,Completed,true,2,4,114.96,15.00,9.99,109.95,41.00,68.95
ORD_001857,CUST_00703,2025-12-13 09:59:56,Buy Now Pay Later,Completed,true,2,6,269.94,10.00,4.99,264.93,105.00,159.93
ORD_001858,CUST_00262,2026-02-24 16:50:58,UPI,Cancelled,false,1,3,255.00,10.00,9.99,254.99,75.00,179.99
ORD_001859,CUST_00541,2026-02-05 03:47:15,Buy Now Pay Later,Completed,true,3,6,574.97,0.00,4.99,579.96,209.00,370.96
ORD_001860,CUST_00108,2025-08-09 05:52:20,Credit Card,Completed,true,2,6,314.94,0.00,0.00,314.94,105.00,209.94
ORD_001861,CUST_00554,2026-01-04 22:27:35,Buy Now Pay Later,Completed,true,2,4,304.96,0.00,0.00,304.96,100.00,204.96
ORD_001862,CUST_00607,2026-01-13 21:16:58,Credit Card,Completed,true,2,6,464.94,0.00,0.00,464.94,165.00,299.94
ORD_001863,CUST_00563,2025-12-04 10:55:28,PayPal,Completed,true,1,3,269.97,10.00,0.00,259.97,90.00,169.97
ORD_001864,CUST_00888,2026-02-16 23:39:55,Credit Card,Completed,true,2,2,47.98,0.00,0.00,47.98,14.00,33.98
ORD_001865,CUST_00016,2026-01-10 19:38:52,Buy Now Pay Later,Completed,true,1,2,159.98,0.00,0.00,159.98,70.00,89.98
ORD_001866,CUST_00473,2025-12-08 19:37:00,Buy Now Pay Later,Completed,true,1,3,239.97,10.00,9.99,239.96,105.00,134.96
ORD_001867,CUST_00889,2026-02-17 20:48:44,Apple Pay,Cancelled,false,1,1,79.99,10.00,0.00,69.99,35.00,34.99
ORD_001868,CUST_00382,2026-01-14 07:59:28,Apple Pay,Completed,true,1,3,359.97,10.00,4.99,354.96,135.00,219.96
ORD_001869,CUST_00250,2026-01-24 20:22:00,Buy Now Pay Later,Completed,true,2,4,639.96,0.00,4.99,644.95,282.00,362.95
ORD_001870,CUST_00200,2025-12-30 15:44:11,Credit Card,Completed,true,1,1,34.99,0.00,9.99,44.98,10.00,34.98
ORD_001871,CUST_00004,2025-05-25 15:19:51,Credit Card,Cancelled,false,2,4,219.96,5.00,0.00,214.96,92.00,122.96
ORD_001872,CUST_00967,2025-12-27 15:17:24,Credit Card,Cancelled,false,2,4,319.96,0.00,0.00,319.96,132.00,187.96
ORD_001873,CUST_00996,2026-02-09 08:50:04,UPI,Completed,true,1,2,259.98,0.00,0.00,259.98,110.00,149.98
ORD_001874,CUST_00307,2025-07-31 10:05:16,UPI,Cancelled,false,1,3,359.97,0.00,0.00,359.97,135.00,224.97
ORD_001875,CUST_00332,2025-06-08 15:37:29,Credit Card,Completed,true,2,6,209.94,10.00,4.99,204.93,60.00,144.93
ORD_001876,CUST_00016,2026-01-28 12:08:04,Apple Pay,Refunded,false,2,4,144.97,10.00,0.00,134.97,43.00,91.97
ORD_001877,CUST_00387,2026-02-07 04:01:12,Buy Now Pay Later,Cancelled,false,2,3,239.99,0.00,4.99,244.98,75.00,169.98
ORD_001878,CUST_00541,2025-12-12 16:58:12,Buy Now Pay Later,Refunded,false,1,1,22.99,10.00,9.99,22.98,6.00,16.98
ORD_001879,CUST_00484,2026-02-20 22:35:00,UPI,Refunded,false,1,1,79.99,0.00,9.99,89.98,35.00,54.98
ORD_001880,CUST_00372,2026-01-09 09:43:35,PayPal,Completed,true,2,2,149.98,15.00,9.99,144.97,60.00,84.97
ORD_001881,CUST_00966,2025-08-10 18:16:17,Buy Now Pay Later,Completed,true,1,3,330.00,5.00,9.99,334.99,144.00,190.99
ORD_001882,CUST_00573,2025-07-06 23:37:07,Buy Now Pay Later,Completed,true,1,2,259.98,10.00,0.00,249.98,110.00,139.98
ORD_001883,CUST_00957,2025-08-31 08:33:22,Credit Card,Completed,true,2,4,519.98,10.00,4.99,514.97,226.00,288.97
ORD_001884,CUST_00468,2025-12-08 23:00:05,UPI,Cancelled,false,1,3,119.97,5.00,4.99,119.96,45.00,74.96
ORD_001885,CUST_00190,2026-02-19 11:02:14,Credit Card,Completed,true,1,3,68.97,0.00,4.99,73.96,18.00,55.96
ORD_001886,CUST_00730,2026-02-17 06:50:11,Buy Now Pay Later,Completed,true,1,2,179.98,0.00,0.00,179.98,60.00,119.98
ORD_001887,CUST_00343,2026-01-03 12:43:34,Apple Pay,Refunded,false,1,2,399.98,15.00,4.99,389.97,180.00,209.97
ORD_001888,CUST_00939,2025-08-28 18:21:19,Apple Pay,Completed,true,3,6,484.97,5.00,0.00,479.97,187.00,292.97
ORD_001889,CUST_00003,2026-02-12 17:53:26,Buy Now Pay Later,Refunded,false,1,1,110.00,5.00,0.00,105.00,48.00,57.00
ORD_001890,CUST_00961,2025-06-09 02:04:44,Credit Card,Completed,true,2,3,389.97,5.00,4.99,389.96,155.00,234.96
ORD_001891,CUST_00217,2025-09-06 18:24:34,Buy Now Pay Later,Completed,true,3,7,409.93,0.00,9.99,419.92,130.00,289.92
ORD_001892,CUST_00006,2025-07-12 12:08:06,Apple Pay,Completed,true,1,3,89.97,0.00,0.00,89.97,24.00,65.97
ORD_001893,CUST_00464,2025-10-17 08:40:37,Buy Now Pay Later,Completed,true,1,2,39.98,0.00,4.99,44.97,12.00,32.97
ORD_001894,CUST_00007,2026-01-30 13:55:24,Credit Card,Completed,true,1,1,110.00,10.00,9.99,109.99,48.00,61.99
ORD_001895,CUST_00119,2025-12-10 19:11:27,Apple Pay,Completed,true,4,7,444.94,15.00,0.00,429.94,156.00,273.94
ORD_001896,CUST_00902,2025-05-31 01:23:07,PayPal,Cancelled,false,1,1,29.99,0.00,9.99,39.98,11.00,28.98
ORD_001897,CUST_00045,2025-02-04 09:58:50,Credit Card,Completed,true,1,1,19.99,10.00,4.99,14.98,6.00,8.98
ORD_001898,CUST_00980,2026-02-17 05:06:14,Apple Pay,Completed,true,3,6,509.94,10.00,9.99,509.93,203.00,306.93
ORD_001899,CUST_00831,2025-05-16 11:31:37,PayPal,Refunded,false,2,4,109.96,10.00,9.99,109.95,32.00,77.95
ORD_001900,CUST_00135,2026-01-01 13:33:12,PayPal,Completed,true,4,7,319.93,0.00,4.99,324.92,121.00,203.92
ORD_001901,CUST_00924,2025-09-14 21:27:39,Buy Now Pay Later,Completed,true,1,3,599.97,0.00,4.99,604.96,270.00,334.96
ORD_001902,CUST_00626,2025-12-18 08:44:22,Apple Pay,Completed,true,2,4,319.96,0.00,0.00,319.96,132.00,187.96
ORD_001903,CUST_00537,2025-11-10 16:43:01,Apple Pay,Completed,true,3,6,189.94,0.00,4.99,194.93,65.00,129.93
ORD_001904,CUST_00764,2026-01-25 19:41:35,Apple Pay,Completed,true,1,2,45.98,0.00,9.99,55.97,12.00,43.97
ORD_001905,CUST_00954,2026-01-02 11:24:31,PayPal,Refunded,false,1,2,119.98,0.00,4.99,124.97,44.00,80.97
ORD_001906,CUST_00944,2026-02-20 01:56:47,Credit Card,Cancelled,false,4,9,939.91,0.00,4.99,944.90,394.00,550.90
ORD_001907,CUST_00052,2025-10-06 06:55:53,Apple Pay,Completed,true,1,2,299.98,0.00,0.00,299.98,130.00,169.98
ORD_001908,CUST_00164,2025-08-04 04:04:13,Buy Now Pay Later,Refunded,false,1,2,159.98,10.00,0.00,149.98,70.00,79.98
ORD_001909,CUST_00924,2025-12-22 11:19:14,Buy Now Pay Later,Completed,true,1,1,59.99,15.00,0.00,44.99,22.00,22.99
ORD_001910,CUST_00911,2025-05-31 11:15:29,Credit Card,Completed,true,4,8,379.92,0.00,9.99,389.91,133.00,256.91
ORD_001911,CUST_00966,2025-12-27 21:01:41,Credit Card,Cancelled,false,1,2,179.98,0.00,9.99,189.97,60.00,129.97
ORD_001912,CUST_00735,2026-01-28 18:52:55,PayPal,Completed,true,1,1,34.99,15.00,0.00,19.99,10.00,9.99
ORD_001913,CUST_00915,2025-03-15 19:43:42,Apple Pay,Cancelled,false,1,1,29.99,0.00,9.99,39.98,11.00,28.98
ORD_001914,CUST_00011,2025-10-22 22:38:12,Apple Pay,Completed,true,2,4,589.96,0.00,0.00,589.96,255.00,334.96
ORD_001915,CUST_00953,2025-06-26 20:05:32,Apple Pay,Completed,true,4,6,434.94,0.00,4.99,439.93,171.00,268.93
ORD_001916,CUST_00722,2025-09-27 13:28:53,Buy Now Pay Later,Completed,true,1,3,68.97,0.00,4.99,73.96,18.00,55.96
ORD_001917,CUST_00375,2026-01-08 18:35:09,Buy Now Pay Later,Completed,true,3,6,769.94,5.00,4.99,769.93,340.00,429.93
ORD_001918,CUST_00013,2025-06-08 07:53:24,Credit Card,Cancelled,false,3,4,244.96,0.00,0.00,244.96,100.00,144.96
ORD_001919,CUST_00519,2026-01-05 19:10:57,Credit Card,Cancelled,false,4,9,774.94,15.00,9.99,769.93,282.00,487.93
ORD_001920,CUST_00632,2025-12-24 06:11:39,Buy Now Pay Later,Refunded,false,1,2,239.98,0.00,9.99,249.97,90.00,159.97
ORD_001921,CUST_00151,2025-08-12 22:38:58,UPI,Completed,true,1,3,599.97,0.00,4.99,604.96,270.00,334.96
ORD_001922,CUST_00964,2025-10-06 00:55:02,Credit Card,Completed,true,2,4,174.96,5.00,9.99,179.95,55.00,124.95
ORD_001923,CUST_00397,2026-02-04 19:46:38,Apple Pay,Completed,true,1,3,359.97,5.00,9.99,364.96,135.00,229.96
ORD_001924,CUST_00697,2026-01-29 11:32:50,Apple Pay,Cancelled,false,3,3,169.98,0.00,9.99,179.97,55.00,124.97
ORD_001925,CUST_00403,2025-10-14 14:13:46,Credit Card,Completed,true,1,1,89.99,0.00,4.99,94.98,30.00,64.98
ORD_001926,CUST_00165,2025-12-23 15:33:40,Apple Pay,Completed,true,3,4,234.96,5.00,4.99,234.95,87.00,147.95
ORD_001927,CUST_00293,2025-08-09 20:51:27,PayPal,Completed,true,2,6,374.94,0.00,9.99,384.93,120.00,264.93
ORD_001928,CUST_00720,2026-02-16 03:25:46,Credit Card,Completed,true,1,1,119.99,0.00,4.99,124.98,45.00,79.98
ORD_001929,CUST_00016,2025-12-26 22:44:42,Apple Pay,Refunded,false,1,1,19.99,15.00,0.00,4.99,6.00,-1.01
ORD_001930,CUST_00006,2026-02-22 06:54:15,Credit Card,Refunded,false,2,2,49.98,0.00,0.00,49.98,14.00,35.98
ORD_001931,CUST_00091,2026-01-26 16:48:58,Apple Pay,Completed,true,1,3,119.97,10.00,0.00,109.97,45.00,64.97
ORD_001932,CUST_00343,2025-12-23 17:12:00,Apple Pay,Completed,true,2,4,127.96,10.00,4.99,122.95,36.00,86.95
ORD_001933,CUST_00090,2025-05-15 11:41:57,Credit Card,Refunded,false,2,2,79.98,0.00,4.99,84.97,28.00,56.97
ORD_001934,CUST_00430,2025-05-22 09:01:59,PayPal,Completed,true,3,5,319.97,0.00,9.99,329.96,133.00,196.96
ORD_001935,CUST_00475,2025-02-12 23:15:43,Apple Pay,Cancelled,false,2,2,109.98,0.00,0.00,109.98,46.00,63.98
ORD_001936,CUST_00731,2026-02-07 05:51:10,Credit Card,Completed,true,1,3,59.97,15.00,0.00,44.97,18.00,26.97
ORD_001937,CUST_00815,2025-10-17 08:49:06,Buy Now Pay Later,Completed,true,1,2,59.98,0.00,9.99,69.97,16.00,53.97
ORD_001938,CUST_00741,2025-12-24 10:42:46,Credit Card,Cancelled,false,1,3,149.97,5.00,0.00,144.97,60.00,84.97
ORD_001939,CUST_00448,2025-10-21 15:15:32,Buy Now Pay Later,Refunded,false,1,2,45.98,10.00,0.00,35.98,12.00,23.98
ORD_001940,CUST_00583,2026-02-14 09:27:43,Credit Card,Cancelled,false,4,8,459.92,0.00,9.99,469.91,154.00,315.91
ORD_001941,CUST_00784,2025-10-14 10:09:49,UPI,Completed,true,2,4,189.96,10.00,9.99,189.95,70.00,119.95
ORD_001942,CUST_00283,2025-12-26 20:35:20,UPI,Completed,true,3,3,119.97,0.00,9.99,129.96,43.00,86.96
ORD_001943,CUST_00182,2026-02-19 08:13:34,PayPal,Completed,true,2,4,108.96,15.00,0.00,93.96,33.00,60.96
ORD_001944,CUST_00061,2025-12-20 02:58:36,PayPal,Completed,true,1,3,119.97,0.00,9.99,129.96,36.00,93.96
ORD_001945,CUST_00135,2026-02-22 13:38:15,Buy Now Pay Later,Cancelled,false,1,3,59.97,0.00,9.99,69.96,18.00,51.96
ORD_001946,CUST_00201,2025-01-24 02:23:26,PayPal,Cancelled,false,1,1,79.99,0.00,0.00,79.99,35.00,44.99
ORD_001947,CUST_00284,2026-02-17 22:17:16,UPI,Cancelled,false,2,4,319.96,0.00,9.99,329.95,120.00,209.95
ORD_001948,CUST_00871,2025-08-10 06:21:52,Buy Now Pay Later,Cancelled,false,3,5,389.97,0.00,0.00,389.97,157.00,232.97
ORD_001949,CUST_00908,2025-03-04 02:07:35,Credit Card,Completed,true,1,2,49.98,0.00,9.99,59.97,16.00,43.97
ORD_001950,CUST_00733,2026-01-15 05:04:30,Buy Now Pay Later,Completed,true,3,7,389.96,0.00,4.99,394.95,116.00,278.95
ORD_001951,CUST_00230,2025-11-14 03:28:57,Credit Card,Completed,true,2,4,439.96,5.00,9.99,444.95,170.00,274.95
ORD_001952,CUST_00388,2026-02-16 11:24:49,Buy Now Pay Later,Refunded,false,1,1,89.99,10.00,9.99,89.98,30.00,59.98
ORD_001953,CUST_00123,2026-02-11 02:43:31,Buy Now Pay Later,Completed,true,1,2,45.98,0.00,0.00,45.98,12.00,33.98
ORD_001954,CUST_00402,2025-05-17 19:08:01,Credit Card,Completed,true,2,4,124.96,5.00,4.99,124.95,44.00,80.95
ORD_001955,CUST_00376,2025-12-14 05:16:03,PayPal,Refunded,false,3,6,229.94,0.00,4.99,234.93,79.00,155.93
ORD_001956,CUST_00087,2025-12-17 16:06:19,Apple Pay,Refunded,false,3,7,989.97,0.00,9.99,999.96,416.00,583.96
ORD_001957,CUST_00038,2026-01-11 14:07:55,Buy Now Pay Later,Completed,true,1,1,24.99,15.00,4.99,14.98,8.00,6.98
ORD_001958,CUST_00735,2025-12-31 09:24:14,Buy Now Pay Later,Refunded,false,1,2,159.98,0.00,9.99,169.97,70.00,99.97
ORD_001959,CUST_00172,2025-12-15 10:21:45,UPI,Completed,true,1,1,89.99,5.00,0.00,84.99,30.00,54.99
ORD_001960,CUST_00091,2026-01-18 02:34:36,Apple Pay,Completed,true,1,3,59.97,15.00,0.00,44.97,18.00,26.97
ORD_001961,CUST_00569,2025-11-07 14:32:42,Buy Now Pay Later,Completed,true,1,3,119.97,0.00,9.99,129.96,45.00,84.96
ORD_001962,CUST_00652,2025-07-09 10:23:00,UPI,Refunded,false,2,4,234.97,15.00,9.99,229.96,85.00,144.96
ORD_001963,CUST_00246,2025-12-21 18:51:58,UPI,Cancelled,false,1,2,170.00,10.00,9.99,169.99,50.00,119.99
ORD_001964,CUST_00226,2025-11-22 13:29:37,Apple Pay,Refunded,false,1,2,239.98,0.00,9.99,249.97,90.00,159.97
ORD_001965,CUST_00998,2025-08-14 18:10:54,PayPal,Completed,true,2,3,242.99,0.00,0.00,242.99,102.00,140.99
ORD_001966,CUST_00973,2025-10-10 11:43:05,Buy Now Pay Later,Cancelled,false,1,2,259.98,15.00,4.99,249.97,110.00,139.97
ORD_001967,CUST_00416,2025-11-24 16:26:53,Apple Pay,Completed,true,4,8,489.94,15.00,9.99,484.93,188.00,296.93
ORD_001968,CUST_00601,2026-02-11 02:14:24,PayPal,Cancelled,false,2,4,369.96,0.00,4.99,374.95,150.00,224.95
ORD_001969,CUST_00578,2025-09-04 18:20:52,Credit Card,Completed,true,1,2,170.00,10.00,4.99,164.99,50.00,114.99
ORD_001970,CUST_00214,2025-12-15 21:34:02,Credit Card,Completed,true,1,3,449.97,0.00,4.99,454.96,195.00,259.96
ORD_001971,CUST_00715,2025-06-07 16:31:16,Credit Card,Refunded,false,1,2,170.00,0.00,9.99,179.99,50.00,129.99
ORD_001972,CUST_00190,2026-02-18 07:29:38,UPI,Completed,true,2,4,519.98,10.00,4.99,514.97,226.00,288.97
ORD_001973,CUST_00187,2025-12-24 07:22:19,Apple Pay,Completed,true,1,3,104.97,0.00,0.00,104.97,30.00,74.97
ORD_001974,CUST_00603,2025-10-24 16:20:30,Apple Pay,Completed,true,1,3,149.97,0.00,0.00,149.97,60.00,89.97
ORD_001975,CUST_00558,2025-12-22 04:41:07,Apple Pay,Completed,true,1,2,179.98,5.00,0.00,174.98,60.00,114.98
ORD_001976,CUST_00908,2025-09-23 12:30:34,PayPal,Completed,true,2,5,659.95,10.00,4.99,654.94,292.00,362.94
ORD_001977,CUST_00232,2025-04-30 15:15:23,Apple Pay,Cancelled,false,3,3,152.97,5.00,9.99,157.96,61.00,96.96
ORD_001978,CUST_00082,2025-10-13 13:49:54,PayPal,Cancelled,false,2,3,175.97,0.00,4.99,180.96,67.00,113.96
ORD_001979,CUST_00836,2025-10-18 08:54:44,UPI,Cancelled,false,3,4,109.96,0.00,4.99,114.95,36.00,78.95
ORD_001980,CUST_00199,2026-02-15 07:08:59,PayPal,Completed,true,3,5,179.95,0.00,9.99,189.94,63.00,126.94
ORD_001981,CUST_00464,2025-09-26 07:53:56,PayPal,Refunded,false,1,2,299.98,5.00,0.00,294.98,130.00,164.98
ORD_001982,CUST_00004,2025-04-21 19:40:50,Credit Card,Completed,true,3,5,499.97,5.00,9.99,504.96,216.00,288.96
ORD_001983,CUST_00665,2025-10-26 01:18:12,PayPal,Cancelled,false,4,6,479.94,15.00,0.00,464.94,199.00,265.94
ORD_001984,CUST_00475,2025-06-25 04:05:03,Buy Now Pay Later,Completed,true,1,3,255.00,0.00,0.00,255.00,75.00,180.00
ORD_001985,CUST_00811,2025-08-06 04:18:46,Credit Card,Completed,true,2,2,159.98,5.00,0.00,154.98,63.00,91.98
ORD_001986,CUST_00203,2025-12-13 15:15:20,PayPal,Refunded,false,1,3,119.97,10.00,4.99,114.96,45.00,69.96
ORD_001987,CUST_00028,2026-02-16 10:06:46,PayPal,Cancelled,false,1,3,119.97,0.00,4.99,124.96,36.00,88.96
ORD_001988,CUST_00383,2025-12-16 23:52:57,UPI,Cancelled,false,2,4,239.96,0.00,0.00,239.96,90.00,149.96
ORD_001989,CUST_00631,2025-06-21 20:18:01,UPI,Refunded,false,2,6,509.94,0.00,4.99,514.93,195.00,319.93
ORD_001990,CUST_00849,2026-02-12 06:20:53,UPI,Completed,true,2,4,239.96,0.00,4.99,244.95,90.00,154.95
ORD_001991,CUST_00359,2025-02-24 21:09:05,Credit Card,Completed,true,1,3,599.97,10.00,4.99,594.96,270.00,324.96
ORD_001992,CUST_00192,2026-01-09 00:56:23,PayPal,Refunded,false,1,2,99.98,10.00,0.00,89.98,40.00,49.98
ORD_001993,CUST_00040,2026-01-24 02:45:40,Apple Pay,Completed,true,1,3,119.97,5.00,0.00,114.97,45.00,69.97
ORD_001994,CUST_00866,2026-01-22 13:08:56,UPI,Completed,true,3,8,503.95,15.00,0.00,488.95,153.00,335.95
ORD_001995,CUST_00946,2026-02-22 20:49:08,Apple Pay,Completed,true,2,4,209.96,5.00,0.00,204.96,70.00,134.96
ORD_001996,CUST_00135,2025-12-10 19:51:53,Credit Card,Completed,true,4,9,399.91,15.00,9.99,394.90,129.00,265.90
ORD_001997,CUST_00260,2025-10-24 21:38:53,PayPal,Completed,true,2,4,154.96,15.00,9.99,149.95,55.00,94.95
ORD_001998,CUST_00982,2026-01-02 20:20:29,PayPal,Completed,true,1,2,179.98,10.00,4.99,174.97,60.00,114.97
ORD_001999,CUST_00672,2025-05-19 21:58:55,Credit Card,Completed,true,1,3,119.97,0.00,0.00,119.97,36.00,83.97
ORD_002000,CUST_00057,2025-06-16 15:13:24,Credit Card,Completed,true,2,5,184.95,0.00,0.00,184.95,54.00,130.95
ORD_002001,CUST_00323,2025-08-23 16:18:00,Credit Card,Refunded,false,3,4,245.96,0.00,0.00,245.96,97.00,148.96
ORD_002002,CUST_00411,2025-03-15 10:25:43,UPI,Refunded,false,2,5,449.95,10.00,9.99,449.94,165.00,284.94
ORD_002003,CUST_00396,2025-08-13 03:52:21,Apple Pay,Completed,true,2,4,319.96,0.00,4.99,324.95,126.00,198.95
ORD_002004,CUST_00819,2025-06-20 23:30:56,Apple Pay,Cancelled,false,2,2,239.99,5.00,9.99,244.98,103.00,141.98
ORD_002005,CUST_00580,2026-02-14 06:04:27,Buy Now Pay Later,Cancelled,false,1,3,59.97,0.00,0.00,59.97,18.00,41.97
ORD_002006,CUST_00094,2025-09-29 03:12:09,UPI,Cancelled,false,1,3,74.97,10.00,4.99,69.96,24.00,45.96
ORD_002007,CUST_00509,2025-09-27 12:43:03,Apple Pay,Completed,true,1,1,79.99,0.00,0.00,79.99,35.00,44.99
ORD_002008,CUST_00446,2025-06-26 16:33:56,Credit Card,Cancelled,false,1,1,85.00,15.00,4.99,74.99,25.00,49.99
ORD_002009,CUST_00747,2026-01-10 17:29:53,PayPal,Completed,true,1,3,389.97,0.00,9.99,399.96,165.00,234.96
ORD_002010,CUST_00441,2026-02-15 04:46:07,UPI,Refunded,false,1,2,45.98,10.00,9.99,45.97,12.00,33.97
ORD_002011,CUST_00038,2026-01-23 18:22:50,UPI,Refunded,false,1,2,259.98,0.00,4.99,264.97,110.00,154.97
ORD_002012,CUST_00237,2025-03-13 21:21:05,UPI,Refunded,false,4,11,599.89,15.00,0.00,584.89,213.00,371.89
ORD_002013,CUST_00548,2025-11-11 00:10:13,PayPal,Completed,true,2,6,389.97,0.00,9.99,399.96,162.00,237.96
ORD_002014,CUST_00586,2026-02-21 03:26:49,UPI,Cancelled,false,2,4,149.96,10.00,0.00,139.96,56.00,83.96
ORD_002015,CUST_00193,2025-09-24 20:32:59,Credit Card,Refunded,false,2,2,184.98,0.00,0.00,184.98,75.00,109.98
ORD_002016,CUST_00163,2025-07-16 00:26:20,UPI,Refunded,false,1,2,159.98,0.00,4.99,164.97,70.00,94.97
ORD_002017,CUST_00290,2025-10-04 23:13:37,Credit Card,Cancelled,false,1,1,59.99,5.00,0.00,54.99,22.00,32.99
ORD_002018,CUST_00144,2025-12-07 05:25:56,UPI,Refunded,false,1,2,119.98,0.00,9.99,129.97,44.00,85.97
ORD_002019,CUST_00411,2025-09-18 04:01:56,UPI,Refunded,false,1,1,29.99,0.00,0.00,29.99,11.00,18.99
ORD_002020,CUST_00395,2025-12-13 15:45:35,Credit Card,Completed,true,2,3,434.97,0.00,0.00,434.97,190.00,244.97
ORD_002021,CUST_00362,2026-01-03 15:11:58,UPI,Cancelled,false,1,2,49.98,0.00,9.99,59.97,16.00,43.97
ORD_002022,CUST_00579,2025-12-20 06:18:49,Credit Card,Refunded,false,1,3,89.97,5.00,0.00,84.97,33.00,51.97
ORD_002023,CUST_00580,2026-01-22 15:49:43,PayPal,Completed,true,1,1,69.99,0.00,4.99,74.98,25.00,49.98
ORD_002024,CUST_00712,2025-08-25 08:24:42,Apple Pay,Refunded,false,1,1,79.99,0.00,4.99,84.98,35.00,49.98
ORD_002025,CUST_00166,2026-02-16 05:08:38,PayPal,Completed,true,1,1,24.99,5.00,4.99,24.98,8.00,16.98
ORD_002026,CUST_00874,2025-10-02 08:05:53,Buy Now Pay Later,Refunded,false,1,2,59.98,10.00,9.99,59.97,16.00,43.97
ORD_002027,CUST_00627,2025-12-17 05:53:20,Apple Pay,Completed,true,3,6,414.97,0.00,4.99,419.96,132.00,287.96
ORD_002028,CUST_00315,2025-12-23 14:35:02,Buy Now Pay Later,Completed,true,2,4,229.96,5.00,9.99,234.95,86.00,148.95
ORD_002029,CUST_00772,2026-02-16 21:10:01,Buy Now Pay Later,Completed,true,3,6,299.96,0.00,0.00,299.96,92.00,207.96
ORD_002030,CUST_00018,2025-10-22 06:13:08,UPI,Completed,true,1,1,34.99,0.00,9.99,44.98,10.00,34.98
ORD_002031,CUST_00620,2026-02-04 21:50:34,Buy Now Pay Later,Completed,true,2,5,144.95,15.00,9.99,139.94,44.00,95.94
ORD_002032,CUST_00103,2026-01-10 00:10:07,PayPal,Completed,true,1,1,79.99,10.00,4.99,74.98,35.00,39.98
ORD_002033,CUST_00708,2025-08-07 12:15:23,Apple Pay,Completed,true,3,6,729.94,0.00,9.99,739.93,309.00,430.93
ORD_002034,CUST_00727,2025-12-08 07:51:41,Credit Card,Completed,true,1,1,34.99,0.00,0.00,34.99,10.00,24.99
ORD_002035,CUST_00011,2025-09-30 14:42:27,Credit Card,Completed,true,1,1,19.99,0.00,4.99,24.98,6.00,18.98
ORD_002036,CUST_00741,2026-02-21 08:20:19,Credit Card,Completed,true,2,2,119.98,15.00,4.99,109.97,50.00,59.97
ORD_002037,CUST_00209,2026-02-12 20:05:19,Buy Now Pay Later,Completed,true,3,8,519.94,0.00,4.99,524.93,195.00,329.93
ORD_002038,CUST_00860,2025-12-17 03:34:12,PayPal,Completed,true,2,3,279.97,10.00,9.99,279.96,116.00,163.96
ORD_002039,CUST_00723,2026-02-02 23:24:42,UPI,Refunded,false,1,2,69.98,15.00,4.99,59.97,20.00,39.97
ORD_002040,CUST_00227,2025-05-02 19:58:06,Credit Card,Completed,true,1,1,22.99,10.00,4.99,17.98,6.00,11.98
ORD_002041,CUST_00304,2026-01-28 10:52:52,Apple Pay,Completed,true,3,5,459.95,0.00,0.00,459.95,180.00,279.95
ORD_002042,CUST_00272,2025-09-13 23:35:49,UPI,Completed,true,2,6,419.94,0.00,9.99,429.93,171.00,258.93
ORD_002043,CUST_00426,2026-01-21 02:07:30,Buy Now Pay Later,Cancelled,false,2,5,255.95,0.00,0.00,255.95,87.00,168.95
ORD_002044,CUST_00728,2025-09-18 22:50:00,Credit Card,Refunded,false,3,8,714.92,0.00,9.99,724.91,285.00,439.91
ORD_002045,CUST_00449,2025-12-07 03:26:15,PayPal,Completed,true,1,2,49.98,0.00,4.99,54.97,16.00,38.97
ORD_002046,CUST_00060,2025-07-08 12:26:20,Buy Now Pay Later,Completed,true,2,5,729.98,0.00,0.00,729.98,324.00,405.98
ORD_002047,CUST_00433,2025-09-12 03:54:54,PayPal,Completed,true,1,1,149.99,15.00,0.00,134.99,65.00,69.99
ORD_002048,CUST_00137,2025-12-06 14:10:22,PayPal,Completed,true,2,4,399.96,0.00,0.00,399.96,160.00,239.96
ORD_002049,CUST_00588,2026-02-27 03:37:28,PayPal,Completed,true,1,1,79.99,0.00,0.00,79.99,35.00,44.99
ORD_002050,CUST_00260,2025-12-13 06:52:42,UPI,Completed,true,1,2,99.98,15.00,4.99,89.97,40.00,49.97
ORD_002051,CUST_00956,2025-08-19 12:46:33,Credit Card,Completed,true,3,6,449.97,0.00,0.00,449.97,183.00,266.97
ORD_002052,CUST_00380,2025-06-14 15:10:57,Buy Now Pay Later,Completed,true,1,3,269.97,0.00,9.99,279.96,90.00,189.96
ORD_002053,CUST_00789,2026-01-22 13:30:33,PayPal,Completed,true,1,1,79.99,0.00,4.99,84.98,35.00,49.98
ORD_002054,CUST_00131,2025-09-20 09:40:53,Credit Card,Completed,true,1,2,69.98,15.00,0.00,54.98,20.00,34.98
ORD_002055,CUST_00735,2025-12-19 09:58:31,Credit Card,Completed,true,2,5,259.95,0.00,4.99,264.94,96.00,168.94
ORD_002056,CUST_00424,2026-01-14 07:55:41,UPI,Cancelled,false,3,6,239.94,15.00,9.99,234.93,86.00,148.93
ORD_002057,CUST_00109,2025-11-16 08:01:43,Buy Now Pay Later,Refunded,false,3,6,594.94,5.00,4.99,594.93,240.00,354.93
ORD_002058,CUST_00158,2025-12-27 14:52:31,Credit Card,Cancelled,false,1,1,39.99,0.00,9.99,49.98,15.00,34.98
ORD_002059,CUST_00160,2025-10-22 18:08:43,UPI,Refunded,false,1,2,69.98,15.00,4.99,59.97,20.00,39.97
ORD_002060,CUST_00777,2025-12-18 22:09:34,PayPal,Completed,true,2,4,129.96,0.00,4.99,134.95,39.00,95.95
ORD_002061,CUST_00463,2025-09-20 15:31:53,Credit Card,Completed,true,2,4,169.96,0.00,0.00,169.96,65.00,104.96
ORD_002062,CUST_00469,2026-01-11 02:11:47,UPI,Completed,true,1,3,330.00,15.00,9.99,324.99,144.00,180.99
ORD_002063,CUST_00629,2025-03-19 16:52:15,Credit Card,Cancelled,false,3,7,1019.93,5.00,4.99,1019.92,446.00,573.92
ORD_002064,CUST_00155,2025-10-12 13:03:58,PayPal,Completed,true,2,5,324.98,15.00,4.99,314.97,95.00,219.97
ORD_002065,CUST_00753,2026-01-18 17:35:11,UPI,Completed,true,1,3,269.97,0.00,4.99,274.96,90.00,184.96
ORD_002066,CUST_00261,2025-11-02 10:25:29,Apple Pay,Completed,true,2,2,174.99,0.00,4.99,179.98,55.00,124.98
ORD_002067,CUST_00116,2025-11-02 11:37:19,Buy Now Pay Later,Completed,true,1,3,449.97,15.00,4.99,439.96,195.00,244.96
ORD_002068,CUST_00392,2026-02-23 19:45:38,Apple Pay,Completed,true,3,5,230.95,0.00,4.99,235.94,90.00,145.94
ORD_002069,CUST_00313,2025-09-23 21:45:22,Credit Card,Refunded,false,1,2,170.00,10.00,4.99,164.99,50.00,114.99
ORD_002070,CUST_00476,2025-06-25 04:19:35,UPI,Completed,true,1,3,330.00,10.00,9.99,329.99,144.00,185.99
ORD_002071,CUST_00701,2025-06-23 11:19:57,UPI,Completed,true,2,5,374.95,15.00,4.99,364.94,154.00,210.94
ORD_002072,CUST_00719,2026-01-08 14:10:51,Apple Pay,Completed,true,1,2,49.98,0.00,9.99,59.97,16.00,43.97
ORD_002073,CUST_00239,2025-11-30 08:40:46,PayPal,Completed,true,1,1,39.99,5.00,4.99,39.98,12.00,27.98
ORD_002074,CUST_00934,2025-07-28 21:52:28,Apple Pay,Refunded,false,1,3,59.97,0.00,4.99,64.96,18.00,46.96
ORD_002075,CUST_00086,2025-05-02 13:42:06,PayPal,Refunded,false,1,1,110.00,10.00,9.99,109.99,48.00,61.99
ORD_002076,CUST_00607,2025-09-08 17:49:32,PayPal,Completed,true,1,3,59.97,0.00,0.00,59.97,18.00,41.97
ORD_002077,CUST_00326,2025-08-13 09:46:33,UPI,Cancelled,false,2,6,569.94,5.00,0.00,564.94,210.00,354.94
ORD_002078,CUST_00832,2025-04-08 16:21:16,PayPal,Cancelled,false,1,1,85.00,15.00,4.99,74.99,25.00,49.99
ORD_002079,CUST_00442,2025-07-13 15:36:20,Credit Card,Completed,true,1,3,104.97,10.00,9.99,104.96,30.00,74.96
ORD_002080,CUST_00685,2025-11-22 15:57:58,PayPal,Completed,true,1,3,74.97,15.00,0.00,59.97,24.00,35.97
ORD_002081,CUST_00552,2025-06-14 20:14:05,PayPal,Completed,true,1,1,22.99,0.00,9.99,32.98,6.00,26.98
ORD_002082,CUST_00839,2025-12-27 17:51:17,Credit Card,Completed,true,1,2,79.98,0.00,0.00,79.98,30.00,49.98
ORD_002083,CUST_00768,2025-09-16 04:36:55,UPI,Refunded,false,2,5,369.97,10.00,0.00,359.97,156.00,203.97
ORD_002084,CUST_00549,2026-01-14 00:49:10,Credit Card,Completed,true,1,3,239.97,0.00,9.99,249.96,105.00,144.96
ORD_002085,CUST_00335,2025-08-03 03:40:46,Credit Card,Refunded,false,2,3,189.97,0.00,0.00,189.97,69.00,120.97
ORD_002086,CUST_00182,2026-02-21 04:04:26,Apple Pay,Refunded,false,3,8,269.92,5.00,0.00,264.92,82.00,182.92
ORD_002087,CUST_00983,2025-08-29 17:28:17,Credit Card,Cancelled,false,1,3,209.97,15.00,4.99,199.96,75.00,124.96
ORD_002088,CUST_00446,2026-02-01 11:22:00,PayPal,Completed,true,1,3,269.97,0.00,9.99,279.96,90.00,189.96
ORD_002089,CUST_00953,2025-10-03 02:27:53,Apple Pay,Completed,true,1,3,74.97,0.00,0.00,74.97,24.00,50.97
ORD_002090,CUST_00066,2025-03-09 09:21:36,Credit Card,Completed,true,1,2,69.98,10.00,0.00,59.98,20.00,39.98
ORD_002091,CUST_00751,2026-02-16 23:54:54,UPI,Refunded,false,3,6,524.94,5.00,9.99,529.93,215.00,314.93
ORD_002092,CUST_00625,2026-01-24 15:38:33,PayPal,Refunded,false,1,3,89.97,0.00,9.99,99.96,24.00,75.96
ORD_002093,CUST_00716,2025-12-17 10:33:43,UPI,Completed,true,2,3,359.97,0.00,4.99,364.96,160.00,204.96
ORD_002094,CUST_00756,2025-09-09 03:16:01,PayPal,Cancelled,false,1,3,239.97,0.00,0.00,239.97,105.00,134.97
ORD_002095,CUST_00345,2025-08-10 15:16:37,Credit Card,Refunded,false,1,2,99.98,0.00,4.99,104.97,40.00,64.97
ORD_002096,CUST_00830,2025-05-02 23:05:08,Credit Card,Completed,true,1,2,59.98,0.00,9.99,69.97,16.00,53.97
ORD_002097,CUST_00567,2025-12-23 14:37:36,UPI,Completed,true,3,8,924.95,0.00,4.99,929.94,345.00,584.94
ORD_002098,CUST_00168,2026-02-15 00:55:03,PayPal,Completed,true,2,6,614.97,0.00,9.99,624.96,210.00,414.96
ORD_002099,CUST_00915,2025-07-11 08:49:53,Credit Card,Cancelled,false,2,5,244.97,5.00,4.99,244.96,74.00,170.96
ORD_002100,CUST_00651,2025-06-29 12:15:54,UPI,Cancelled,false,4,7,504.94,0.00,0.00,504.94,171.00,333.94
ORD_002101,CUST_00997,2025-11-18 16:51:07,PayPal,Completed,true,1,3,89.97,0.00,0.00,89.97,24.00,65.97
ORD_002102,CUST_00624,2025-09-25 15:31:13,UPI,Completed,true,2,6,449.94,0.00,0.00,449.94,159.00,290.94
ORD_002103,CUST_00746,2025-07-05 13:56:35,UPI,Refunded,false,1,2,159.98,5.00,4.99,159.97,70.00,89.97
ORD_002104,CUST_00098,2025-11-11 21:48:52,Credit Card,Completed,true,1,3,330.00,10.00,0.00,320.00,144.00,176.00
ORD_002105,CUST_00921,2026-01-16 21:07:03,Buy Now Pay Later,Refunded,false,1,1,34.99,0.00,0.00,34.99,10.00,24.99
ORD_002106,CUST_00479,2025-10-29 14:33:23,UPI,Completed,true,4,10,414.91,0.00,9.99,424.90,142.00,282.90
ORD_002107,CUST_00555,2025-09-19 11:43:26,PayPal,Completed,true,2,5,429.95,15.00,9.99,424.94,160.00,264.94
ORD_002108,CUST_00386,2025-12-12 05:43:22,Buy Now Pay Later,Cancelled,false,4,6,442.96,10.00,4.99,437.95,141.00,296.95
ORD_002109,CUST_00210,2025-09-18 05:07:11,PayPal,Refunded,false,2,5,284.95,0.00,4.99,289.94,90.00,199.94
ORD_002110,CUST_00688,2025-09-09 11:21:12,Buy Now Pay Later,Cancelled,false,2,3,149.97,0.00,9.99,159.96,55.00,104.96
ORD_002111,CUST_00275,2026-02-08 00:53:05,Buy Now Pay Later,Completed,true,1,2,170.00,5.00,4.99,169.99,50.00,119.99
ORD_002112,CUST_00065,2026-01-26 21:03:25,Credit Card,Completed,true,2,6,329.94,0.00,9.99,339.93,111.00,228.93
ORD_002113,CUST_00469,2025-10-22 21:17:52,Buy Now Pay Later,Cancelled,false,2,5,150.95,0.00,9.99,160.94,42.00,118.94
ORD_002114,CUST_00416,2026-01-11 19:19:38,PayPal,Completed,true,4,10,439.90,5.00,4.99,439.89,158.00,281.89
ORD_002115,CUST_00352,2025-06-07 13:13:24,Apple Pay,Completed,true,2,6,323.97,0.00,4.99,328.96,93.00,235.96
ORD_002116,CUST_00029,2025-10-01 13:57:47,Buy Now Pay Later,Completed,true,1,2,170.00,0.00,9.99,179.99,50.00,129.99
ORD_002117,CUST_00897,2025-12-24 11:26:11,Credit Card,Completed,true,4,9,889.91,0.00,4.99,894.90,355.00,539.90
ORD_002118,CUST_00617,2026-01-24 09:12:32,Buy Now Pay Later,Completed,true,3,3,147.97,0.00,4.99,152.96,46.00,106.96
ORD_002119,CUST_00570,2026-01-29 02:43:29,Buy Now Pay Later,Refunded,false,2,4,749.96,5.00,4.99,749.95,335.00,414.95
ORD_002120,CUST_00634,2026-02-01 19:53:51,UPI,Cancelled,false,1,1,49.99,10.00,4.99,44.98,20.00,24.98
ORD_002121,CUST_00015,2025-09-21 11:19:25,Credit Card,Completed,true,2,5,639.95,0.00,0.00,639.95,285.00,354.95
ORD_002122,CUST_00738,2025-09-16 20:37:27,PayPal,Cancelled,false,1,1,34.99,10.00,4.99,29.98,10.00,19.98
ORD_002123,CUST_00934,2025-07-28 10:09:53,PayPal,Completed,true,1,2,45.98,0.00,9.99,55.97,12.00,43.97
ORD_002124,CUST_00555,2025-09-15 19:45:28,Credit Card,Completed,true,1,3,599.97,10.00,4.99,594.96,270.00,324.96
ORD_002125,CUST_00122,2026-02-23 07:57:25,PayPal,Completed,true,1,2,399.98,0.00,0.00,399.98,180.00,219.98
ORD_002126,CUST_00382,2025-10-05 00:46:49,PayPal,Completed,true,1,3,179.97,0.00,4.99,184.96,66.00,118.96
ORD_002127,CUST_00610,2025-11-14 17:04:03,UPI,Completed,true,1,2,299.98,5.00,9.99,304.97,130.00,174.97
ORD_002128,CUST_00169,2026-01-08 15:33:54,Apple Pay,Completed,true,1,3,119.97,0.00,4.99,124.96,45.00,79.96
ORD_002129,CUST_00612,2025-11-14 19:59:33,PayPal,Completed,true,1,1,19.99,0.00,0.00,19.99,6.00,13.99
ORD_002130,CUST_00624,2025-08-28 14:22:49,Apple Pay,Completed,true,1,2,119.98,5.00,0.00,114.98,44.00,70.98
ORD_002131,CUST_00315,2025-09-25 19:32:18,Apple Pay,Completed,true,1,3,179.97,15.00,4.99,169.96,66.00,103.96
ORD_002132,CUST_00229,2025-12-26 10:19:08,Apple Pay,Completed,true,1,1,119.99,10.00,0.00,109.99,45.00,64.99
ORD_002133,CUST_00501,2025-11-27 11:43:52,PayPal,Completed,true,1,3,330.00,0.00,0.00,330.00,144.00,186.00
ORD_002134,CUST_00849,2026-02-05 22:39:28,PayPal,Refunded,false,1,1,119.99,5.00,0.00,114.99,45.00,69.99
ORD_002135,CUST_00953,2025-05-13 03:15:05,UPI,Cancelled,false,2,3,199.97,15.00,4.99,189.96,75.00,114.96
ORD_002136,CUST_00791,2025-10-22 02:36:07,Apple Pay,Refunded,false,2,5,579.97,10.00,4.99,574.96,231.00,343.96
ORD_002137,CUST_00176,2025-05-07 20:08:33,Apple Pay,Refunded,false,2,3,309.99,0.00,9.99,319.98,126.00,193.98
ORD_002138,CUST_00119,2025-11-12 20:03:58,Credit Card,Completed,true,1,1,85.00,0.00,4.99,89.99,25.00,64.99
ORD_002139,CUST_00345,2025-06-16 19:30:40,Apple Pay,Refunded,false,3,6,739.96,10.00,0.00,729.96,320.00,409.96
ORD_002140,CUST_00276,2025-08-12 01:30:37,UPI,Completed,true,2,6,404.97,0.00,4.99,409.96,168.00,241.96
ORD_002141,CUST_00762,2026-01-09 11:48:59,Buy Now Pay Later,Completed,true,3,5,329.97,10.00,4.99,324.96,138.00,186.96
ORD_002142,CUST_00297,2026-02-13 19:26:28,Buy Now Pay Later,Completed,true,1,1,119.99,5.00,9.99,124.98,45.00,79.98
ORD_002143,CUST_00228,2025-10-07 12:02:59,PayPal,Completed,true,2,4,409.96,0.00,9.99,419.95,171.00,248.95
ORD_002144,CUST_00534,2025-06-21 22:29:08,Buy Now Pay Later,Completed,true,3,4,194.97,10.00,0.00,184.97,57.00,127.97
ORD_002145,CUST_00492,2025-11-01 04:38:25,PayPal,Completed,true,1,2,119.98,10.00,4.99,114.97,44.00,70.97
ORD_002146,CUST_00701,2025-03-04 02:28:47,UPI,Completed,true,1,2,59.98,15.00,4.99,49.97,22.00,27.97
ORD_002147,CUST_00852,2025-12-27 19:38:49,Buy Now Pay Later,Completed,true,3,6,459.94,0.00,0.00,459.94,163.00,296.94
ORD_002148,CUST_00436,2025-11-03 22:39:43,Credit Card,Completed,true,1,3,104.97,5.00,4.99,104.96,30.00,74.96
ORD_002149,CUST_00491,2026-01-06 09:25:37,Buy Now Pay Later,Cancelled,false,1,1,89.99,10.00,4.99,84.98,30.00,54.98
ORD_002150,CUST_00318,2025-07-22 20:46:01,UPI,Completed,true,3,5,184.95,5.00,9.99,189.94,60.00,129.94
ORD_002151,CUST_00625,2026-01-24 00:27:03,Buy Now Pay Later,Refunded,false,2,6,839.94,0.00,0.00,839.94,375.00,464.94
ORD_002152,CUST_00349,2026-02-13 00:28:30,Apple Pay,Completed,true,2,2,142.98,15.00,9.99,137.97,51.00,86.97
ORD_002153,CUST_00722,2025-09-06 22:11:17,Apple Pay,Refunded,false,2,4,179.96,0.00,0.00,179.96,60.00,119.96
ORD_002154,CUST_00754,2026-02-15 10:41:51,Buy Now Pay Later,Refunded,false,1,2,170.00,15.00,4.99,159.99,50.00,109.99
ORD_002155,CUST_00449,2025-10-23 08:17:58,Buy Now Pay Later,Refunded,false,3,6,489.96,15.00,9.99,484.95,197.00,287.95
ORD_002156,CUST_00969,2026-02-27 13:20:18,PayPal,Cancelled,false,1,1,34.99,0.00,0.00,34.99,10.00,24.99
ORD_002157,CUST_00452,2026-02-09 04:54:15,Buy Now Pay Later,Completed,true,2,4,384.99,0.00,4.99,389.98,130.00,259.98
ORD_002158,CUST_00655,2026-02-09 16:31:09,Apple Pay,Completed,true,3,5,369.95,10.00,9.99,369.94,157.00,212.94
ORD_002159,CUST_00809,2025-10-18 23:46:06,Buy Now Pay Later,Completed,true,1,1,89.99,10.00,4.99,84.98,30.00,54.98
ORD_002160,CUST_00085,2025-05-27 19:36:46,Buy Now Pay Later,Cancelled,false,1,2,159.98,0.00,9.99,169.97,70.00,99.97
ORD_002161,CUST_00771,2025-09-10 01:17:36,Buy Now Pay Later,Refunded,false,1,2,259.98,10.00,0.00,249.98,110.00,139.98
ORD_002162,CUST_00855,2025-10-09 01:21:34,Credit Card,Completed,true,1,3,449.97,10.00,0.00,439.97,195.00,244.97
ORD_002163,CUST_00815,2025-10-15 19:36:09,Apple Pay,Completed,true,1,1,34.99,0.00,4.99,39.98,10.00,29.98
ORD_002164,CUST_00574,2026-02-10 18:53:45,Apple Pay,Completed,true,3,9,539.91,0.00,0.00,539.91,189.00,350.91
ORD_002165,CUST_00769,2026-01-21 18:42:15,PayPal,Cancelled,false,1,1,79.99,15.00,4.99,69.98,35.00,34.98
ORD_002166,CUST_00690,2026-01-23 12:28:38,Buy Now Pay Later,Completed,true,2,2,134.99,10.00,0.00,124.99,45.00,79.99
ORD_002167,CUST_00255,2026-02-27 20:48:22,PayPal,Refunded,false,1,3,104.97,5.00,4.99,104.96,30.00,74.96
ORD_002168,CUST_00887,2026-02-10 21:55:43,Credit Card,Completed,true,1,3,59.97,0.00,9.99,69.96,18.00,51.96
ORD_002169,CUST_00544,2026-01-04 03:38:13,Apple Pay,Refunded,false,2,2,79.98,0.00,4.99,84.97,28.00,56.97
ORD_002170,CUST_00307,2025-09-18 05:05:49,Buy Now Pay Later,Cancelled,false,1,2,139.98,0.00,4.99,144.97,50.00,94.97
ORD_002171,CUST_00211,2025-11-12 12:25:40,Apple Pay,Completed,true,1,3,89.97,0.00,0.00,89.97,33.00,56.97
ORD_002172,CUST_00738,2025-12-07 02:34:13,Credit Card,Completed,true,2,4,184.97,0.00,9.99,194.96,72.00,122.96
ORD_002173,CUST_00642,2026-01-01 09:53:01,Apple Pay,Refunded,false,1,2,39.98,0.00,4.99,44.97,12.00,32.97
ORD_002174,CUST_00682,2025-05-23 04:38:15,UPI,Completed,true,2,4,294.97,0.00,9.99,304.96,100.00,204.96
ORD_002175,CUST_00366,2025-12-25 11:21:50,Buy Now Pay Later,Completed,true,1,1,59.99,0.00,4.99,64.98,22.00,42.98
ORD_002176,CUST_00676,2025-09-15 14:44:13,PayPal,Refunded,false,3,8,554.95,5.00,0.00,549.95,171.00,378.95
ORD_002177,CUST_00785,2026-02-15 02:43:44,PayPal,Completed,true,1,3,449.97,0.00,4.99,454.96,195.00,259.96
ORD_002178,CUST_00085,2025-08-11 17:40:20,Credit Card,Completed,true,1,3,59.97,0.00,0.00,59.97,18.00,41.97
ORD_002179,CUST_00714,2026-01-09 15:40:02,Apple Pay,Completed,true,2,4,349.96,10.00,9.99,349.95,146.00,203.95
ORD_002180,CUST_00044,2026-02-04 18:56:45,PayPal,Completed,true,1,2,45.98,10.00,0.00,35.98,12.00,23.98
ORD_002181,CUST_00220,2025-02-26 12:14:41,PayPal,Completed,true,1,3,59.97,0.00,4.99,64.96,18.00,46.96
ORD_002182,CUST_00894,2025-08-24 20:18:22,Buy Now Pay Later,Completed,true,2,4,124.96,0.00,9.99,134.95,43.00,91.95
ORD_002183,CUST_00325,2025-12-15 13:01:51,UPI,Completed,true,3,8,729.92,5.00,4.99,729.91,308.00,421.91
ORD_002184,CUST_00881,2025-10-09 06:44:38,Apple Pay,Cancelled,false,4,10,570.90,10.00,9.99,570.89,207.00,363.89
ORD_002185,CUST_00893,2025-08-28 21:20:39,UPI,Completed,true,1,1,119.99,0.00,9.99,129.98,45.00,84.98
ORD_002186,CUST_00867,2026-01-10 16:18:02,UPI,Completed,true,1,3,74.97,0.00,9.99,84.96,24.00,60.96
ORD_002187,CUST_00983,2025-11-04 14:48:27,PayPal,Completed,true,2,3,174.97,15.00,0.00,159.97,60.00,99.97
ORD_002188,CUST_00605,2026-02-25 14:35:07,UPI,Refunded,false,3,8,259.92,10.00,4.99,254.91,76.00,178.91
ORD_002189,CUST_00985,2026-02-08 08:59:24,UPI,Completed,true,2,3,164.97,0.00,4.99,169.96,58.00,111.96
ORD_002190,CUST_00097,2025-08-01 14:15:52,Apple Pay,Cancelled,false,1,1,79.99,10.00,0.00,69.99,35.00,34.99
ORD_002191,CUST_00525,2025-12-21 18:13:13,Apple Pay,Completed,true,1,2,79.98,5.00,0.00,74.98,30.00,44.98
ORD_002192,CUST_00807,2025-12-22 01:41:36,Credit Card,Completed,true,3,8,899.92,0.00,9.99,909.91,345.00,564.91
ORD_002193,CUST_00462,2026-02-13 18:17:22,Credit Card,Completed,true,1,3,104.97,0.00,0.00,104.97,30.00,74.97
ORD_002194,CUST_00707,2026-02-12 05:04:29,PayPal,Cancelled,false,2,4,169.96,10.00,0.00,159.96,60.00,99.96
ORD_002195,CUST_00800,2025-06-30 10:31:52,Apple Pay,Refunded,false,2,4,319.96,15.00,9.99,314.95,126.00,188.95
ORD_002196,CUST_00946,2025-11-05 13:00:31,Buy Now Pay Later,Completed,true,2,3,75.97,0.00,9.99,85.96,23.00,62.96
ORD_002197,CUST_00763,2026-02-13 16:31:33,Apple Pay,Completed,true,3,5,124.95,0.00,0.00,124.95,38.00,86.95
ORD_002198,CUST_00813,2025-04-16 12:10:29,PayPal,Completed,true,1,1,34.99,15.00,9.99,29.98,10.00,19.98
ORD_002199,CUST_00430,2025-03-21 15:00:19,Apple Pay,Completed,true,2,5,769.97,0.00,0.00,769.97,320.00,449.97
ORD_002200,CUST_00442,2025-03-27 18:38:05,PayPal,Cancelled,false,1,3,599.97,5.00,0.00,594.97,270.00,324.97
ORD_002201,CUST_00409,2025-11-18 20:05:50,Buy Now Pay Later,Cancelled,false,2,3,439.97,0.00,0.00,439.97,195.00,244.97
ORD_002202,CUST_00401,2025-12-31 12:24:29,UPI,Cancelled,false,1,3,104.97,0.00,0.00,104.97,30.00,74.97
ORD_002203,CUST_00598,2025-02-28 00:43:36,Credit Card,Completed,true,1,1,39.99,10.00,4.99,34.98,12.00,22.98
ORD_002204,CUST_00099,2025-09-03 10:26:17,UPI,Completed,true,1,1,34.99,0.00,0.00,34.99,10.00,24.99
ORD_002205,CUST_00631,2026-01-18 15:05:51,PayPal,Completed,true,1,1,199.99,15.00,4.99,189.98,90.00,99.98
ORD_002206,CUST_00096,2026-01-16 22:20:10,Buy Now Pay Later,Completed,true,2,3,174.97,0.00,9.99,184.96,60.00,124.96
ORD_002207,CUST_00671,2025-08-12 23:16:27,Apple Pay,Completed,true,1,3,149.97,0.00,4.99,154.96,60.00,94.96
ORD_002208,CUST_00793,2025-10-08 00:27:04,Buy Now Pay Later,Cancelled,false,1,1,49.99,5.00,0.00,44.99,20.00,24.99
ORD_002209,CUST_00561,2025-09-05 21:00:01,Credit Card,Completed,true,3,4,184.96,0.00,4.99,189.95,65.00,124.95
ORD_002210,CUST_00301,2025-10-03 08:02:24,Credit Card,Completed,true,1,1,129.99,15.00,4.99,119.98,55.00,64.98
ORD_002211,CUST_00351,2025-05-29 06:45:15,Credit Card,Completed,true,3,7,444.93,15.00,9.99,439.92,170.00,269.92
ORD_002212,CUST_00760,2026-02-02 19:56:17,Credit Card,Completed,true,2,4,309.96,5.00,9.99,314.95,102.00,212.95
ORD_002213,CUST_00188,2026-01-26 10:07:54,UPI,Cancelled,false,2,3,349.97,0.00,0.00,349.97,150.00,199.97
ORD_002214,CUST_00668,2025-12-26 04:16:40,Apple Pay,Refunded,false,3,8,388.92,0.00,4.99,393.91,153.00,240.91
ORD_002215,CUST_00115,2025-10-30 23:46:04,Credit Card,Completed,true,1,2,99.98,10.00,9.99,99.97,40.00,59.97
ORD_002216,CUST_00979,2026-02-13 01:58:57,Apple Pay,Refunded,false,3,9,719.91,10.00,4.99,714.90,273.00,441.90
ORD_002217,CUST_00907,2025-08-07 09:12:07,UPI,Completed,true,1,1,19.99,10.00,9.99,19.98,6.00,13.98
ORD_002218,CUST_00220,2025-08-22 08:17:15,Apple Pay,Completed,true,4,8,309.92,0.00,4.99,314.91,99.00,215.91
ORD_002219,CUST_00449,2025-09-21 10:49:53,Buy Now Pay Later,Refunded,false,1,3,599.97,5.00,4.99,599.96,270.00,329.96
ORD_002220,CUST_00134,2025-10-19 08:41:24,Buy Now Pay Later,Completed,true,1,1,199.99,5.00,9.99,204.98,90.00,114.98
ORD_002221,CUST_00403,2025-11-29 02:10:26,Buy Now Pay Later,Cancelled,false,2,5,499.95,0.00,4.99,504.94,211.00,293.94
ORD_002222,CUST_00448,2025-11-02 02:08:23,Buy Now Pay Later,Completed,true,3,7,839.93,0.00,0.00,839.93,346.00,493.93
ORD_002223,CUST_00281,2025-09-17 15:46:17,PayPal,Completed,true,1,1,79.99,0.00,0.00,79.99,35.00,44.99
ORD_002224,CUST_00762,2026-02-16 12:38:35,PayPal,Cancelled,false,3,3,229.98,0.00,0.00,229.98,98.00,131.98
ORD_002225,CUST_00022,2025-03-27 12:11:39,UPI,Refunded,false,2,3,299.97,15.00,9.99,294.96,112.00,182.96
ORD_002226,CUST_00608,2025-05-01 10:05:00,Buy Now Pay Later,Refunded,false,1,1,29.99,10.00,9.99,29.98,8.00,21.98
ORD_002227,CUST_00125,2025-11-05 00:55:14,Credit Card,Completed,true,1,2,159.98,0.00,9.99,169.97,70.00,99.97
ORD_002228,CUST_00582,2026-01-17 18:00:30,Buy Now Pay Later,Completed,true,1,3,119.97,0.00,4.99,124.96,36.00,88.96
ORD_002229,CUST_00545,2026-01-02 03:16:31,Buy Now Pay Later,Refunded,false,2,5,654.98,5.00,0.00,649.98,255.00,394.98
ORD_002230,CUST_00308,2025-03-21 23:03:04,Credit Card,Refunded,false,1,1,34.99,5.00,0.00,29.99,10.00,19.99
ORD_002231,CUST_00024,2025-12-25 01:58:27,Credit Card,Refunded,false,2,4,444.97,5.00,0.00,439.97,160.00,279.97
ORD_002232,CUST_00976,2025-09-13 08:53:15,Buy Now Pay Later,Completed,true,3,8,779.92,0.00,9.99,789.91,319.00,470.91
ORD_002233,CUST_00711,2025-11-14 21:42:41,PayPal,Completed,true,2,5,224.95,0.00,0.00,224.95,74.00,150.95
ORD_002234,CUST_00825,2025-07-03 01:27:12,UPI,Completed,true,1,2,299.98,0.00,4.99,304.97,130.00,174.97
ORD_002235,CUST_00031,2025-11-28 17:12:27,Apple Pay,Completed,true,1,2,69.98,10.00,9.99,69.97,20.00,49.97
ORD_002236,CUST_00596,2026-02-21 19:16:07,Credit Card,Completed,true,3,5,149.95,15.00,0.00,134.95,54.00,80.95
ORD_002237,CUST_00274,2025-08-16 01:53:52,PayPal,Completed,true,2,4,412.96,15.00,9.99,407.95,171.00,236.95
ORD_002238,CUST_00228,2025-12-08 06:31:06,PayPal,Completed,true,2,4,299.96,0.00,4.99,304.95,127.00,177.95
ORD_002239,CUST_00355,2025-09-10 14:40:00,PayPal,Completed,true,1,2,299.98,0.00,4.99,304.97,130.00,174.97
ORD_002240,CUST_00653,2025-07-02 16:30:44,Credit Card,Completed,true,1,1,119.99,0.00,4.99,124.98,45.00,79.98
ORD_002241,CUST_00302,2026-01-08 12:19:50,Apple Pay,Completed,true,2,4,142.96,10.00,9.99,142.95,51.00,91.95
ORD_002242,CUST_00119,2026-01-23 09:30:30,Apple Pay,Completed,true,3,6,679.95,10.00,0.00,669.95,268.00,401.95
ORD_002243,CUST_00905,2025-07-10 18:41:23,Apple Pay,Completed,true,1,2,179.98,0.00,0.00,179.98,60.00,119.98
ORD_002244,CUST_00419,2025-06-27 21:31:51,PayPal,Completed,true,1,2,45.98,0.00,9.99,55.97,12.00,43.97
ORD_002245,CUST_00089,2025-02-27 01:09:55,UPI,Completed,true,2,3,139.97,0.00,9.99,149.96,46.00,103.96
ORD_002246,CUST_00092,2026-01-20 01:57:24,Credit Card,Completed,true,2,5,138.95,15.00,4.99,128.94,38.00,90.94
ORD_002247,CUST_00440,2025-12-08 02:35:19,Credit Card,Completed,true,1,2,69.98,0.00,4.99,74.97,20.00,54.97
ORD_002248,CUST_00671,2025-05-22 13:57:22,Buy Now Pay Later,Completed,true,4,5,389.95,0.00,0.00,389.95,143.00,246.95
ORD_002249,CUST_00375,2025-11-13 13:57:07,Apple Pay,Cancelled,false,2,3,144.97,5.00,0.00,139.97,52.00,87.97
ORD_002250,CUST_00572,2025-10-16 08:25:08,PayPal,Completed,true,1,2,39.98,10.00,0.00,29.98,12.00,17.98
ORD_002251,CUST_00776,2026-01-02 07:25:48,Credit Card,Cancelled,false,2,5,269.95,5.00,4.99,269.94,93.00,176.94
ORD_002252,CUST_00868,2026-02-07 13:40:04,Credit Card,Cancelled,false,3,7,549.96,0.00,4.99,554.95,224.00,330.95
ORD_002253,CUST_00873,2026-02-15 04:04:43,PayPal,Refunded,false,3,7,284.93,5.00,0.00,279.93,88.00,191.93
ORD_002254,CUST_00213,2025-10-09 14:04:59,Buy Now Pay Later,Completed,true,1,3,149.97,10.00,4.99,144.96,60.00,84.96
ORD_002255,CUST_00495,2026-02-08 04:38:56,Apple Pay,Completed,true,1,1,149.99,0.00,0.00,149.99,65.00,84.99
ORD_002256,CUST_00315,2025-12-30 05:14:09,Credit Card,Completed,true,3,7,288.93,0.00,0.00,288.93,98.00,190.93
ORD_002257,CUST_00864,2025-10-26 21:22:05,Buy Now Pay Later,Refunded,false,2,2,199.99,0.00,4.99,204.98,78.00,126.98
ORD_002258,CUST_00994,2026-01-05 23:23:54,Buy Now Pay Later,Cancelled,false,2,3,249.97,0.00,0.00,249.97,99.00,150.97
ORD_002259,CUST_00560,2026-02-03 06:16:28,UPI,Completed,true,2,3,269.97,0.00,9.99,279.96,101.00,178.96
ORD_002260,CUST_00231,2025-07-10 01:07:46,Credit Card,Cancelled,false,2,6,269.94,10.00,0.00,259.94,90.00,169.94
ORD_002261,CUST_00284,2025-12-11 21:13:15,Apple Pay,Completed,true,2,2,154.99,0.00,0.00,154.99,50.00,104.99
ORD_002262,CUST_00045,2025-05-31 01:59:27,Apple Pay,Completed,true,1,1,110.00,0.00,0.00,110.00,48.00,62.00
ORD_002263,CUST_00822,2025-09-03 09:26:29,Buy Now Pay Later,Completed,true,3,4,369.96,0.00,9.99,379.95,155.00,224.95
ORD_002264,CUST_00509,2025-07-05 20:20:39,PayPal,Completed,true,2,2,99.98,0.00,0.00,99.98,33.00,66.98
ORD_002265,CUST_00716,2025-12-17 22:07:43,Credit Card,Completed,true,2,2,57.98,10.00,9.99,57.97,16.00,41.97
ORD_002266,CUST_00827,2025-09-11 14:14:45,Credit Card,Completed,true,3,8,314.92,0.00,0.00,314.92,104.00,210.92
ORD_002267,CUST_00102,2026-01-29 07:32:26,PayPal,Cancelled,false,2,5,549.95,15.00,4.99,539.94,240.00,299.94
ORD_002268,CUST_00733,2026-01-23 17:50:01,Apple Pay,Completed,true,2,5,204.95,10.00,9.99,204.94,70.00,134.94
ORD_002269,CUST_00842,2025-12-06 11:40:02,Apple Pay,Completed,true,3,6,569.94,0.00,4.99,574.93,240.00,334.93
ORD_002270,CUST_00170,2026-01-15 03:00:17,UPI,Completed,true,1,3,269.97,10.00,9.99,269.96,90.00,179.96
ORD_002271,CUST_00763,2026-01-07 04:21:17,PayPal,Completed,true,1,2,59.98,10.00,0.00,49.98,22.00,27.98
ORD_002272,CUST_00115,2025-11-25 19:20:50,Credit Card,Completed,true,1,3,68.97,15.00,9.99,63.96,18.00,45.96
ORD_002273,CUST_00482,2025-09-29 09:36:31,UPI,Completed,true,3,5,259.96,0.00,4.99,264.95,80.00,184.95
ORD_002274,CUST_00497,2026-01-07 17:17:44,Credit Card,Completed,true,1,1,19.99,10.00,0.00,9.99,6.00,3.99
ORD_002275,CUST_00818,2025-12-15 21:36:28,UPI,Refunded,false,1,3,68.97,0.00,4.99,73.96,18.00,55.96
ORD_002276,CUST_00033,2025-09-05 06:40:11,UPI,Completed,true,2,2,84.98,0.00,0.00,84.98,30.00,54.98
ORD_002277,CUST_00994,2026-02-16 04:43:14,UPI,Completed,true,1,3,599.97,5.00,9.99,604.96,270.00,334.96
ORD_002278,CUST_00361,2025-12-20 17:52:52,UPI,Completed,true,1,3,119.97,0.00,4.99,124.96,36.00,88.96
ORD_002279,CUST_00700,2025-11-02 13:28:17,Apple Pay,Completed,true,1,3,149.97,0.00,9.99,159.96,60.00,99.96
ORD_002280,CUST_00767,2025-07-11 03:19:47,PayPal,Completed,true,1,2,99.98,5.00,4.99,99.97,40.00,59.97
ORD_002281,CUST_00075,2025-03-19 00:02:32,Buy Now Pay Later,Completed,true,3,5,354.98,0.00,9.99,364.97,137.00,227.97
ORD_002282,CUST_00869,2025-10-17 21:01:09,PayPal,Cancelled,false,2,5,168.95,0.00,9.99,178.94,58.00,120.94
ORD_002283,CUST_00876,2026-02-07 00:49:53,Credit Card,Refunded,false,1,3,239.97,0.00,4.99,244.96,105.00,139.96
ORD_002284,CUST_00436,2025-10-01 23:35:49,Apple Pay,Completed,true,3,5,789.95,0.00,0.00,789.95,335.00,454.95
ORD_002285,CUST_00737,2026-02-06 17:14:29,PayPal,Cancelled,false,2,4,249.96,5.00,9.99,254.95,91.00,163.95
ORD_002286,CUST_00889,2026-01-19 13:47:34,Apple Pay,Completed,true,1,1,129.99,0.00,0.00,129.99,55.00,74.99
ORD_002287,CUST_00840,2025-08-06 16:57:23,Buy Now Pay Later,Completed,true,3,5,154.95,5.00,9.99,159.94,52.00,107.94
ORD_002288,CUST_00484,2026-01-05 15:01:53,Credit Card,Refunded,false,1,2,99.98,0.00,9.99,109.97,40.00,69.97
ORD_002289,CUST_00930,2026-02-05 20:54:52,Buy Now Pay Later,Completed,true,3,5,499.97,10.00,4.99,494.96,201.00,293.96
ORD_002290,CUST_00266,2026-01-19 14:25:46,UPI,Completed,true,3,4,409.96,0.00,9.99,419.95,161.00,258.95
ORD_002291,CUST_00806,2026-01-16 14:40:29,UPI,Completed,true,2,2,144.99,5.00,4.99,144.98,58.00,86.98
ORD_002292,CUST_00367,2025-08-03 18:49:29,Buy Now Pay Later,Completed,true,1,2,59.98,0.00,0.00,59.98,22.00,37.98
ORD_002293,CUST_00126,2025-12-10 22:03:27,Credit Card,Completed,true,3,4,302.96,5.00,9.99,307.95,108.00,199.95
ORD_002294,CUST_00326,2025-08-09 22:44:16,Apple Pay,Completed,true,2,5,329.95,0.00,0.00,329.95,112.00,217.95
ORD_002295,CUST_00723,2026-02-07 18:11:56,PayPal,Cancelled,false,1,2,399.98,0.00,9.99,409.97,180.00,229.97
ORD_002296,CUST_00266,2026-02-18 11:54:14,Buy Now Pay Later,Completed,true,2,5,289.95,5.00,0.00,284.95,105.00,179.95
ORD_002297,CUST_00047,2025-09-18 21:37:20,UPI,Completed,true,1,3,119.97,0.00,4.99,124.96,45.00,79.96
ORD_002298,CUST_00212,2025-06-11 06:05:30,UPI,Completed,true,3,7,604.96,15.00,9.99,599.95,221.00,378.95
ORD_002299,CUST_00142,2026-02-05 08:48:42,Buy Now Pay Later,Refunded,false,1,2,59.98,5.00,9.99,64.97,16.00,48.97
ORD_002300,CUST_00622,2025-09-17 14:42:12,Buy Now Pay Later,Completed,true,3,5,304.95,10.00,4.99,299.94,123.00,176.94
ORD_002301,CUST_00059,2026-01-03 04:09:53,Credit Card,Completed,true,2,6,464.94,0.00,4.99,469.93,165.00,304.93
ORD_002302,CUST_00967,2026-02-14 15:36:20,Credit Card,Refunded,false,2,5,154.95,10.00,4.99,149.94,48.00,101.94
ORD_002303,CUST_00875,2026-01-18 06:57:06,Credit Card,Completed,true,4,11,719.89,5.00,4.99,719.88,289.00,430.88
ORD_002304,CUST_00903,2026-01-18 00:24:00,Credit Card,Completed,true,2,6,434.97,0.00,4.99,439.96,174.00,265.96
ORD_002305,CUST_00884,2025-07-10 11:40:47,PayPal,Completed,true,3,6,204.94,0.00,4.99,209.93,61.00,148.93
ORD_002306,CUST_00467,2026-02-18 10:19:08,PayPal,Completed,true,1,2,179.98,0.00,9.99,189.97,60.00,129.97
ORD_002307,CUST_00106,2025-11-25 01:55:16,UPI,Completed,true,3,4,209.97,10.00,0.00,199.97,78.00,121.97
ORD_002308,CUST_00059,2026-02-05 09:13:58,Apple Pay,Completed,true,1,2,45.98,0.00,0.00,45.98,12.00,33.98
ORD_002309,CUST_00858,2025-12-27 17:10:17,Credit Card,Completed,true,2,5,839.95,0.00,0.00,839.95,360.00,479.95
ORD_002310,CUST_00009,2025-10-24 14:18:33,UPI,Refunded,false,3,7,604.96,0.00,9.99,614.95,200.00,414.95
ORD_002311,CUST_00098,2026-02-13 01:17:35,Credit Card,Completed,true,1,1,69.99,0.00,4.99,74.98,25.00,49.98
ORD_002312,CUST_00433,2025-11-11 13:30:05,UPI,Completed,true,3,4,279.98,0.00,0.00,279.98,96.00,183.98
ORD_002313,CUST_00910,2025-09-02 23:38:07,PayPal,Cancelled,false,1,1,199.99,0.00,9.99,209.98,90.00,119.98
ORD_002314,CUST_00190,2026-02-01 11:02:10,PayPal,Completed,true,1,1,34.99,5.00,9.99,39.98,10.00,29.98
ORD_002315,CUST_00884,2025-12-17 20:38:14,Credit Card,Completed,true,2,4,109.96,0.00,9.99,119.95,39.00,80.95
ORD_002316,CUST_00981,2025-02-14 07:56:08,PayPal,Cancelled,false,1,2,299.98,0.00,0.00,299.98,130.00,169.98
ORD_002317,CUST_00631,2025-10-04 15:52:26,PayPal,Completed,true,2,3,324.98,0.00,4.99,329.97,115.00,214.97
ORD_002318,CUST_00554,2026-02-18 00:10:12,PayPal,Completed,true,1,2,69.98,0.00,4.99,74.97,20.00,54.97
ORD_002319,CUST_00668,2025-10-06 00:54:21,UPI,Completed,true,4,9,789.91,5.00,9.99,794.90,332.00,462.90
ORD_002320,CUST_00844,2025-11-26 09:09:47,UPI,Completed,true,3,8,555.95,0.00,9.99,565.94,222.00,343.94
ORD_002321,CUST_00642,2026-02-19 10:42:56,UPI,Completed,true,1,2,159.98,10.00,9.99,159.97,70.00,89.97
ORD_002322,CUST_00836,2025-07-02 23:05:03,Credit Card,Completed,true,2,4,349.99,0.00,0.00,349.99,150.00,199.99
ORD_002323,CUST_00682,2025-11-21 03:54:58,Credit Card,Completed,true,2,4,579.96,0.00,0.00,579.96,240.00,339.96
ORD_002324,CUST_00904,2026-01-26 03:17:13,Credit Card,Completed,true,2,4,189.97,10.00,9.99,189.96,55.00,134.96
ORD_002325,CUST_00178,2026-01-27 14:38:01,Apple Pay,Completed,true,4,5,394.95,0.00,0.00,394.95,153.00,241.95
ORD_002326,CUST_00928,2025-12-02 23:06:36,PayPal,Completed,true,1,2,399.98,0.00,9.99,409.97,180.00,229.97
ORD_002327,CUST_00291,2026-01-17 02:31:25,Buy Now Pay Later,Cancelled,false,2,6,959.94,5.00,9.99,964.93,405.00,559.93
ORD_002328,CUST_00292,2026-01-21 04:49:51,Apple Pay,Refunded,false,1,1,119.99,0.00,0.00,119.99,45.00,74.99
ORD_002329,CUST_00404,2025-09-25 00:16:59,Apple Pay,Refunded,false,1,3,239.97,10.00,0.00,229.97,105.00,124.97
ORD_002330,CUST_00765,2025-11-30 12:04:29,PayPal,Refunded,false,4,8,559.92,0.00,0.00,559.92,205.00,354.92
ORD_002331,CUST_00770,2025-12-01 05:08:56,PayPal,Completed,true,3,5,449.97,0.00,0.00,449.97,170.00,279.97
ORD_002332,CUST_00078,2025-09-21 07:01:30,Credit Card,Completed,true,1,1,110.00,0.00,0.00,110.00,48.00,62.00
ORD_002333,CUST_00394,2025-11-16 13:26:09,UPI,Refunded,false,2,5,459.95,10.00,0.00,449.95,185.00,264.95
ORD_002334,CUST_00816,2025-05-24 04:02:08,PayPal,Refunded,false,1,1,69.99,5.00,0.00,64.99,25.00,39.99
ORD_002335,CUST_00494,2026-01-03 14:58:59,Apple Pay,Completed,true,2,4,99.96,0.00,4.99,104.95,33.00,71.95
ORD_002336,CUST_00874,2025-12-16 22:40:10,Credit Card,Cancelled,false,3,6,294.94,0.00,9.99,304.93,100.00,204.93
ORD_002337,CUST_00460,2025-12-27 15:18:18,Buy Now Pay Later,Completed,true,1,2,69.98,10.00,0.00,59.98,20.00,39.98
ORD_002338,CUST_00323,2025-07-19 01:43:08,Credit Card,Completed,true,1,2,179.98,15.00,0.00,164.98,60.00,104.98
ORD_002339,CUST_00708,2025-08-29 14:55:32,PayPal,Completed,true,1,3,449.97,0.00,4.99,454.96,195.00,259.96
ORD_002340,CUST_00791,2025-09-26 15:30:39,Credit Card,Completed,true,2,5,269.95,0.00,9.99,279.94,104.00,175.94
ORD_002341,CUST_00497,2026-02-01 05:30:14,Apple Pay,Completed,true,2,6,194.94,10.00,0.00,184.94,63.00,121.94
ORD_002342,CUST_00258,2026-02-09 19:50:32,PayPal,Completed,true,1,3,389.97,10.00,9.99,389.96,165.00,224.96
ORD_002343,CUST_00839,2025-07-30 01:29:23,PayPal,Cancelled,false,2,4,472.96,0.00,9.99,482.95,201.00,281.95
ORD_002344,CUST_00310,2026-02-23 03:25:37,UPI,Completed,true,1,3,59.97,5.00,9.99,64.96,18.00,46.96
ORD_002345,CUST_00204,2026-01-02 00:59:30,Apple Pay,Completed,true,2,3,204.99,10.00,4.99,199.98,60.00,139.98
ORD_002346,CUST_00894,2025-08-07 06:11:02,UPI,Completed,true,1,2,45.98,15.00,4.99,35.97,12.00,23.97
ORD_002347,CUST_00059,2025-10-27 12:54:35,Buy Now Pay Later,Completed,true,2,3,169.98,10.00,0.00,159.98,64.00,95.98
ORD_002348,CUST_00717,2026-01-10 19:19:04,Buy Now Pay Later,Cancelled,false,2,4,219.96,0.00,0.00,219.96,80.00,139.96
ORD_002349,CUST_00494,2025-11-16 15:39:25,Apple Pay,Cancelled,false,2,5,489.97,0.00,0.00,489.97,186.00,303.97
ORD_002350,CUST_00083,2026-02-26 10:56:16,Apple Pay,Completed,true,1,1,89.99,0.00,0.00,89.99,30.00,59.99
ORD_002351,CUST_00774,2026-01-09 20:12:43,UPI,Refunded,false,1,1,69.99,0.00,4.99,74.98,25.00,49.98
ORD_002352,CUST_00566,2026-01-12 10:53:54,Credit Card,Completed,true,2,2,124.98,15.00,0.00,109.98,40.00,69.98
ORD_002353,CUST_00252,2025-09-12 15:00:21,Credit Card,Completed,true,1,1,34.99,0.00,9.99,44.98,10.00,34.98
ORD_002354,CUST_00621,2026-02-17 20:36:38,Credit Card,Cancelled,false,1,1,89.99,15.00,4.99,79.98,30.00,49.98
ORD_002355,CUST_00420,2025-12-05 03:45:55,Apple Pay,Completed,true,1,2,299.98,0.00,9.99,309.97,130.00,179.97
ORD_002356,CUST_00199,2025-08-21 13:02:12,Credit Card,Completed,true,1,3,179.97,15.00,0.00,164.97,66.00,98.97
ORD_002357,CUST_00238,2026-02-15 13:59:36,PayPal,Completed,true,1,2,259.98,10.00,0.00,249.98,110.00,139.98
ORD_002358,CUST_00782,2025-08-10 12:05:24,Credit Card,Refunded,false,2,4,309.96,0.00,4.99,314.95,105.00,209.95
ORD_002359,CUST_00228,2025-11-12 19:55:58,UPI,Completed,true,2,5,279.95,10.00,0.00,269.95,117.00,152.95
ORD_002360,CUST_00039,2025-12-10 09:08:20,UPI,Completed,true,1,1,49.99,15.00,9.99,44.98,20.00,24.98
ORD_002361,CUST_00486,2025-09-13 10:15:50,Apple Pay,Completed,true,1,1,24.99,15.00,9.99,19.98,8.00,11.98
ORD_002362,CUST_00016,2026-02-17 10:11:20,UPI,Completed,true,1,1,89.99,0.00,4.99,94.98,30.00,64.98
ORD_002363,CUST_00456,2026-01-09 08:57:58,PayPal,Cancelled,false,1,1,119.99,15.00,0.00,104.99,45.00,59.99
ORD_002364,CUST_00806,2026-01-28 00:48:50,Credit Card,Completed,true,1,2,170.00,0.00,4.99,174.99,50.00,124.99
ORD_002365,CUST_00307,2025-08-20 02:24:51,Credit Card,Completed,true,2,4,319.97,0.00,4.99,324.96,123.00,201.96
ORD_002366,CUST_00471,2025-06-11 06:30:33,UPI,Completed,true,1,2,139.98,10.00,4.99,134.97,50.00,84.97
ORD_002367,CUST_00916,2025-07-12 14:26:26,Credit Card,Completed,true,3,5,179.95,0.00,9.99,189.94,58.00,131.94
ORD_002368,CUST_00485,2025-08-04 16:58:17,Credit Card,Completed,true,1,2,45.98,5.00,0.00,40.98,12.00,28.98
ORD_002369,CUST_00635,2025-06-21 18:55:31,Apple Pay,Completed,true,1,3,269.97,0.00,0.00,269.97,90.00,179.97
ORD_002370,CUST_00225,2026-02-09 10:28:38,PayPal,Completed,true,1,1,34.99,0.00,4.99,39.98,10.00,29.98
ORD_002371,CUST_00276,2025-06-24 00:37:51,Apple Pay,Completed,true,2,5,139.95,5.00,9.99,144.94,40.00,104.94
ORD_002372,CUST_00780,2025-11-30 06:05:10,PayPal,Completed,true,1,2,119.98,10.00,4.99,114.97,44.00,70.97
ORD_002373,CUST_00863,2025-07-31 23:36:49,PayPal,Completed,true,2,4,304.96,15.00,4.99,294.95,120.00,174.95
ORD_002374,CUST_00445,2025-12-09 02:48:11,Apple Pay,Cancelled,false,1,1,79.99,0.00,9.99,89.98,35.00,54.98
ORD_002375,CUST_00513,2025-11-11 11:27:10,Apple Pay,Cancelled,false,3,6,379.94,0.00,4.99,384.93,122.00,262.93
ORD_002376,CUST_00618,2025-10-16 10:25:27,Apple Pay,Completed,true,2,5,439.95,10.00,0.00,429.95,159.00,270.95
ORD_002377,CUST_00052,2025-09-01 19:43:56,Buy Now Pay Later,Completed,true,3,7,279.93,0.00,4.99,284.92,102.00,182.92
ORD_002378,CUST_00218,2026-02-14 16:07:36,UPI,Completed,true,1,3,209.97,0.00,9.99,219.96,75.00,144.96
ORD_002379,CUST_00987,2026-02-13 07:37:11,UPI,Completed,true,3,6,164.94,0.00,9.99,174.93,55.00,119.93
ORD_002380,CUST_00947,2026-02-28 01:41:46,Buy Now Pay Later,Completed,true,1,2,119.98,15.00,0.00,104.98,44.00,60.98
ORD_002381,CUST_00837,2025-12-15 04:39:23,UPI,Cancelled,false,2,4,684.97,0.00,4.99,689.96,295.00,394.96
ORD_002382,CUST_00591,2025-04-09 04:51:40,UPI,Completed,true,2,6,629.94,0.00,9.99,639.93,261.00,378.93
ORD_002383,CUST_00395,2025-08-08 14:44:06,PayPal,Completed,true,4,8,819.95,0.00,0.00,819.95,350.00,469.95
ORD_002384,CUST_00937,2025-12-06 12:59:57,UPI,Refunded,false,2,4,154.96,5.00,4.99,154.95,59.00,95.95
ORD_002385,CUST_00023,2026-01-27 10:51:14,PayPal,Completed,true,2,4,145.96,0.00,0.00,145.96,52.00,93.96
ORD_002386,CUST_00910,2025-10-24 14:44:25,Buy Now Pay Later,Refunded,false,2,6,629.94,10.00,4.99,624.93,270.00,354.93
ORD_002387,CUST_00442,2025-06-25 01:16:20,PayPal,Completed,true,2,5,849.95,5.00,4.99,849.94,375.00,474.94
ORD_002388,CUST_00210,2025-09-15 14:20:10,Apple Pay,Cancelled,false,3,6,299.96,5.00,0.00,294.96,86.00,208.96
ORD_002389,CUST_00865,2026-02-24 07:45:18,Credit Card,Completed,true,2,5,229.95,15.00,4.99,219.94,90.00,129.94
ORD_002390,CUST_00878,2026-02-13 07:01:00,UPI,Completed,true,2,3,175.97,5.00,9.99,180.96,67.00,113.96
ORD_002391,CUST_00401,2025-11-21 02:15:26,Credit Card,Completed,true,3,6,599.94,10.00,9.99,599.93,225.00,374.93
ORD_002392,CUST_00596,2025-11-11 12:28:18,Credit Card,Refunded,false,3,6,470.94,0.00,4.99,475.93,187.00,288.93
ORD_002393,CUST_00720,2025-08-22 22:57:45,Credit Card,Completed,true,2,5,419.95,0.00,4.99,424.94,157.00,267.94
ORD_002394,CUST_00843,2026-02-04 21:50:29,PayPal,Refunded,false,1,1,69.99,10.00,4.99,64.98,25.00,39.98
ORD_002395,CUST_00212,2026-01-20 05:31:28,Apple Pay,Cancelled,false,2,5,629.95,15.00,0.00,614.95,255.00,359.95
ORD_002396,CUST_00656,2025-12-01 09:32:05,Buy Now Pay Later,Cancelled,false,1,2,119.98,0.00,9.99,129.97,44.00,85.97
ORD_002397,CUST_00461,2025-09-19 05:52:08,PayPal,Completed,true,2,3,429.97,10.00,4.99,424.96,185.00,239.96
ORD_002398,CUST_00265,2026-01-15 15:29:58,Buy Now Pay Later,Refunded,false,1,3,104.97,0.00,9.99,114.96,30.00,84.96
ORD_002399,CUST_00795,2025-12-11 04:08:51,Credit Card,Cancelled,false,2,5,519.95,15.00,9.99,514.94,225.00,289.94
ORD_002400,CUST_00552,2025-07-12 11:51:12,UPI,Completed,true,1,3,239.97,5.00,9.99,244.96,105.00,139.96
ORD_002401,CUST_00278,2025-12-21 07:21:46,Credit Card,Cancelled,false,1,2,59.98,10.00,0.00,49.98,16.00,33.98
ORD_002402,CUST_00667,2026-02-20 20:22:45,Credit Card,Completed,true,3,4,144.96,0.00,4.99,149.95,48.00,101.95
ORD_002403,CUST_00118,2025-09-25 23:30:27,Credit Card,Completed,true,3,5,239.95,0.00,4.99,244.94,87.00,157.94
ORD_002404,CUST_00645,2025-08-23 00:37:53,PayPal,Refunded,false,2,4,419.96,0.00,4.99,424.95,176.00,248.95
ORD_002405,CUST_00616,2026-01-16 19:50:45,Apple Pay,Refunded,false,1,1,59.99,0.00,9.99,69.98,22.00,47.98
ORD_002406,CUST_00677,2025-11-24 07:24:27,Apple Pay,Completed,true,1,3,89.97,15.00,9.99,84.96,24.00,60.96
ORD_002407,CUST_00189,2026-02-01 17:31:48,Credit Card,Cancelled,false,1,2,259.98,5.00,9.99,264.97,110.00,154.97
ORD_002408,CUST_00960,2026-01-21 05:31:02,PayPal,Cancelled,false,1,2,170.00,5.00,0.00,165.00,50.00,115.00
ORD_002409,CUST_00416,2026-02-03 08:27:20,Credit Card,Completed,true,1,1,199.99,10.00,0.00,189.99,90.00,99.99
ORD_002410,CUST_00640,2025-08-29 12:00:59,Apple Pay,Completed,true,1,2,179.98,5.00,0.00,174.98,60.00,114.98
ORD_002411,CUST_00276,2025-05-05 16:49:35,UPI,Completed,true,3,3,194.97,0.00,9.99,204.96,65.00,139.96
ORD_002412,CUST_00012,2025-10-09 21:31:46,PayPal,Cancelled,false,3,6,349.94,15.00,4.99,339.93,126.00,213.93
ORD_002413,CUST_00600,2025-10-22 20:15:29,Apple Pay,Completed,true,4,10,789.92,0.00,9.99,799.91,324.00,475.91
ORD_002414,CUST_00061,2025-12-19 22:13:53,Apple Pay,Refunded,false,1,1,29.99,0.00,0.00,29.99,11.00,18.99
ORD_002415,CUST_00385,2025-12-12 21:18:16,UPI,Completed,true,3,6,829.95,0.00,0.00,829.95,362.00,467.95
ORD_002416,CUST_00717,2026-01-12 15:32:27,Apple Pay,Completed,true,2,6,344.94,0.00,4.99,349.93,135.00,214.93
ORD_002417,CUST_00151,2025-09-10 08:28:26,Apple Pay,Completed,true,3,7,239.93,0.00,9.99,249.92,77.00,172.92
ORD_002418,CUST_00421,2025-05-17 07:21:53,Buy Now Pay Later,Completed,true,4,10,959.90,5.00,4.99,959.89,383.00,576.89
ORD_002419,CUST_00600,2025-10-19 16:07:59,PayPal,Completed,true,1,1,59.99,10.00,4.99,54.98,22.00,32.98
ORD_002420,CUST_00767,2025-06-05 14:07:00,PayPal,Completed,true,1,2,59.98,5.00,0.00,54.98,16.00,38.98
ORD_002421,CUST_00578,2025-11-01 02:57:36,UPI,Completed,true,1,3,59.97,5.00,0.00,54.97,18.00,36.97
ORD_002422,CUST_00598,2025-12-17 20:35:36,Buy Now Pay Later,Completed,true,1,3,330.00,5.00,9.99,334.99,144.00,190.99
ORD_002423,CUST_00674,2025-06-01 20:38:57,Buy Now Pay Later,Refunded,false,3,7,540.96,0.00,4.99,545.95,177.00,368.95
ORD_002424,CUST_00570,2026-01-24 06:53:13,Credit Card,Completed,true,2,3,149.97,0.00,4.99,154.96,52.00,102.96
ORD_002425,CUST_00253,2026-01-01 03:51:20,PayPal,Refunded,false,1,1,29.99,0.00,9.99,39.98,8.00,31.98
ORD_002426,CUST_00336,2025-07-03 18:09:32,UPI,Refunded,false,2,2,154.98,0.00,0.00,154.98,63.00,91.98
ORD_002427,CUST_00005,2025-03-18 08:05:39,Buy Now Pay Later,Completed,true,1,3,89.97,5.00,0.00,84.97,33.00,51.97
ORD_002428,CUST_00765,2026-02-17 12:36:35,Credit Card,Completed,true,4,5,584.96,15.00,9.99,579.95,227.00,352.95
ORD_002429,CUST_00210,2026-02-27 04:33:19,UPI,Refunded,false,1,1,39.99,15.00,9.99,34.98,15.00,19.98
ORD_002430,CUST_00034,2026-02-27 03:24:28,PayPal,Refunded,false,2,3,369.97,0.00,0.00,369.97,155.00,214.97
ORD_002431,CUST_00338,2026-01-20 14:11:53,Apple Pay,Cancelled,false,2,2,229.98,0.00,0.00,229.98,98.00,131.98
ORD_002432,CUST_00584,2026-01-16 09:14:13,Buy Now Pay Later,Completed,true,1,3,149.97,10.00,4.99,144.96,60.00,84.96
ORD_002433,CUST_00411,2025-05-07 01:45:39,PayPal,Refunded,false,3,4,442.98,5.00,9.99,447.97,192.00,255.97
ORD_002434,CUST_00675,2025-07-24 15:26:47,UPI,Completed,true,2,4,169.96,10.00,4.99,164.95,68.00,96.95
ORD_002435,CUST_00441,2025-12-12 07:54:30,UPI,Completed,true,4,7,414.93,0.00,4.99,419.92,167.00,252.92
ORD_002436,CUST_00326,2025-07-09 08:25:58,Credit Card,Completed,true,2,3,339.97,5.00,0.00,334.97,142.00,192.97
ORD_002437,CUST_00502,2025-11-23 01:46:24,PayPal,Completed,true,2,3,299.97,0.00,0.00,299.97,122.00,177.97
ORD_002438,CUST_00776,2026-02-17 08:01:40,Apple Pay,Cancelled,false,1,3,599.97,0.00,9.99,609.96,270.00,339.96
ORD_002439,CUST_00763,2026-01-13 17:41:12,UPI,Refunded,false,1,1,39.99,0.00,0.00,39.99,12.00,27.99
ORD_002440,CUST_00195,2025-10-23 11:06:14,UPI,Cancelled,false,1,2,119.98,0.00,4.99,124.97,44.00,80.97
ORD_002441,CUST_00564,2026-01-23 04:23:50,Buy Now Pay Later,Completed,true,2,3,99.97,0.00,4.99,104.96,30.00,74.96
ORD_002442,CUST_00794,2026-01-29 07:23:33,Credit Card,Completed,true,4,9,749.91,0.00,9.99,759.90,307.00,452.90
ORD_002443,CUST_00571,2026-02-05 05:55:41,Buy Now Pay Later,Completed,true,1,3,359.97,15.00,0.00,344.97,135.00,209.97
ORD_002444,CUST_00356,2025-10-06 04:52:29,Buy Now Pay Later,Completed,true,1,1,24.99,0.00,0.00,24.99,8.00,16.99
ORD_002445,CUST_00572,2025-09-20 00:07:22,Credit Card,Refunded,false,1,3,330.00,10.00,9.99,329.99,144.00,185.99
ORD_002446,CUST_00755,2026-02-25 07:49:36,Buy Now Pay Later,Completed,true,1,2,59.98,0.00,4.99,64.97,22.00,42.97
ORD_002447,CUST_00686,2025-12-06 06:40:14,UPI,Completed,true,2,3,169.97,0.00,9.99,179.96,65.00,114.96
ORD_002448,CUST_00052,2025-08-25 04:24:39,Credit Card,Completed,true,2,5,359.95,0.00,4.99,364.94,149.00,215.94
ORD_002449,CUST_00019,2025-11-26 04:07:58,Credit Card,Refunded,false,3,7,378.93,0.00,9.99,388.92,123.00,265.92
ORD_002450,CUST_00392,2025-11-27 05:03:24,Buy Now Pay Later,Completed,true,2,5,839.95,10.00,4.99,834.94,360.00,474.94
ORD_002451,CUST_00701,2026-02-11 03:53:50,Credit Card,Completed,true,2,3,139.97,10.00,9.99,139.96,57.00,82.96
ORD_002452,CUST_00330,2025-12-14 11:15:27,UPI,Refunded,false,2,6,599.94,0.00,9.99,609.93,240.00,369.93
ORD_002453,CUST_00212,2025-07-04 12:27:50,Credit Card,Cancelled,false,1,1,19.99,0.00,0.00,19.99,6.00,13.99
ORD_002454,CUST_00620,2026-01-11 04:45:04,Credit Card,Completed,true,1,2,159.98,10.00,9.99,159.97,70.00,89.97
ORD_002455,CUST_00500,2025-11-29 16:46:38,Buy Now Pay Later,Refunded,false,2,2,107.99,5.00,0.00,102.99,31.00,71.99
ORD_002456,CUST_00696,2026-02-26 18:07:20,Apple Pay,Completed,true,2,2,214.99,10.00,9.99,214.98,80.00,134.98
ORD_002457,CUST_00095,2025-05-02 22:54:12,Apple Pay,Cancelled,false,3,8,364.92,0.00,0.00,364.92,125.00,239.92
ORD_002458,CUST_00347,2025-03-12 10:38:23,Credit Card,Completed,true,1,1,69.99,0.00,0.00,69.99,25.00,44.99
ORD_002459,CUST_00609,2025-12-12 18:49:40,PayPal,Completed,true,1,1,29.99,15.00,9.99,24.98,11.00,13.98
ORD_002460,CUST_00019,2025-12-08 18:33:54,Apple Pay,Completed,true,2,5,319.95,5.00,4.99,319.94,129.00,190.94
ORD_002461,CUST_00286,2025-06-11 20:10:20,PayPal,Completed,true,2,4,622.96,15.00,9.99,617.95,276.00,341.95
ORD_002462,CUST_00082,2025-11-11 20:54:56,Apple Pay,Completed,true,1,3,389.97,10.00,9.99,389.96,165.00,224.96
ORD_002463,CUST_00250,2026-01-12 07:25:44,PayPal,Completed,true,1,2,79.98,5.00,4.99,79.97,24.00,55.97
ORD_002464,CUST_00185,2025-10-22 15:32:42,PayPal,Completed,true,2,2,104.98,0.00,4.99,109.97,35.00,74.97
ORD_002465,CUST_00768,2025-11-23 18:32:58,UPI,Completed,true,2,5,339.95,0.00,4.99,344.94,136.00,208.94
ORD_002466,CUST_00007,2025-07-08 10:43:23,PayPal,Completed,true,2,3,499.97,0.00,4.99,504.96,220.00,284.96
ORD_002467,CUST_00406,2026-01-25 09:11:28,Credit Card,Completed,true,3,8,1009.95,15.00,9.99,1004.94,444.00,560.94
ORD_002468,CUST_00273,2026-02-09 21:41:21,Buy Now Pay Later,Completed,true,2,4,184.96,0.00,0.00,184.96,70.00,114.96
ORD_002469,CUST_00122,2026-02-05 13:38:24,Credit Card,Completed,true,3,7,599.93,0.00,0.00,599.93,235.00,364.93
ORD_002470,CUST_00162,2025-11-04 07:50:10,Apple Pay,Completed,true,2,2,64.98,15.00,9.99,59.97,21.00,38.97
ORD_002471,CUST_00589,2026-02-23 02:07:03,UPI,Completed,true,4,9,675.93,0.00,0.00,675.93,260.00,415.93
ORD_002472,CUST_00330,2026-01-02 22:53:02,Buy Now Pay Later,Completed,true,4,10,1084.90,0.00,9.99,1094.89,460.00,634.89
ORD_002473,CUST_00948,2025-10-07 19:18:19,Buy Now Pay Later,Completed,true,2,4,118.96,0.00,9.99,128.95,38.00,90.95
ORD_002474,CUST_00562,2026-02-17 22:11:50,Apple Pay,Completed,true,1,2,220.00,10.00,0.00,210.00,96.00,114.00
ORD_002475,CUST_00781,2025-07-15 14:19:43,Buy Now Pay Later,Completed,true,4,8,604.95,0.00,4.99,609.94,226.00,383.94
ORD_002476,CUST_00418,2025-12-31 19:31:47,PayPal,Completed,true,1,2,39.98,0.00,4.99,44.97,12.00,32.97
ORD_002477,CUST_00555,2025-12-24 22:01:18,PayPal,Completed,true,1,2,119.98,5.00,9.99,124.97,44.00,80.97
ORD_002478,CUST_00924,2026-01-23 03:26:44,Buy Now Pay Later,Completed,true,1,2,220.00,0.00,4.99,224.99,96.00,128.99
ORD_002479,CUST_00028,2025-11-05 12:28:30,Credit Card,Completed,true,4,7,689.93,15.00,9.99,684.92,281.00,403.92
ORD_002480,CUST_00434,2025-07-25 18:23:24,PayPal,Completed,true,2,4,469.96,0.00,0.00,469.96,200.00,269.96
ORD_002481,CUST_00077,2026-01-19 01:24:57,Credit Card,Completed,true,2,5,239.95,10.00,4.99,234.94,88.00,146.94
ORD_002482,CUST_00992,2025-10-20 01:31:25,UPI,Cancelled,false,2,4,124.96,15.00,4.99,114.95,44.00,70.95
ORD_002483,CUST_00327,2026-02-16 13:40:05,Buy Now Pay Later,Completed,true,1,3,389.97,15.00,9.99,384.96,165.00,219.96
ORD_002484,CUST_00408,2025-08-06 22:24:08,UPI,Cancelled,false,3,5,199.95,5.00,4.99,199.94,63.00,136.94
ORD_002485,CUST_00200,2026-01-01 02:15:24,Buy Now Pay Later,Cancelled,false,2,3,80.97,5.00,4.99,80.96,22.00,58.96
ORD_002486,CUST_00704,2025-09-23 12:33:38,Credit Card,Completed,true,2,5,439.95,5.00,9.99,444.94,159.00,285.94
ORD_002487,CUST_00251,2025-08-05 21:44:57,Buy Now Pay Later,Cancelled,false,1,2,179.98,0.00,0.00,179.98,60.00,119.98
ORD_002488,CUST_00443,2026-01-14 13:27:47,Buy Now Pay Later,Completed,true,1,3,119.97,15.00,9.99,114.96,45.00,69.96
ORD_002489,CUST_00491,2025-10-09 01:44:58,Apple Pay,Cancelled,false,1,1,34.99,5.00,4.99,34.98,10.00,24.98
ORD_002490,CUST_00191,2025-09-23 01:58:43,UPI,Completed,true,1,3,269.97,5.00,4.99,269.96,90.00,179.96
ORD_002491,CUST_00881,2025-10-04 04:53:46,PayPal,Cancelled,false,1,3,269.97,5.00,4.99,269.96,90.00,179.96
ORD_002492,CUST_00956,2025-10-16 07:12:10,PayPal,Completed,true,2,4,489.96,0.00,0.00,489.96,210.00,279.96
ORD_002493,CUST_00023,2026-02-13 00:34:02,Buy Now Pay Later,Completed,true,1,1,79.99,0.00,4.99,84.98,35.00,49.98
ORD_002494,CUST_00234,2025-06-17 23:18:34,UPI,Refunded,false,1,3,119.97,0.00,4.99,124.96,45.00,79.96
ORD_002495,CUST_00073,2026-02-23 03:11:49,Apple Pay,Completed,true,3,7,579.93,0.00,0.00,579.93,236.00,343.93
ORD_002496,CUST_00130,2025-09-24 02:26:54,Buy Now Pay Later,Completed,true,3,5,259.95,10.00,9.99,259.94,104.00,155.94
ORD_002497,CUST_00565,2025-12-30 16:37:04,PayPal,Completed,true,1,3,209.97,0.00,0.00,209.97,75.00,134.97
ORD_002498,CUST_00159,2025-10-07 14:44:07,PayPal,Completed,true,4,7,294.94,5.00,4.99,294.93,97.00,197.93
ORD_002499,CUST_00519,2026-01-22 22:32:41,PayPal,Completed,true,4,7,449.93,5.00,0.00,444.93,166.00,278.93
ORD_002500,CUST_00388,2026-01-21 05:09:43,Buy Now Pay Later,Completed,true,1,2,299.98,0.00,9.99,309.97,130.00,179.97
ORD_002501,CUST_00139,2026-01-11 15:30:02,Credit Card,Completed,true,2,3,279.97,15.00,4.99,269.96,114.00,155.96
ORD_002502,CUST_00277,2025-04-06 19:11:43,PayPal,Cancelled,false,2,4,119.96,0.00,9.99,129.95,36.00,93.95
ORD_002503,CUST_00431,2025-06-04 10:52:23,Credit Card,Completed,true,2,4,139.96,0.00,0.00,139.96,53.00,86.96
ORD_002504,CUST_00415,2025-12-29 14:47:42,Credit Card,Refunded,false,2,5,429.97,0.00,4.99,434.96,171.00,263.96
ORD_002505,CUST_00459,2025-12-08 08:11:22,PayPal,Completed,true,2,6,179.94,0.00,9.99,189.93,54.00,135.93
ORD_002506,CUST_00789,2026-02-21 21:29:43,Apple Pay,Cancelled,false,1,3,104.97,10.00,9.99,104.96,30.00,74.96
ORD_002507,CUST_00809,2025-09-12 09:20:44,Buy Now Pay Later,Completed,true,2,4,99.96,0.00,9.99,109.95,28.00,81.95
ORD_002508,CUST_00015,2025-11-12 00:20:53,Apple Pay,Refunded,false,2,2,64.98,5.00,4.99,64.97,23.00,41.97
ORD_002509,CUST_00135,2025-12-25 20:01:49,Credit Card,Refunded,false,1,1,69.99,0.00,0.00,69.99,25.00,44.99
ORD_002510,CUST_00736,2026-02-27 09:03:35,Apple Pay,Cancelled,false,1,3,149.97,0.00,9.99,159.96,60.00,99.96
ORD_002511,CUST_00956,2025-12-25 04:44:37,PayPal,Completed,true,1,3,239.97,15.00,0.00,224.97,105.00,119.97
ORD_002512,CUST_00462,2026-02-08 22:18:12,Buy Now Pay Later,Cancelled,false,2,5,349.95,0.00,9.99,359.94,120.00,239.94
ORD_002513,CUST_00962,2026-02-12 11:41:48,UPI,Completed,true,1,3,269.97,0.00,4.99,274.96,90.00,184.96
ORD_002514,CUST_00517,2026-02-13 02:26:41,UPI,Completed,true,3,9,464.94,0.00,0.00,464.94,144.00,320.94
ORD_002515,CUST_00665,2025-10-12 01:09:08,UPI,Completed,true,1,3,68.97,0.00,0.00,68.97,18.00,50.97
ORD_002516,CUST_00051,2025-10-31 19:01:21,Apple Pay,Cancelled,false,1,3,74.97,15.00,9.99,69.96,24.00,45.96
ORD_002517,CUST_00658,2026-02-12 17:18:29,Apple Pay,Completed,true,1,2,69.98,10.00,9.99,69.97,20.00,49.97
ORD_002518,CUST_00026,2025-12-14 21:51:54,Buy Now Pay Later,Cancelled,false,1,2,39.98,15.00,4.99,29.97,12.00,17.97
ORD_002519,CUST_00581,2026-02-12 20:58:45,Buy Now Pay Later,Completed,true,1,2,45.98,0.00,0.00,45.98,12.00,33.98
ORD_002520,CUST_00158,2025-05-13 12:56:36,UPI,Completed,true,3,5,415.97,10.00,0.00,405.97,152.00,253.97
ORD_002521,CUST_00136,2025-07-06 18:09:38,UPI,Completed,true,1,3,330.00,0.00,9.99,339.99,144.00,195.99
ORD_002522,CUST_00519,2025-11-26 22:46:32,Apple Pay,Completed,true,1,2,59.98,5.00,4.99,59.97,16.00,43.97
ORD_002523,CUST_00910,2025-10-31 15:58:52,UPI,Completed,true,1,2,179.98,0.00,4.99,184.97,60.00,124.97
ORD_002524,CUST_00006,2025-06-22 11:32:26,UPI,Completed,true,1,3,89.97,0.00,9.99,99.96,33.00,66.96
ORD_002525,CUST_00877,2025-09-09 10:38:00,Apple Pay,Completed,true,2,4,479.98,5.00,4.99,479.97,206.00,273.97
ORD_002526,CUST_00110,2025-08-14 07:59:39,Buy Now Pay Later,Completed,true,3,5,319.95,10.00,9.99,319.94,119.00,200.94
ORD_002527,CUST_00148,2025-12-16 14:36:43,PayPal,Completed,true,2,4,85.96,0.00,9.99,95.95,24.00,71.95
ORD_002528,CUST_00889,2025-11-24 15:09:27,PayPal,Cancelled,false,1,1,79.99,0.00,4.99,84.98,35.00,49.98
ORD_002529,CUST_00904,2025-11-12 17:05:58,UPI,Completed,true,3,3,99.97,10.00,9.99,99.96,33.00,66.96
ORD_002530,CUST_00817,2025-12-22 11:20:44,PayPal,Cancelled,false,1,1,85.00,15.00,9.99,79.99,25.00,54.99
ORD_002531,CUST_00624,2026-01-24 21:55:20,Credit Card,Completed,true,2,5,144.95,15.00,9.99,139.94,44.00,95.94
ORD_002532,CUST_00654,2025-03-13 20:16:46,PayPal,Refunded,false,1,2,79.98,10.00,4.99,74.97,24.00,50.97
ORD_002533,CUST_00345,2025-07-25 21:27:41,Buy Now Pay Later,Refunded,false,1,2,49.98,0.00,4.99,54.97,16.00,38.97
ORD_002534,CUST_00540,2025-02-26 07:33:20,Apple Pay,Completed,true,1,2,399.98,5.00,0.00,394.98,180.00,214.98
ORD_002535,CUST_00770,2026-02-16 08:37:48,PayPal,Completed,true,4,9,799.91,15.00,9.99,794.90,332.00,462.90
ORD_002536,CUST_00910,2025-08-31 18:57:52,Credit Card,Refunded,false,3,7,742.93,15.00,4.99,732.92,321.00,411.92
ORD_002537,CUST_00257,2026-01-02 14:06:31,Buy Now Pay Later,Completed,true,2,4,719.96,0.00,4.99,724.95,315.00,409.95
ORD_002538,CUST_00341,2026-02-10 14:04:56,PayPal,Completed,true,2,2,109.98,0.00,4.99,114.97,46.00,68.97
ORD_002539,CUST_00099,2025-09-30 01:43:47,Buy Now Pay Later,Cancelled,false,1,2,59.98,5.00,4.99,59.97,22.00,37.97
ORD_002540,CUST_00472,2025-11-07 09:36:36,Credit Card,Refunded,false,1,3,149.97,15.00,4.99,139.96,60.00,79.96
ORD_002541,CUST_00921,2025-12-25 23:07:33,PayPal,Cancelled,false,1,1,29.99,15.00,0.00,14.99,8.00,6.99
ORD_002542,CUST_00513,2026-01-22 05:35:51,Buy Now Pay Later,Cancelled,false,1,2,170.00,0.00,9.99,179.99,50.00,129.99
ORD_002543,CUST_00714,2026-01-19 20:13:19,PayPal,Completed,true,1,1,19.99,0.00,0.00,19.99,6.00,13.99
ORD_002544,CUST_00995,2026-02-02 23:36:27,Buy Now Pay Later,Completed,true,2,3,242.99,5.00,9.99,247.98,102.00,145.98
ORD_002545,CUST_00471,2025-12-15 16:54:26,UPI,Completed,true,1,1,29.99,0.00,0.00,29.99,8.00,21.99
ORD_002546,CUST_00717,2025-02-07 02:53:32,Credit Card,Completed,true,1,2,69.98,0.00,9.99,79.97,20.00,59.97
ORD_002547,CUST_00095,2025-12-26 17:41:14,Apple Pay,Refunded,false,3,5,235.95,10.00,0.00,225.95,89.00,136.95
ORD_002548,CUST_00842,2025-09-26 00:41:01,Credit Card,Refunded,false,1,2,170.00,10.00,9.99,169.99,50.00,119.99
ORD_002549,CUST_00951,2025-11-21 17:35:13,UPI,Completed,true,1,1,39.99,0.00,9.99,49.98,15.00,34.98
ORD_002550,CUST_00462,2026-02-21 16:15:09,UPI,Refunded,false,1,3,119.97,0.00,0.00,119.97,45.00,74.97
ORD_002551,CUST_00848,2026-02-28 10:42:14,Buy Now Pay Later,Completed,true,1,3,59.97,0.00,4.99,64.96,18.00,46.96
ORD_002552,CUST_00654,2026-01-04 09:41:11,Buy Now Pay Later,Completed,true,2,5,150.95,5.00,4.99,150.94,42.00,108.94
ORD_002553,CUST_00266,2026-01-15 12:22:20,PayPal,Cancelled,false,2,6,179.94,0.00,4.99,184.93,54.00,130.93
ORD_002554,CUST_00080,2026-02-09 15:45:33,UPI,Refunded,false,2,4,629.96,15.00,0.00,614.96,281.00,333.96
ORD_002555,CUST_00362,2026-01-29 16:44:06,Buy Now Pay Later,Completed,true,1,2,170.00,0.00,9.99,179.99,50.00,129.99
ORD_002556,CUST_00379,2025-12-19 18:32:42,PayPal,Refunded,false,2,5,389.95,5.00,9.99,394.94,135.00,259.94
ORD_002557,CUST_00564,2025-12-16 10:21:34,Credit Card,Completed,true,1,3,89.97,0.00,0.00,89.97,24.00,65.97
ORD_002558,CUST_00491,2025-12-20 06:23:27,Credit Card,Completed,true,1,1,34.99,5.00,9.99,39.98,10.00,29.98
ORD_002559,CUST_00118,2025-11-25 10:12:08,Credit Card,Cancelled,false,2,4,539.96,10.00,9.99,539.95,230.00,309.95
ORD_002560,CUST_00663,2025-12-18 01:23:36,UPI,Refunded,false,2,3,109.97,0.00,0.00,109.97,36.00,73.97
ORD_002561,CUST_00398,2026-01-03 05:42:20,Buy Now Pay Later,Refunded,false,1,1,49.99,0.00,4.99,54.98,20.00,34.98
ORD_002562,CUST_00225,2026-02-12 21:47:02,PayPal,Completed,true,2,3,179.97,10.00,9.99,179.96,65.00,114.96
ORD_002563,CUST_00928,2025-12-24 02:45:07,Credit Card,Refunded,false,2,4,199.96,10.00,4.99,194.95,72.00,122.95
ORD_002564,CUST_00324,2026-01-25 08:07:35,UPI,Completed,true,1,3,89.97,10.00,9.99,89.96,33.00,56.96
ORD_002565,CUST_00802,2026-02-04 17:52:08,UPI,Completed,true,4,6,614.95,0.00,4.99,619.94,262.00,357.94
ORD_002566,CUST_00861,2026-02-25 03:15:10,Credit Card,Completed,true,1,3,449.97,0.00,9.99,459.96,195.00,264.96
ORD_002567,CUST_00865,2025-12-24 11:23:46,Credit Card,Completed,true,2,5,819.97,0.00,9.99,829.96,366.00,463.96
ORD_002568,CUST_00633,2025-10-14 14:23:11,Apple Pay,Cancelled,false,3,5,249.95,15.00,4.99,239.94,81.00,158.94
ORD_002569,CUST_00522,2026-02-27 01:10:18,Apple Pay,Completed,true,1,2,259.98,0.00,0.00,259.98,110.00,149.98
ORD_002570,CUST_00974,2025-03-16 08:01:55,Credit Card,Cancelled,false,3,6,489.94,15.00,4.99,479.93,185.00,294.93
ORD_002571,CUST_00455,2025-09-22 20:21:05,Credit Card,Completed,true,2,6,278.94,10.00,0.00,268.94,93.00,175.94
ORD_002572,CUST_00449,2026-02-08 22:42:41,Apple Pay,Refunded,false,1,3,599.97,0.00,0.00,599.97,270.00,329.97
ORD_002573,CUST_00274,2025-12-26 13:26:46,Apple Pay,Completed,true,2,2,54.98,5.00,9.99,59.97,16.00,43.97
ORD_002574,CUST_00840,2025-12-03 01:35:23,PayPal,Cancelled,false,3,7,599.93,5.00,0.00,594.93,246.00,348.93
ORD_002575,CUST_00224,2026-01-19 09:00:39,UPI,Completed,true,2,4,149.96,0.00,9.99,159.95,56.00,103.95
ORD_002576,CUST_00724,2026-02-15 22:00:52,Buy Now Pay Later,Completed,true,2,5,169.95,0.00,0.00,169.95,63.00,106.95
ORD_002577,CUST_00793,2025-09-10 11:08:43,Buy Now Pay Later,Cancelled,false,1,2,69.98,0.00,4.99,74.97,20.00,54.97
ORD_002578,CUST_00944,2026-02-11 02:14:10,PayPal,Cancelled,false,1,2,179.98,0.00,0.00,179.98,60.00,119.98
ORD_002579,CUST_00093,2025-10-31 10:55:36,Apple Pay,Cancelled,false,1,3,68.97,0.00,9.99,78.96,18.00,60.96
ORD_002580,CUST_00254,2026-02-18 02:38:35,Apple Pay,Completed,true,2,4,219.96,0.00,4.99,224.95,92.00,132.95
ORD_002581,CUST_00727,2025-08-07 10:58:41,Buy Now Pay Later,Completed,true,1,2,99.98,0.00,9.99,109.97,40.00,69.97
ORD_002582,CUST_00558,2025-08-27 15:41:00,Buy Now Pay Later,Cancelled,false,1,1,39.99,0.00,9.99,49.98,12.00,37.98
ORD_002583,CUST_00435,2025-03-03 16:33:13,Credit Card,Completed,true,1,3,239.97,0.00,0.00,239.97,105.00,134.97
ORD_002584,CUST_00681,2025-09-07 06:50:34,Apple Pay,Completed,true,2,5,439.95,0.00,0.00,439.95,176.00,263.95
ORD_002585,CUST_00492,2025-09-01 08:04:49,UPI,Cancelled,false,3,5,162.95,0.00,9.99,172.94,46.00,126.94
ORD_002586,CUST_00754,2025-09-18 11:37:40,PayPal,Refunded,false,3,3,132.97,0.00,9.99,142.96,46.00,96.96
ORD_002587,CUST_00435,2025-10-10 11:09:00,PayPal,Cancelled,false,1,1,34.99,5.00,9.99,39.98,10.00,29.98
ORD_002588,CUST_00572,2025-07-17 18:23:19,UPI,Completed,true,1,2,59.98,0.00,9.99,69.97,22.00,47.97
ORD_002589,CUST_00424,2026-01-31 11:21:06,PayPal,Completed,true,1,2,299.98,15.00,4.99,289.97,130.00,159.97
ORD_002590,CUST_00179,2025-05-08 01:51:30,PayPal,Completed,true,2,5,334.98,15.00,9.99,329.97,105.00,224.97
ORD_002591,CUST_00603,2026-01-15 07:34:08,UPI,Completed,true,1,3,74.97,15.00,4.99,64.96,24.00,40.96
ORD_002592,CUST_00227,2025-09-10 10:49:41,UPI,Completed,true,1,3,239.97,0.00,4.99,244.96,105.00,139.96
ORD_002593,CUST_00074,2026-01-15 17:55:55,Apple Pay,Completed,true,2,4,244.96,0.00,4.99,249.95,85.00,164.95
ORD_002594,CUST_00169,2025-12-30 22:47:39,UPI,Completed,true,2,4,479.98,5.00,4.99,479.97,206.00,273.97
ORD_002595,CUST_00903,2026-01-02 20:25:10,PayPal,Completed,true,3,5,439.95,10.00,4.99,434.94,180.00,254.94
ORD_002596,CUST_00224,2025-04-25 16:03:10,Apple Pay,Refunded,false,2,5,429.97,10.00,9.99,429.96,171.00,258.96
ORD_002597,CUST_00777,2025-07-25 23:12:34,Credit Card,Cancelled,false,1,2,59.98,5.00,4.99,59.97,22.00,37.97
ORD_002598,CUST_00623,2025-09-21 10:29:51,PayPal,Completed,true,1,3,68.97,0.00,0.00,68.97,18.00,50.97
ORD_002599,CUST_00821,2026-01-06 06:07:55,Apple Pay,Completed,true,1,3,74.97,0.00,4.99,79.96,24.00,55.96
ORD_002600,CUST_00409,2025-11-25 03:22:24,Credit Card,Completed,true,1,2,45.98,0.00,9.99,55.97,12.00,43.97
ORD_002601,CUST_00481,2025-11-28 21:00:49,Credit Card,Completed,true,4,9,654.93,5.00,9.99,659.92,256.00,403.92
ORD_002602,CUST_00595,2025-12-29 00:00:14,Buy Now Pay Later,Completed,true,1,2,99.98,0.00,9.99,109.97,40.00,69.97
ORD_002603,CUST_00539,2025-08-30 11:29:58,Credit Card,Completed,true,2,3,324.97,0.00,0.00,324.97,138.00,186.97
ORD_002604,CUST_00598,2025-10-12 02:21:18,UPI,Completed,true,1,1,39.99,15.00,4.99,29.98,12.00,17.98
ORD_002605,CUST_00527,2026-02-08 06:49:38,Credit Card,Completed,true,2,6,419.97,0.00,0.00,419.97,168.00,251.97
ORD_002606,CUST_00549,2026-01-10 07:53:56,Apple Pay,Completed,true,1,1,24.99,10.00,0.00,14.99,8.00,6.99
ORD_002607,CUST_00961,2025-06-14 23:12:41,PayPal,Completed,true,1,3,119.97,10.00,4.99,114.96,36.00,78.96
ORD_002608,CUST_00107,2025-12-23 13:43:42,Credit Card,Completed,true,2,6,458.94,5.00,0.00,453.94,183.00,270.94
ORD_002609,CUST_00416,2026-01-20 09:42:19,UPI,Completed,true,1,3,449.97,5.00,0.00,444.97,195.00,249.97
ORD_002610,CUST_00562,2025-07-02 15:33:52,Apple Pay,Completed,true,3,6,454.94,15.00,0.00,439.94,163.00,276.94
ORD_002611,CUST_00761,2025-06-06 09:34:24,Credit Card,Completed,true,1,1,199.99,0.00,0.00,199.99,90.00,109.99
ORD_002612,CUST_00982,2026-02-02 03:20:16,Credit Card,Completed,true,4,5,434.96,0.00,4.99,439.95,175.00,264.95
ORD_002613,CUST_00414,2026-01-03 13:34:14,Apple Pay,Completed,true,1,3,449.97,0.00,4.99,454.96,195.00,259.96
ORD_002614,CUST_00603,2026-01-19 14:53:52,PayPal,Completed,true,1,3,209.97,5.00,0.00,204.97,75.00,129.97
ORD_002615,CUST_00532,2025-10-22 01:37:05,Credit Card,Completed,true,1,2,79.98,0.00,0.00,79.98,30.00,49.98
ORD_002616,CUST_00238,2026-02-27 22:33:04,UPI,Refunded,false,1,1,89.99,0.00,4.99,94.98,30.00,64.98
ORD_002617,CUST_00671,2025-03-25 06:14:31,Buy Now Pay Later,Completed,true,4,7,649.95,0.00,4.99,654.94,255.00,399.94
ORD_002618,CUST_00104,2025-10-11 02:24:39,Credit Card,Completed,true,2,2,199.99,10.00,4.99,194.98,78.00,116.98
ORD_002619,CUST_00250,2026-02-11 16:06:42,Apple Pay,Refunded,false,1,1,19.99,15.00,4.99,9.98,6.00,3.98
ORD_002620,CUST_00222,2025-09-10 04:05:15,UPI,Completed,true,2,2,144.99,10.00,4.99,139.98,47.00,92.98
ORD_002621,CUST_00271,2025-09-27 00:26:57,Credit Card,Refunded,false,1,3,74.97,0.00,0.00,74.97,24.00,50.97
ORD_002622,CUST_00830,2025-10-06 19:32:47,UPI,Completed,true,1,3,89.97,15.00,9.99,84.96,33.00,51.96
ORD_002623,CUST_00927,2025-12-16 17:13:32,UPI,Completed,true,2,3,242.99,0.00,9.99,252.98,102.00,150.98
ORD_002624,CUST_00415,2025-12-10 10:22:35,Buy Now Pay Later,Completed,true,2,3,239.99,0.00,4.99,244.98,75.00,169.98
ORD_002625,CUST_00500,2026-02-05 04:18:56,Credit Card,Completed,true,1,3,359.97,15.00,9.99,354.96,135.00,219.96
ORD_002626,CUST_00939,2025-12-17 07:37:43,PayPal,Completed,true,1,1,34.99,5.00,4.99,34.98,10.00,24.98
ORD_002627,CUST_00415,2026-02-02 13:28:07,UPI,Completed,true,1,3,89.97,0.00,4.99,94.96,33.00,61.96
ORD_002628,CUST_00326,2025-12-27 18:26:22,UPI,Completed,true,1,1,22.99,10.00,9.99,22.98,6.00,16.98
ORD_002629,CUST_00781,2025-11-10 12:15:48,PayPal,Refunded,false,2,5,689.95,0.00,4.99,694.94,285.00,409.94
ORD_002630,CUST_00506,2025-12-07 07:23:58,UPI,Completed,true,1,3,119.97,0.00,0.00,119.97,36.00,83.97
ORD_002631,CUST_00715,2025-11-14 01:59:28,PayPal,Completed,true,2,5,308.95,0.00,4.99,313.94,108.00,205.94
ORD_002632,CUST_00421,2025-10-18 04:45:46,Credit Card,Completed,true,2,3,159.97,15.00,9.99,154.96,57.00,97.96
ORD_002633,CUST_00403,2026-01-15 18:44:57,PayPal,Refunded,false,1,3,104.97,5.00,9.99,109.96,30.00,79.96
ORD_002634,CUST_00624,2026-01-20 02:18:25,PayPal,Refunded,false,2,6,449.94,0.00,4.99,454.93,183.00,271.93
ORD_002635,CUST_00086,2025-04-01 07:19:01,PayPal,Completed,true,3,4,109.96,0.00,0.00,109.96,35.00,74.96
ORD_002636,CUST_00486,2025-05-17 22:16:02,Apple Pay,Completed,true,1,3,269.97,0.00,0.00,269.97,90.00,179.97
ORD_002637,CUST_00629,2025-08-11 19:13:16,Buy Now Pay Later,Completed,true,4,4,212.96,15.00,4.99,202.95,81.00,121.95
ORD_002638,CUST_00293,2025-12-01 10:49:11,Apple Pay,Completed,true,2,5,239.95,5.00,0.00,234.95,88.00,146.95
ORD_002639,CUST_00859,2025-08-13 13:03:17,Apple Pay,Cancelled,false,2,3,249.97,15.00,4.99,239.96,85.00,154.96
ORD_002640,CUST_00940,2025-07-25 23:52:47,Buy Now Pay Later,Refunded,false,1,3,119.97,15.00,9.99,114.96,45.00,69.96
ORD_002641,CUST_00921,2025-12-01 17:35:00,Credit Card,Completed,true,1,3,104.97,0.00,9.99,114.96,30.00,84.96
ORD_002642,CUST_00113,2025-07-13 00:31:19,Buy Now Pay Later,Cancelled,false,1,2,139.98,15.00,4.99,129.97,50.00,79.97
ORD_002643,CUST_00091,2026-02-18 15:39:29,Buy Now Pay Later,Completed,true,1,1,79.99,5.00,9.99,84.98,35.00,49.98
ORD_002644,CUST_00224,2025-08-05 11:29:18,PayPal,Completed,true,2,5,549.95,5.00,0.00,544.95,240.00,304.95
ORD_002645,CUST_00029,2025-08-03 16:38:44,Buy Now Pay Later,Completed,true,2,2,154.98,10.00,4.99,149.97,55.00,94.97
ORD_002646,CUST_00200,2025-12-13 11:34:26,UPI,Completed,true,1,2,69.98,0.00,4.99,74.97,20.00,54.97
ORD_002647,CUST_00673,2026-02-22 14:27:24,Buy Now Pay Later,Completed,true,4,9,380.91,0.00,9.99,390.90,128.00,262.90
ORD_002648,CUST_00064,2025-12-14 04:35:21,Apple Pay,Completed,true,1,3,74.97,0.00,0.00,74.97,24.00,50.97
ORD_002649,CUST_00094,2025-03-29 15:09:37,Buy Now Pay Later,Completed,true,1,3,179.97,10.00,9.99,179.96,66.00,113.96
ORD_002650,CUST_00674,2025-04-07 11:51:26,Credit Card,Completed,true,1,1,59.99,15.00,0.00,44.99,22.00,22.99
ORD_002651,CUST_00543,2025-11-25 00:58:09,Credit Card,Completed,true,3,7,382.93,0.00,9.99,392.92,141.00,251.92
ORD_002652,CUST_00253,2026-01-08 09:05:08,Apple Pay,Completed,true,1,2,49.98,0.00,9.99,59.97,16.00,43.97
ORD_002653,CUST_00567,2026-01-11 21:22:18,UPI,Completed,true,4,9,869.92,5.00,0.00,864.92,354.00,510.92
ORD_002654,CUST_00858,2026-01-11 22:27:33,Credit Card,Completed,true,1,2,45.98,5.00,0.00,40.98,12.00,28.98
ORD_002655,CUST_00807,2026-02-20 23:36:42,Credit Card,Completed,true,3,8,609.92,0.00,0.00,609.92,241.00,368.92
ORD_002656,CUST_00949,2026-02-27 11:53:32,Credit Card,Completed,true,4,5,319.95,10.00,9.99,319.94,120.00,199.94
ORD_002657,CUST_00861,2026-01-07 18:03:36,Credit Card,Completed,true,3,6,409.94,5.00,9.99,414.93,161.00,253.93
ORD_002658,CUST_00488,2025-11-18 12:01:24,Credit Card,Completed,true,1,1,19.99,0.00,9.99,29.98,6.00,23.98
ORD_002659,CUST_00568,2026-02-18 18:23:17,Credit Card,Completed,true,1,3,119.97,0.00,9.99,129.96,36.00,93.96
ORD_002660,CUST_00389,2025-09-21 16:01:10,Credit Card,Refunded,false,4,6,539.94,0.00,4.99,544.93,200.00,344.93
ORD_002661,CUST_00943,2025-09-01 15:39:09,UPI,Completed,true,1,3,59.97,10.00,9.99,59.96,18.00,41.96
ORD_002662,CUST_00190,2026-01-31 06:13:13,PayPal,Completed,true,1,2,69.98,0.00,4.99,74.97,20.00,54.97
ORD_002663,CUST_00180,2026-01-13 00:50:00,PayPal,Cancelled,false,1,3,179.97,0.00,0.00,179.97,66.00,113.97
ORD_002664,CUST_00373,2025-08-16 02:36:10,Buy Now Pay Later,Completed,true,2,6,479.94,10.00,9.99,479.93,198.00,281.93
ORD_002665,CUST_00283,2026-02-01 12:54:55,Buy Now Pay Later,Refunded,false,3,7,459.96,10.00,4.99,454.95,187.00,267.95
ORD_002666,CUST_00060,2025-05-21 03:38:23,Apple Pay,Completed,true,1,3,449.97,5.00,4.99,449.96,195.00,254.96
ORD_002667,CUST_00940,2025-10-15 19:08:42,PayPal,Completed,true,1,2,59.98,0.00,0.00,59.98,16.00,43.98
ORD_002668,CUST_00654,2025-03-29 12:59:34,Apple Pay,Completed,true,1,2,139.98,0.00,9.99,149.97,50.00,99.97
ORD_002669,CUST_00376,2025-10-01 10:28:03,Credit Card,Completed,true,1,1,79.99,5.00,0.00,74.99,35.00,39.99
ORD_002670,CUST_00302,2026-01-26 16:41:18,PayPal,Completed,true,3,6,319.94,15.00,4.99,309.93,119.00,190.93
ORD_002671,CUST_00525,2026-01-10 21:56:12,Credit Card,Completed,true,3,6,314.94,10.00,9.99,314.93,127.00,187.93
ORD_002672,CUST_00498,2025-04-24 03:07:13,PayPal,Refunded,false,1,3,119.97,5.00,0.00,114.97,36.00,78.97
ORD_002673,CUST_00738,2025-05-31 11:37:40,PayPal,Completed,true,1,3,269.97,0.00,0.00,269.97,90.00,179.97
ORD_002674,CUST_00152,2025-12-22 02:34:21,UPI,Completed,true,2,3,199.97,10.00,4.99,194.96,79.00,115.96
ORD_002675,CUST_00539,2025-04-26 11:22:13,Credit Card,Completed,true,4,10,844.90,0.00,0.00,844.90,346.00,498.90
ORD_002676,CUST_00620,2026-02-12 15:17:11,PayPal,Completed,true,1,2,99.98,15.00,0.00,84.98,40.00,44.98
ORD_002677,CUST_00684,2025-06-20 00:06:00,Buy Now Pay Later,Completed,true,1,3,89.97,0.00,0.00,89.97,33.00,56.97
ORD_002678,CUST_00135,2025-11-14 03:06:06,Credit Card,Completed,true,1,3,330.00,5.00,9.99,334.99,144.00,190.99
ORD_002679,CUST_00778,2026-02-14 11:48:40,Credit Card,Refunded,false,1,1,39.99,10.00,0.00,29.99,15.00,14.99
ORD_002680,CUST_00917,2025-11-19 19:41:07,Buy Now Pay Later,Completed,true,2,3,419.97,0.00,0.00,419.97,175.00,244.97
ORD_002681,CUST_00806,2026-02-06 18:13:54,UPI,Completed,true,3,8,369.92,10.00,4.99,364.91,122.00,242.91
ORD_002682,CUST_00132,2025-03-01 06:28:30,Buy Now Pay Later,Completed,true,1,1,29.99,15.00,9.99,24.98,8.00,16.98
ORD_002683,CUST_00024,2025-10-04 01:27:13,Credit Card,Completed,true,2,4,142.96,15.00,9.99,137.95,42.00,95.95
ORD_002684,CUST_00476,2026-01-19 22:12:16,Buy Now Pay Later,Refunded,false,2,6,269.94,0.00,9.99,279.93,105.00,174.93
ORD_002685,CUST_00456,2025-12-06 09:16:07,Buy Now Pay Later,Completed,true,3,6,369.94,0.00,4.99,374.93,140.00,234.93
ORD_002686,CUST_00804,2026-02-02 17:55:11,Buy Now Pay Later,Refunded,false,2,4,262.96,0.00,0.00,262.96,111.00,151.96
ORD_002687,CUST_00855,2025-08-23 13:57:57,Buy Now Pay Later,Refunded,false,4,8,784.94,0.00,9.99,794.93,328.00,466.93
ORD_002688,CUST_00069,2025-07-16 15:33:57,UPI,Completed,true,1,2,59.98,0.00,0.00,59.98,22.00,37.98
ORD_002689,CUST_00381,2026-01-01 00:55:00,UPI,Completed,true,1,1,149.99,0.00,4.99,154.98,65.00,89.98
ORD_002690,CUST_00949,2025-07-11 17:08:57,Credit Card,Completed,true,2,3,249.97,10.00,9.99,249.96,99.00,150.96
ORD_002691,CUST_00226,2026-02-14 20:06:14,Buy Now Pay Later,Completed,true,2,4,114.96,15.00,4.99,104.95,36.00,68.95
ORD_002692,CUST_00656,2025-12-05 19:28:10,PayPal,Completed,true,1,2,119.98,5.00,4.99,119.97,44.00,75.97
ORD_002693,CUST_00822,2025-06-26 12:31:59,PayPal,Refunded,false,1,2,179.98,0.00,9.99,189.97,60.00,129.97
ORD_002694,CUST_00179,2025-07-17 04:25:44,PayPal,Completed,true,2,3,434.97,0.00,4.99,439.96,190.00,249.96
ORD_002695,CUST_00738,2025-08-24 19:07:54,Apple Pay,Completed,true,1,3,209.97,10.00,0.00,199.97,75.00,124.97
ORD_002696,CUST_00347,2025-10-06 19:44:01,PayPal,Completed,true,1,2,69.98,0.00,4.99,74.97,20.00,54.97
ORD_002697,CUST_00577,2025-12-31 00:35:35,Credit Card,Completed,true,1,1,89.99,0.00,4.99,94.98,30.00,64.98
ORD_002698,CUST_00782,2025-08-15 04:53:44,Apple Pay,Completed,true,2,3,319.99,15.00,9.99,314.98,115.00,199.98
ORD_002699,CUST_00954,2025-08-31 07:34:50,UPI,Completed,true,1,1,22.99,0.00,9.99,32.98,6.00,26.98
ORD_002700,CUST_00048,2025-08-20 09:43:16,Buy Now Pay Later,Completed,true,3,6,279.94,0.00,9.99,289.93,101.00,188.93
ORD_002701,CUST_00162,2025-09-26 04:06:17,PayPal,Completed,true,1,1,89.99,10.00,0.00,79.99,30.00,49.99
ORD_002702,CUST_00310,2026-01-09 21:31:31,PayPal,Completed,true,1,3,269.97,0.00,4.99,274.96,90.00,184.96
ORD_002703,CUST_00181,2025-11-24 16:48:32,PayPal,Completed,true,2,3,159.97,5.00,0.00,154.97,59.00,95.97
ORD_002704,CUST_00995,2025-12-23 10:41:44,Buy Now Pay Later,Completed,true,3,4,189.96,0.00,4.99,194.95,58.00,136.95
ORD_002705,CUST_00155,2025-06-15 03:31:53,Buy Now Pay Later,Completed,true,1,1,34.99,0.00,0.00,34.99,10.00,24.99
ORD_002706,CUST_00659,2026-01-01 07:16:22,UPI,Completed,true,1,1,119.99,5.00,9.99,124.98,45.00,79.98
ORD_002707,CUST_00619,2025-08-20 03:59:50,Buy Now Pay Later,Completed,true,1,3,239.97,0.00,9.99,249.96,105.00,144.96
ORD_002708,CUST_00350,2026-02-16 00:42:22,Apple Pay,Completed,true,1,3,269.97,0.00,4.99,274.96,90.00,184.96
ORD_002709,CUST_00505,2025-08-02 20:10:51,UPI,Refunded,false,2,6,509.97,0.00,9.99,519.96,210.00,309.96
ORD_002710,CUST_00832,2026-01-22 18:11:18,PayPal,Completed,true,1,1,59.99,0.00,9.99,69.98,22.00,47.98
ORD_002711,CUST_00761,2025-07-06 00:52:09,UPI,Completed,true,4,9,558.93,0.00,4.99,563.92,200.00,363.92
ORD_002712,CUST_00858,2025-08-30 07:46:08,Apple Pay,Completed,true,1,1,49.99,10.00,4.99,44.98,20.00,24.98
ORD_002713,CUST_00694,2026-01-09 14:35:33,UPI,Cancelled,false,3,5,369.95,5.00,4.99,369.94,145.00,224.94
ORD_002714,CUST_00182,2026-02-11 13:11:13,PayPal,Cancelled,false,3,7,309.93,0.00,9.99,319.92,118.00,201.92
ORD_002715,CUST_00664,2026-01-03 04:55:40,Credit Card,Completed,true,2,2,149.98,15.00,9.99,144.97,61.00,83.97
ORD_002716,CUST_00252,2025-06-25 06:58:58,UPI,Cancelled,false,1,1,39.99,15.00,9.99,34.98,12.00,22.98
ORD_002717,CUST_00396,2026-01-21 03:54:21,PayPal,Cancelled,false,1,1,149.99,0.00,0.00,149.99,65.00,84.99
ORD_002718,CUST_00701,2025-08-15 15:38:44,UPI,Completed,true,2,6,224.94,0.00,0.00,224.94,75.00,149.94
ORD_002719,CUST_00738,2025-08-06 17:37:33,Credit Card,Cancelled,false,2,3,159.97,5.00,0.00,154.97,57.00,97.97
ORD_002720,CUST_00621,2025-09-19 03:59:11,UPI,Completed,true,1,2,159.98,15.00,0.00,144.98,70.00,74.98
ORD_002721,CUST_00792,2025-11-21 13:35:57,Credit Card,Refunded,false,2,2,74.98,0.00,9.99,84.97,25.00,59.97
ORD_002722,CUST_00266,2026-02-02 07:40:11,PayPal,Completed,true,2,3,169.97,5.00,9.99,174.96,58.00,116.96
ORD_002723,CUST_00774,2026-02-20 12:02:53,PayPal,Cancelled,false,1,3,119.97,15.00,9.99,114.96,36.00,78.96
ORD_002724,CUST_00509,2025-10-18 21:11:08,Credit Card,Completed,true,2,2,174.98,10.00,0.00,164.98,73.00,91.98
ORD_002725,CUST_00798,2025-06-20 07:24:35,UPI,Cancelled,false,3,5,429.96,15.00,4.99,419.95,158.00,261.95
ORD_002726,CUST_00456,2025-11-30 12:17:02,Apple Pay,Completed,true,1,2,79.98,5.00,0.00,74.98,30.00,44.98
ORD_002727,CUST_00966,2025-11-19 03:12:25,Buy Now Pay Later,Completed,true,4,9,749.93,0.00,4.99,754.92,285.00,469.92
ORD_002728,CUST_00452,2026-01-12 01:10:36,Apple Pay,Completed,true,2,5,439.97,0.00,9.99,449.96,140.00,309.96
ORD_002729,CUST_00851,2025-12-10 21:34:06,UPI,Completed,true,1,3,119.97,0.00,0.00,119.97,45.00,74.97
ORD_002730,CUST_00133,2026-02-19 04:53:34,PayPal,Completed,true,1,3,68.97,0.00,0.00,68.97,18.00,50.97
ORD_002731,CUST_00056,2025-12-16 18:15:23,PayPal,Completed,true,2,5,139.95,0.00,9.99,149.94,42.00,107.94
ORD_002732,CUST_00720,2025-04-28 00:45:23,Apple Pay,Refunded,false,1,1,24.99,0.00,9.99,34.98,8.00,26.98
ORD_002733,CUST_00075,2025-05-07 03:50:24,Credit Card,Refunded,false,1,1,19.99,15.00,4.99,9.98,6.00,3.98
ORD_002734,CUST_00151,2025-10-10 06:25:08,UPI,Completed,true,3,8,318.92,0.00,4.99,323.91,121.00,202.91
ORD_002735,CUST_00879,2025-10-28 03:13:39,Credit Card,Completed,true,1,2,59.98,0.00,9.99,69.97,16.00,53.97
ORD_002736,CUST_00025,2025-08-30 19:17:36,UPI,Completed,true,2,6,209.94,0.00,4.99,214.93,69.00,145.93
ORD_002737,CUST_00862,2026-01-21 23:19:07,Buy Now Pay Later,Completed,true,1,3,119.97,15.00,0.00,104.97,45.00,59.97
ORD_002738,CUST_00721,2025-10-27 18:50:42,UPI,Completed,true,1,1,69.99,5.00,4.99,69.98,25.00,44.98
ORD_002739,CUST_00405,2025-11-23 19:27:52,Credit Card,Completed,true,2,2,69.98,5.00,0.00,64.98,23.00,41.98
ORD_002740,CUST_00142,2026-01-16 07:25:54,PayPal,Completed,true,3,7,639.93,10.00,4.99,634.92,262.00,372.92
ORD_002741,CUST_00209,2026-01-18 21:31:09,UPI,Completed,true,1,1,29.99,15.00,9.99,24.98,11.00,13.98
ORD_002742,CUST_00970,2026-02-23 05:33:52,Credit Card,Completed,true,3,6,218.94,15.00,9.99,213.93,67.00,146.93
ORD_002743,CUST_00009,2025-12-13 09:34:21,PayPal,Cancelled,false,2,4,264.97,5.00,9.99,269.96,91.00,178.96
ORD_002744,CUST_00380,2025-09-03 16:22:50,Apple Pay,Completed,true,2,5,699.95,0.00,0.00,699.95,310.00,389.95
ORD_002745,CUST_00782,2025-06-29 20:48:57,Apple Pay,Refunded,false,3,5,699.97,0.00,0.00,699.97,311.00,388.97
ORD_002746,CUST_00487,2026-01-30 17:25:24,Buy Now Pay Later,Refunded,false,2,6,668.94,0.00,0.00,668.94,288.00,380.94
ORD_002747,CUST_00591,2025-02-10 12:17:21,Credit Card,Completed,true,1,2,259.98,0.00,4.99,264.97,110.00,154.97
ORD_002748,CUST_00248,2025-06-16 01:05:34,PayPal,Completed,true,1,2,59.98,0.00,0.00,59.98,16.00,43.98
ORD_002749,CUST_00196,2026-01-05 01:52:14,UPI,Cancelled,false,2,4,129.96,15.00,0.00,114.96,36.00,78.96
ORD_002750,CUST_00328,2025-11-19 16:09:45,Credit Card,Refunded,false,1,1,199.99,10.00,9.99,199.98,90.00,109.98
ORD_002751,CUST_00945,2025-11-08 03:22:30,UPI,Refunded,false,3,6,359.94,0.00,4.99,364.93,130.00,234.93
ORD_002752,CUST_00094,2026-02-25 23:26:31,UPI,Refunded,false,1,3,89.97,15.00,0.00,74.97,33.00,41.97
ORD_002753,CUST_00540,2025-11-17 16:26:27,UPI,Refunded,false,2,2,64.98,15.00,0.00,49.98,20.00,29.98
ORD_002754,CUST_00375,2025-11-20 01:56:44,Credit Card,Completed,true,1,3,89.97,5.00,0.00,84.97,24.00,60.97
ORD_002755,CUST_00585,2026-01-17 07:41:52,Buy Now Pay Later,Completed,true,1,1,34.99,15.00,9.99,29.98,10.00,19.98
ORD_002756,CUST_00680,2026-01-30 10:55:40,Apple Pay,Completed,true,1,1,39.99,0.00,9.99,49.98,12.00,37.98
ORD_002757,CUST_00341,2026-02-11 08:24:13,Buy Now Pay Later,Completed,true,1,1,34.99,0.00,9.99,44.98,10.00,34.98
ORD_002758,CUST_00603,2025-12-08 04:05:26,PayPal,Completed,true,1,2,79.98,10.00,4.99,74.97,30.00,44.97
ORD_002759,CUST_00975,2025-11-01 01:10:01,PayPal,Completed,true,2,4,129.96,0.00,4.99,134.95,36.00,98.95
ORD_002760,CUST_00676,2025-09-18 17:19:27,Credit Card,Completed,true,1,1,39.99,0.00,9.99,49.98,12.00,37.98
ORD_002761,CUST_00698,2025-10-02 12:21:36,PayPal,Refunded,false,3,3,127.98,5.00,9.99,132.97,37.00,95.97
ORD_002762,CUST_00156,2026-02-20 06:29:21,UPI,Refunded,false,1,2,179.98,5.00,0.00,174.98,60.00,114.98
ORD_002763,CUST_00441,2025-12-16 08:10:20,Apple Pay,Refunded,false,3,7,614.93,0.00,9.99,624.92,230.00,394.92
ORD_002764,CUST_00169,2026-01-10 11:57:31,Credit Card,Completed,true,3,6,469.97,0.00,0.00,469.97,194.00,275.97
ORD_002765,CUST_00964,2026-02-14 04:06:36,Credit Card,Completed,true,2,5,184.95,0.00,9.99,194.94,54.00,140.94
ORD_002766,CUST_00784,2025-10-17 10:59:12,Credit Card,Refunded,false,3,6,279.94,5.00,4.99,279.93,86.00,193.93
ORD_002767,CUST_00144,2025-10-28 16:21:00,Credit Card,Completed,true,2,4,149.96,5.00,0.00,144.96,44.00,100.96
ORD_002768,CUST_00009,2026-01-23 23:02:42,Apple Pay,Completed,true,1,1,199.99,0.00,9.99,209.98,90.00,119.98
ORD_002769,CUST_00199,2025-10-03 07:09:58,Apple Pay,Cancelled,false,1,3,74.97,15.00,0.00,59.97,24.00,35.97
ORD_002770,CUST_00675,2025-09-08 19:59:00,UPI,Cancelled,false,2,4,189.96,10.00,9.99,189.95,72.00,117.95
ORD_002771,CUST_00594,2026-01-23 03:54:48,Buy Now Pay Later,Cancelled,false,1,2,139.98,0.00,9.99,149.97,50.00,99.97
ORD_002772,CUST_00359,2025-12-04 14:39:01,Buy Now Pay Later,Completed,true,2,6,239.94,0.00,9.99,249.93,84.00,165.93
ORD_002773,CUST_00387,2026-02-03 04:11:50,Buy Now Pay Later,Completed,true,1,3,104.97,0.00,0.00,104.97,30.00,74.97
ORD_002774,CUST_00376,2025-10-25 23:45:42,Apple Pay,Completed,true,3,6,349.94,15.00,9.99,344.93,127.00,217.93
ORD_002775,CUST_00206,2025-10-10 19:01:56,Credit Card,Completed,true,3,5,269.95,0.00,9.99,279.94,95.00,184.94
ORD_002776,CUST_00710,2026-02-10 11:29:12,UPI,Completed,true,2,6,659.94,0.00,4.99,664.93,288.00,376.93
ORD_002777,CUST_00118,2025-04-26 05:19:55,UPI,Completed,true,1,3,149.97,0.00,0.00,149.97,60.00,89.97
ORD_002778,CUST_00849,2026-02-15 04:51:07,PayPal,Completed,true,1,2,159.98,10.00,0.00,149.98,70.00,79.98
ORD_002779,CUST_00358,2026-02-09 00:07:27,UPI,Refunded,false,2,4,134.96,0.00,9.99,144.95,41.00,103.95
ORD_002780,CUST_00226,2025-12-15 09:41:43,Buy Now Pay Later,Completed,true,2,2,134.99,5.00,0.00,129.99,56.00,73.99
ORD_002781,CUST_00291,2026-01-31 13:03:40,Buy Now Pay Later,Completed,true,2,5,279.95,0.00,9.99,289.94,95.00,194.94
ORD_002782,CUST_00397,2025-12-06 09:28:09,PayPal,Cancelled,false,3,7,329.93,0.00,4.99,334.92,131.00,203.92
ORD_002783,CUST_00374,2025-10-08 05:01:00,Apple Pay,Refunded,false,1,3,209.97,10.00,4.99,204.96,75.00,129.96
ORD_002784,CUST_00924,2025-10-22 01:39:48,Credit Card,Cancelled,false,1,1,39.99,0.00,0.00,39.99,15.00,24.99
ORD_002785,CUST_00706,2025-12-07 15:28:27,UPI,Completed,true,2,3,459.97,0.00,9.99,469.96,200.00,269.96
ORD_002786,CUST_00089,2025-10-02 09:02:55,UPI,Completed,true,2,3,219.97,0.00,0.00,219.97,85.00,134.97
ORD_002787,CUST_00978,2025-09-08 11:39:53,UPI,Cancelled,false,1,3,74.97,0.00,4.99,79.96,24.00,55.96
ORD_002788,CUST_00932,2026-01-05 16:51:47,Credit Card,Completed,true,2,4,154.96,0.00,0.00,154.96,59.00,95.96
ORD_002789,CUST_00604,2025-06-06 08:26:35,Buy Now Pay Later,Refunded,false,3,5,524.95,10.00,4.99,519.94,200.00,319.94
ORD_002790,CUST_00829,2025-09-10 17:18:21,Credit Card,Refunded,false,4,9,779.91,15.00,4.99,769.90,284.00,485.90
ORD_002791,CUST_00640,2025-08-02 12:28:00,UPI,Refunded,false,2,4,469.96,15.00,0.00,454.96,200.00,254.96
ORD_002792,CUST_00091,2026-01-12 22:54:00,Buy Now Pay Later,Completed,true,1,1,22.99,15.00,0.00,7.99,6.00,1.99
ORD_002793,CUST_00144,2025-08-19 00:36:07,Apple Pay,Cancelled,false,2,5,449.95,0.00,9.99,459.94,181.00,278.94
ORD_002794,CUST_00263,2025-12-23 22:23:46,Buy Now Pay Later,Completed,true,3,7,614.93,0.00,4.99,619.92,240.00,379.92
ORD_002795,CUST_00251,2025-08-06 20:00:19,Buy Now Pay Later,Refunded,false,1,3,74.97,10.00,4.99,69.96,24.00,45.96
ORD_002796,CUST_00298,2025-09-18 12:03:30,UPI,Completed,true,2,4,209.96,0.00,9.99,219.95,82.00,137.95
ORD_002797,CUST_00486,2025-09-02 15:45:32,UPI,Cancelled,false,3,7,499.93,5.00,4.99,499.92,200.00,299.92
ORD_002798,CUST_00508,2025-12-23 15:57:55,PayPal,Completed,true,3,8,238.92,0.00,4.99,243.91,72.00,171.91
ORD_002799,CUST_00928,2025-12-07 22:39:02,UPI,Cancelled,false,1,3,389.97,15.00,9.99,384.96,165.00,219.96
ORD_002800,CUST_00166,2025-12-24 12:32:33,UPI,Completed,true,1,2,179.98,0.00,4.99,184.97,60.00,124.97
ORD_002801,CUST_00455,2025-12-09 16:38:43,UPI,Cancelled,false,2,3,84.97,5.00,9.99,89.96,26.00,63.96
ORD_002802,CUST_00837,2025-11-07 18:46:28,Buy Now Pay Later,Completed,true,1,3,255.00,15.00,9.99,249.99,75.00,174.99
ORD_002803,CUST_00001,2025-09-24 14:17:11,Credit Card,Completed,true,2,3,419.97,10.00,9.99,419.96,175.00,244.96
ORD_002804,CUST_00350,2026-02-25 08:38:07,Buy Now Pay Later,Completed,true,1,2,79.98,5.00,4.99,79.97,30.00,49.97
ORD_002805,CUST_00390,2025-09-14 02:59:30,Buy Now Pay Later,Completed,true,2,3,70.97,0.00,9.99,80.96,20.00,60.96
ORD_002806,CUST_00031,2025-09-17 02:03:53,Apple Pay,Cancelled,false,3,8,359.92,0.00,4.99,364.91,137.00,227.91
ORD_002807,CUST_00193,2026-01-07 20:46:01,Buy Now Pay Later,Completed,true,4,9,509.92,0.00,0.00,509.92,188.00,321.92
ORD_002808,CUST_00117,2025-08-13 01:34:59,Credit Card,Refunded,false,1,1,199.99,15.00,4.99,189.98,90.00,99.98
ORD_002809,CUST_00736,2025-12-21 09:47:36,Buy Now Pay Later,Completed,true,1,2,179.98,10.00,4.99,174.97,60.00,114.97
ORD_002810,CUST_00358,2026-02-24 07:57:02,Credit Card,Completed,true,4,9,594.91,0.00,0.00,594.91,224.00,370.91
ORD_002811,CUST_00014,2025-04-10 21:39:22,Buy Now Pay Later,Cancelled,false,2,3,279.97,0.00,0.00,279.97,114.00,165.97
ORD_002812,CUST_00678,2026-02-23 01:24:02,PayPal,Refunded,false,1,2,179.98,0.00,0.00,179.98,60.00,119.98
ORD_002813,CUST_00620,2025-12-17 04:29:41,Credit Card,Completed,true,2,5,369.95,0.00,0.00,369.95,145.00,224.95
ORD_002814,CUST_00201,2025-01-31 13:26:32,Buy Now Pay Later,Completed,true,3,5,339.95,0.00,4.99,344.94,116.00,228.94
ORD_002815,CUST_00481,2026-02-10 17:27:21,Credit Card,Cancelled,false,2,5,539.95,5.00,9.99,544.94,235.00,309.94
ORD_002816,CUST_00313,2025-08-11 17:31:45,UPI,Cancelled,false,4,8,479.95,0.00,9.99,489.94,188.00,301.94
ORD_002817,CUST_00662,2025-11-23 14:37:55,Apple Pay,Completed,true,3,7,644.93,15.00,0.00,629.93,250.00,379.93
ORD_002818,CUST_00918,2026-02-19 17:28:49,Apple Pay,Refunded,false,2,4,169.97,10.00,0.00,159.97,66.00,93.97
ORD_002819,CUST_00806,2026-01-16 23:53:24,UPI,Refunded,false,2,4,469.97,15.00,9.99,464.96,183.00,281.96
ORD_002820,CUST_00876,2026-02-13 00:54:04,Apple Pay,Completed,true,1,1,69.99,0.00,9.99,79.98,25.00,54.98
ORD_002821,CUST_00158,2025-03-07 17:29:17,Buy Now Pay Later,Cancelled,false,3,6,369.96,5.00,0.00,364.96,140.00,224.96
ORD_002822,CUST_00163,2026-02-06 14:44:21,Apple Pay,Completed,true,2,3,192.99,0.00,9.99,202.98,56.00,146.98
ORD_002823,CUST_00893,2026-02-03 16:33:37,Apple Pay,Completed,true,4,8,1052.95,0.00,9.99,1062.94,460.00,602.94
ORD_002824,CUST_00033,2025-12-27 03:01:34,Credit Card,Completed,true,2,3,129.97,0.00,9.99,139.96,47.00,92.96
ORD_002825,CUST_00202,2025-12-16 21:24:26,UPI,Completed,true,3,6,559.95,15.00,4.99,549.94,229.00,320.94
ORD_002826,CUST_00929,2025-09-24 23:43:24,Credit Card,Refunded,false,1,1,110.00,15.00,9.99,104.99,48.00,56.99
ORD_002827,CUST_00576,2026-02-05 17:54:39,Apple Pay,Completed,true,1,1,39.99,0.00,9.99,49.98,15.00,34.98
ORD_002828,CUST_00363,2025-12-15 08:21:57,Credit Card,Cancelled,false,1,3,239.97,0.00,4.99,244.96,105.00,139.96
ORD_002829,CUST_00190,2026-02-27 23:21:00,Credit Card,Refunded,false,1,1,24.99,0.00,0.00,24.99,8.00,16.99
ORD_002830,CUST_00931,2025-09-06 00:05:13,Buy Now Pay Later,Refunded,false,1,2,239.98,0.00,4.99,244.97,90.00,154.97
ORD_002831,CUST_00193,2025-10-04 03:16:38,Apple Pay,Cancelled,false,2,4,234.97,0.00,0.00,234.97,85.00,149.97
ORD_002832,CUST_00282,2025-08-29 02:27:09,Buy Now Pay Later,Completed,true,1,2,59.98,0.00,0.00,59.98,22.00,37.98
ORD_002833,CUST_00861,2025-11-09 05:04:28,UPI,Completed,true,3,5,459.96,10.00,4.99,454.95,198.00,256.95
ORD_002834,CUST_00568,2026-01-21 03:24:06,Apple Pay,Cancelled,false,1,3,179.97,0.00,0.00,179.97,66.00,113.97
ORD_002835,CUST_00775,2025-09-13 00:43:24,Credit Card,Completed,true,2,3,199.97,0.00,4.99,204.96,75.00,129.96
ORD_002836,CUST_00682,2026-02-01 18:57:48,PayPal,Completed,true,1,3,330.00,0.00,9.99,339.99,144.00,195.99
ORD_002837,CUST_00465,2025-06-27 09:00:56,UPI,Completed,true,1,2,179.98,10.00,0.00,169.98,60.00,109.98
ORD_002838,CUST_00205,2025-09-25 09:32:49,Apple Pay,Completed,true,1,2,99.98,0.00,0.00,99.98,40.00,59.98
ORD_002839,CUST_00384,2026-02-17 05:04:09,PayPal,Completed,true,2,3,199.97,0.00,0.00,199.97,66.00,133.97
ORD_002840,CUST_00527,2026-02-11 08:29:00,Credit Card,Refunded,false,1,3,89.97,5.00,0.00,84.97,33.00,51.97
ORD_002841,CUST_00637,2025-12-17 13:35:56,PayPal,Completed,true,2,6,449.94,0.00,0.00,449.94,183.00,266.94
ORD_002842,CUST_00345,2025-06-25 04:10:07,Apple Pay,Completed,true,2,6,779.94,0.00,0.00,779.94,336.00,443.94
ORD_002843,CUST_00842,2026-01-01 05:31:48,UPI,Refunded,false,1,2,79.98,15.00,9.99,74.97,30.00,44.97
ORD_002844,CUST_00234,2025-04-20 12:56:24,Credit Card,Completed,true,4,8,424.92,10.00,9.99,424.91,144.00,280.91
ORD_002845,CUST_00674,2025-09-16 14:34:29,PayPal,Cancelled,false,1,2,79.98,0.00,9.99,89.97,30.00,59.97
ORD_002846,CUST_00305,2025-11-12 10:47:05,Credit Card,Completed,true,3,4,175.96,15.00,0.00,160.96,57.00,103.96
ORD_002847,CUST_00483,2026-01-30 18:55:54,Buy Now Pay Later,Completed,true,1,1,29.99,0.00,9.99,39.98,11.00,28.98
ORD_002848,CUST_00113,2026-02-06 11:59:11,Apple Pay,Completed,true,1,1,79.99,15.00,4.99,69.98,35.00,34.98
ORD_002849,CUST_00917,2025-10-09 01:36:52,Apple Pay,Refunded,false,3,3,204.97,5.00,9.99,209.96,75.00,134.96
ORD_002850,CUST_00703,2025-10-10 20:03:38,UPI,Cancelled,false,4,8,467.95,0.00,0.00,467.95,153.00,314.95
ORD_002851,CUST_00972,2025-11-24 10:21:32,PayPal,Completed,true,2,4,519.96,0.00,4.99,524.95,220.00,304.95
ORD_002852,CUST_00115,2025-12-05 00:24:51,UPI,Completed,true,2,4,729.96,15.00,9.99,724.95,325.00,399.95
ORD_002853,CUST_00160,2025-09-21 16:49:54,Apple Pay,Completed,true,2,3,309.97,10.00,0.00,299.97,115.00,184.97
ORD_002854,CUST_00696,2026-02-14 08:52:30,Buy Now Pay Later,Completed,true,2,6,389.94,0.00,0.00,389.94,165.00,224.94
ORD_002855,CUST_00463,2025-08-18 05:12:43,Buy Now Pay Later,Completed,true,1,3,179.97,0.00,9.99,189.96,66.00,123.96
ORD_002856,CUST_00083,2025-12-05 22:50:01,Credit Card,Completed,true,1,1,34.99,0.00,0.00,34.99,10.00,24.99
ORD_002857,CUST_00007,2025-05-03 07:25:05,UPI,Cancelled,false,1,3,89.97,0.00,9.99,99.96,24.00,75.96
ORD_002858,CUST_00628,2025-08-15 12:59:27,Buy Now Pay Later,Completed,true,2,5,449.98,0.00,0.00,449.98,188.00,261.98
ORD_002859,CUST_00410,2025-09-24 09:25:58,Buy Now Pay Later,Completed,true,1,3,599.97,0.00,0.00,599.97,270.00,329.97
ORD_002860,CUST_00808,2025-05-05 17:41:53,Apple Pay,Completed,true,1,3,89.97,15.00,4.99,79.96,33.00,46.96
ORD_002861,CUST_00071,2026-01-29 04:59:08,Credit Card,Cancelled,false,2,2,139.98,10.00,9.99,139.97,51.00,88.97
ORD_002862,CUST_00910,2025-07-26 14:19:11,Apple Pay,Refunded,false,2,2,119.98,0.00,0.00,119.98,41.00,78.98
ORD_002863,CUST_00251,2025-11-20 15:25:34,PayPal,Completed,true,1,1,22.99,0.00,0.00,22.99,6.00,16.99
ORD_002864,CUST_00101,2025-10-10 12:20:41,Credit Card,Refunded,false,2,6,599.97,0.00,0.00,599.97,234.00,365.97
ORD_002865,CUST_00202,2025-11-07 08:43:03,UPI,Cancelled,false,1,1,49.99,15.00,9.99,44.98,20.00,24.98
ORD_002866,CUST_00426,2025-07-12 16:41:22,UPI,Completed,true,2,4,429.96,0.00,9.99,439.95,177.00,262.95
ORD_002867,CUST_00478,2026-01-22 12:22:11,Credit Card,Refunded,false,2,2,59.98,5.00,0.00,54.98,18.00,36.98
ORD_002868,CUST_00363,2025-12-24 04:17:41,Credit Card,Completed,true,1,2,99.98,0.00,4.99,104.97,40.00,64.97
ORD_002869,CUST_00117,2025-09-30 17:45:35,Buy Now Pay Later,Completed,true,1,3,330.00,0.00,9.99,339.99,144.00,195.99
ORD_002870,CUST_00329,2025-09-19 14:24:26,Credit Card,Completed,true,1,1,79.99,10.00,4.99,74.98,35.00,39.98
ORD_002871,CUST_00904,2026-01-13 09:52:23,Apple Pay,Refunded,false,2,4,239.98,15.00,4.99,229.97,70.00,159.97
ORD_002872,CUST_00431,2025-12-03 02:58:18,UPI,Completed,true,1,1,69.99,0.00,4.99,74.98,25.00,49.98
ORD_002873,CUST_00615,2025-12-24 10:55:31,UPI,Completed,true,1,3,389.97,0.00,4.99,394.96,165.00,229.96
ORD_002874,CUST_00701,2025-12-19 17:00:46,UPI,Completed,true,2,4,284.99,5.00,0.00,279.99,83.00,196.99
ORD_002875,CUST_00363,2026-01-19 12:40:50,Buy Now Pay Later,Completed,true,1,1,69.99,5.00,4.99,69.98,25.00,44.98
ORD_002876,CUST_00963,2025-06-22 15:33:50,PayPal,Completed,true,1,3,74.97,5.00,0.00,69.97,24.00,45.97
ORD_002877,CUST_00867,2026-01-17 05:47:13,PayPal,Completed,true,2,6,869.94,15.00,0.00,854.94,360.00,494.94
ORD_002878,CUST_00950,2025-12-30 09:37:29,UPI,Cancelled,false,1,2,259.98,0.00,4.99,264.97,110.00,154.97
ORD_002879,CUST_00181,2025-12-28 22:08:11,Credit Card,Completed,true,1,1,24.99,0.00,4.99,29.98,8.00,21.98
ORD_002880,CUST_00825,2025-12-22 21:31:53,Credit Card,Completed,true,2,3,209.97,15.00,9.99,204.96,74.00,130.96
ORD_002881,CUST_00303,2026-02-16 22:24:24,UPI,Completed,true,1,1,69.99,10.00,9.99,69.98,25.00,44.98
ORD_002882,CUST_00909,2025-12-02 00:19:05,UPI,Completed,true,1,3,104.97,5.00,4.99,104.96,30.00,74.96
ORD_002883,CUST_00579,2025-11-19 20:57:43,Buy Now Pay Later,Refunded,false,2,4,199.96,0.00,4.99,204.95,71.00,133.95
ORD_002884,CUST_00004,2025-03-20 12:29:45,PayPal,Completed,true,2,4,239.96,5.00,9.99,244.95,81.00,163.95
ORD_002885,CUST_00784,2025-12-03 08:30:21,Apple Pay,Refunded,false,4,7,389.93,0.00,4.99,394.92,137.00,257.92
ORD_002886,CUST_00045,2025-08-03 03:29:04,Credit Card,Completed,true,1,3,119.97,10.00,0.00,109.97,45.00,64.97
ORD_002887,CUST_00463,2025-04-17 02:41:51,PayPal,Completed,true,2,2,74.98,0.00,9.99,84.97,22.00,62.97
ORD_002888,CUST_00550,2025-09-20 01:57:02,UPI,Completed,true,2,6,809.94,5.00,4.99,809.93,345.00,464.93
ORD_002889,CUST_00747,2026-02-04 16:00:28,Buy Now Pay Later,Cancelled,false,2,5,174.95,5.00,4.99,174.94,50.00,124.94
ORD_002890,CUST_00640,2025-08-04 23:15:37,Credit Card,Completed,true,1,1,39.99,0.00,4.99,44.98,15.00,29.98
ORD_002891,CUST_00286,2025-09-16 22:31:18,Credit Card,Completed,true,2,6,389.97,10.00,9.99,389.96,162.00,227.96
ORD_002892,CUST_00548,2025-11-27 00:51:16,Apple Pay,Completed,true,4,6,389.94,0.00,9.99,399.93,155.00,244.93
ORD_002893,CUST_00205,2025-07-27 20:23:09,UPI,Completed,true,2,3,280.00,5.00,0.00,275.00,98.00,177.00
ORD_002894,CUST_00612,2025-09-24 22:03:18,Credit Card,Refunded,false,1,1,39.99,10.00,9.99,39.98,12.00,27.98
ORD_002895,CUST_00588,2025-12-29 23:50:25,UPI,Completed,true,2,4,189.97,10.00,0.00,179.97,55.00,124.97
ORD_002896,CUST_00715,2025-06-23 00:08:44,UPI,Completed,true,2,3,199.97,0.00,4.99,204.96,82.00,122.96
ORD_002897,CUST_00815,2025-10-17 16:29:47,PayPal,Completed,true,1,1,24.99,5.00,0.00,19.99,8.00,11.99
ORD_002898,CUST_00482,2026-02-20 23:16:25,Buy Now Pay Later,Completed,true,1,1,199.99,0.00,4.99,204.98,90.00,114.98
ORD_002899,CUST_00249,2026-01-04 01:46:13,Apple Pay,Cancelled,false,1,3,330.00,15.00,4.99,319.99,144.00,175.99
ORD_002900,CUST_00796,2026-02-03 00:36:14,Buy Now Pay Later,Refunded,false,1,3,59.97,0.00,9.99,69.96,18.00,51.96
ORD_002901,CUST_00562,2025-08-18 18:44:51,Buy Now Pay Later,Completed,true,1,3,104.97,15.00,0.00,89.97,30.00,59.97
ORD_002902,CUST_00158,2025-04-21 20:33:49,Credit Card,Completed,true,2,6,599.94,5.00,4.99,599.93,255.00,344.93
ORD_002903,CUST_00758,2025-04-23 07:53:47,PayPal,Completed,true,2,4,234.96,5.00,4.99,234.95,85.00,149.95
ORD_002904,CUST_00187,2026-02-19 23:05:19,Buy Now Pay Later,Completed,true,1,2,399.98,0.00,9.99,409.97,180.00,229.97
ORD_002905,CUST_00239,2026-01-28 06:48:58,Buy Now Pay Later,Refunded,false,1,2,69.98,0.00,0.00,69.98,20.00,49.98
ORD_002906,CUST_00326,2025-07-12 13:00:36,PayPal,Completed,true,1,1,24.99,0.00,9.99,34.98,8.00,26.98
ORD_002907,CUST_00917,2026-02-19 10:00:56,Buy Now Pay Later,Completed,true,2,5,509.95,10.00,0.00,499.95,211.00,288.95
ORD_002908,CUST_00678,2026-02-06 16:26:52,Apple Pay,Completed,true,3,7,217.93,0.00,9.99,227.92,69.00,158.92
ORD_002909,CUST_00768,2025-06-14 19:21:21,Apple Pay,Cancelled,false,1,3,119.97,15.00,0.00,104.97,36.00,68.97
ORD_002910,CUST_00969,2026-01-17 06:09:57,PayPal,Completed,true,1,3,389.97,0.00,0.00,389.97,165.00,224.97
ORD_002911,CUST_00482,2025-10-13 22:57:16,Credit Card,Completed,true,1,2,79.98,15.00,0.00,64.98,24.00,40.98
ORD_002912,CUST_00673,2025-11-03 04:36:45,Apple Pay,Cancelled,false,1,1,79.99,15.00,0.00,64.99,35.00,29.99
ORD_002913,CUST_00667,2025-10-11 22:46:59,Buy Now Pay Later,Cancelled,false,1,3,104.97,0.00,9.99,114.96,30.00,84.96
ORD_002914,CUST_00901,2026-01-28 00:13:52,PayPal,Completed,true,1,2,239.98,0.00,9.99,249.97,90.00,159.97
ORD_002915,CUST_00321,2025-08-29 13:04:51,Apple Pay,Completed,true,1,2,45.98,0.00,9.99,55.97,12.00,43.97
ORD_002916,CUST_00275,2025-12-25 10:51:29,Credit Card,Completed,true,2,4,127.96,0.00,9.99,137.95,36.00,101.95
ORD_002917,CUST_00287,2025-09-14 09:45:26,UPI,Completed,true,1,2,170.00,0.00,4.99,174.99,50.00,124.99
ORD_002918,CUST_00719,2025-12-30 18:36:23,Apple Pay,Completed,true,2,4,99.96,15.00,0.00,84.96,28.00,56.96
ORD_002919,CUST_00009,2025-11-23 18:18:35,Buy Now Pay Later,Completed,true,1,3,330.00,0.00,9.99,339.99,144.00,195.99
ORD_002920,CUST_00724,2025-09-03 11:12:25,PayPal,Completed,true,1,2,299.98,0.00,9.99,309.97,130.00,179.97
ORD_002921,CUST_00859,2025-10-22 16:43:26,UPI,Completed,true,2,4,684.97,10.00,0.00,674.97,295.00,379.97
ORD_002922,CUST_00924,2025-09-14 20:18:14,Apple Pay,Completed,true,2,4,359.96,0.00,9.99,369.95,140.00,229.95
ORD_002923,CUST_00592,2026-02-23 11:06:27,UPI,Completed,true,1,3,269.97,0.00,4.99,274.96,90.00,184.96
ORD_002924,CUST_00391,2025-09-28 03:30:58,Apple Pay,Refunded,false,2,2,109.98,0.00,9.99,119.97,36.00,83.97
ORD_002925,CUST_00551,2025-12-06 22:37:58,PayPal,Completed,true,2,6,644.97,15.00,9.99,639.96,240.00,399.96
ORD_002926,CUST_00017,2026-02-19 14:58:52,PayPal,Completed,true,2,3,159.97,0.00,9.99,169.96,59.00,110.96
ORD_002927,CUST_00388,2025-08-29 09:11:49,PayPal,Cancelled,false,1,1,24.99,0.00,4.99,29.98,8.00,21.98
ORD_002928,CUST_00826,2025-11-24 02:33:26,PayPal,Cancelled,false,2,4,409.98,0.00,4.99,414.97,140.00,274.97
ORD_002929,CUST_00105,2026-01-23 06:10:21,Credit Card,Refunded,false,1,3,255.00,0.00,9.99,264.99,75.00,189.99
ORD_002930,CUST_00446,2026-02-21 14:24:59,PayPal,Completed,true,3,6,479.94,15.00,9.99,474.93,171.00,303.93
ORD_002931,CUST_00568,2025-08-24 13:36:34,Credit Card,Completed,true,1,3,104.97,0.00,4.99,109.96,30.00,79.96
ORD_002932,CUST_00883,2025-10-02 18:56:10,Credit Card,Completed,true,4,9,437.93,5.00,9.99,442.92,156.00,286.92
ORD_002933,CUST_00895,2026-01-07 12:08:52,UPI,Completed,true,1,2,299.98,10.00,0.00,289.98,130.00,159.98
ORD_002934,CUST_00337,2025-08-20 23:12:20,Credit Card,Completed,true,1,1,22.99,10.00,0.00,12.99,6.00,6.99
ORD_002935,CUST_00781,2025-10-25 05:59:00,UPI,Refunded,false,1,1,39.99,10.00,9.99,39.98,15.00,24.98
ORD_002936,CUST_00957,2025-10-23 00:10:26,Buy Now Pay Later,Completed,true,2,4,309.98,15.00,4.99,299.97,100.00,199.97
ORD_002937,CUST_00461,2026-01-06 10:11:06,Credit Card,Refunded,false,2,5,159.95,0.00,4.99,164.94,53.00,111.94
ORD_002938,CUST_00874,2026-02-06 21:36:23,Buy Now Pay Later,Completed,true,3,4,274.96,0.00,4.99,279.95,112.00,167.95
ORD_002939,CUST_00027,2025-10-01 14:33:08,UPI,Refunded,false,1,2,59.98,0.00,4.99,64.97,22.00,42.97
ORD_002940,CUST_00850,2026-01-30 10:46:19,Apple Pay,Completed,true,1,1,149.99,0.00,9.99,159.98,65.00,94.98
ORD_002941,CUST_00556,2026-01-20 12:06:56,UPI,Refunded,false,1,2,159.98,15.00,0.00,144.98,70.00,74.98
ORD_002942,CUST_00679,2025-12-05 14:27:32,PayPal,Completed,true,2,5,254.95,0.00,9.99,264.94,84.00,180.94
ORD_002943,CUST_00909,2025-12-16 23:42:26,Apple Pay,Refunded,false,2,4,229.96,0.00,0.00,229.96,90.00,139.96
ORD_002944,CUST_00878,2026-02-20 09:33:22,Credit Card,Refunded,false,2,4,239.96,0.00,4.99,244.95,81.00,163.95
ORD_002945,CUST_00768,2025-08-22 12:12:41,Buy Now Pay Later,Completed,true,2,4,189.96,5.00,9.99,194.95,73.00,121.95
ORD_002946,CUST_00922,2026-01-03 13:49:30,Credit Card,Completed,true,1,3,599.97,0.00,4.99,604.96,270.00,334.96
ORD_002947,CUST_00880,2026-01-26 23:19:55,PayPal,Refunded,false,1,2,79.98,5.00,9.99,84.97,24.00,60.97
ORD_002948,CUST_00896,2026-01-20 01:46:28,Apple Pay,Completed,true,2,4,409.96,0.00,9.99,419.95,171.00,248.95
ORD_002949,CUST_00777,2025-10-30 18:25:03,PayPal,Refunded,false,3,5,294.95,10.00,4.99,289.94,114.00,175.94
ORD_002950,CUST_00023,2025-12-26 21:21:02,Apple Pay,Completed,true,1,1,34.99,5.00,9.99,39.98,10.00,29.98
ORD_002951,CUST_00991,2026-02-03 03:54:34,Apple Pay,Refunded,false,2,4,259.96,15.00,9.99,254.95,101.00,153.95
ORD_002952,CUST_00502,2025-11-09 00:20:59,Apple Pay,Completed,true,2,3,279.97,0.00,4.99,284.96,114.00,170.96
ORD_002953,CUST_00053,2025-06-01 08:43:54,Apple Pay,Cancelled,false,1,1,34.99,0.00,9.99,44.98,10.00,34.98
ORD_002954,CUST_00644,2026-02-09 09:53:42,PayPal,Completed,true,1,1,85.00,5.00,9.99,89.99,25.00,64.99
ORD_002955,CUST_00108,2025-03-05 02:41:53,Credit Card,Cancelled,false,4,9,769.94,15.00,4.99,759.93,306.00,453.93
ORD_002956,CUST_00460,2026-01-25 10:22:30,UPI,Completed,true,3,6,224.94,0.00,4.99,229.93,74.00,155.93
ORD_002957,CUST_00424,2026-01-02 09:13:38,Apple Pay,Completed,true,1,3,209.97,5.00,9.99,214.96,75.00,139.96
ORD_002958,CUST_00043,2026-02-02 18:44:46,Apple Pay,Refunded,false,3,8,253.92,0.00,4.99,258.91,72.00,186.91
ORD_002959,CUST_00294,2026-02-20 18:30:51,PayPal,Completed,true,3,7,589.93,10.00,4.99,584.92,241.00,343.92
ORD_002960,CUST_00807,2026-01-07 22:38:08,UPI,Completed,true,4,6,449.94,5.00,9.99,454.93,163.00,291.93
ORD_002961,CUST_00024,2025-11-09 18:11:18,UPI,Completed,true,1,2,259.98,0.00,9.99,269.97,110.00,159.97
ORD_002962,CUST_00205,2025-10-15 01:08:38,PayPal,Completed,true,1,1,39.99,0.00,9.99,49.98,12.00,37.98
ORD_002963,CUST_00637,2026-02-06 22:36:27,Credit Card,Completed,true,2,4,469.96,0.00,9.99,479.95,200.00,279.95
ORD_002964,CUST_00408,2025-07-07 18:34:08,Apple Pay,Cancelled,false,2,4,299.96,15.00,4.99,289.95,111.00,178.95
ORD_002965,CUST_00982,2025-12-26 00:00:03,PayPal,Cancelled,false,2,4,449.99,0.00,0.00,449.99,189.00,260.99
ORD_002966,CUST_00965,2026-02-12 19:15:21,Credit Card,Completed,true,4,6,414.94,0.00,9.99,424.93,166.00,258.93
ORD_002967,CUST_00835,2025-08-17 07:57:40,Buy Now Pay Later,Refunded,false,4,12,848.91,10.00,9.99,848.90,345.00,503.90
ORD_002968,CUST_00409,2026-02-01 13:50:55,UPI,Completed,true,4,7,555.93,10.00,0.00,545.93,227.00,318.93
ORD_002969,CUST_00320,2026-01-09 14:34:39,UPI,Completed,true,1,3,59.97,0.00,9.99,69.96,18.00,51.96
ORD_002970,CUST_00499,2026-02-03 09:09:28,UPI,Completed,true,1,2,59.98,15.00,9.99,54.97,22.00,32.97
ORD_002971,CUST_00688,2025-12-02 06:13:32,PayPal,Completed,true,2,4,239.96,15.00,4.99,229.95,100.00,129.95
ORD_002972,CUST_00352,2025-11-07 14:53:01,Credit Card,Refunded,false,1,2,59.98,15.00,9.99,54.97,16.00,38.97
ORD_002973,CUST_00736,2025-12-17 14:37:00,PayPal,Cancelled,false,1,3,359.97,0.00,9.99,369.96,135.00,234.96
ORD_002974,CUST_00722,2025-09-26 12:39:21,Apple Pay,Completed,true,1,2,119.98,0.00,4.99,124.97,44.00,80.97
ORD_002975,CUST_00697,2026-02-04 03:28:09,Credit Card,Refunded,false,2,3,219.97,0.00,4.99,224.96,75.00,149.96
ORD_002976,CUST_00222,2025-03-26 08:48:46,Apple Pay,Refunded,false,1,2,399.98,0.00,4.99,404.97,180.00,224.97
ORD_002977,CUST_00889,2026-01-02 19:19:53,Buy Now Pay Later,Completed,true,2,3,294.97,5.00,9.99,299.96,120.00,179.96
ORD_002978,CUST_00268,2025-11-15 11:51:12,Apple Pay,Completed,true,3,4,184.96,0.00,9.99,194.95,73.00,121.95
ORD_002979,CUST_00953,2026-01-31 13:36:21,PayPal,Cancelled,false,1,2,239.98,10.00,4.99,234.97,90.00,144.97
ORD_002980,CUST_00085,2025-10-12 16:52:31,UPI,Cancelled,false,2,3,124.98,0.00,4.99,129.97,37.00,92.97
ORD_002981,CUST_00209,2026-01-07 18:54:03,Apple Pay,Completed,true,3,6,474.94,0.00,0.00,474.94,189.00,285.94
ORD_002982,CUST_00274,2026-01-19 08:18:55,Buy Now Pay Later,Completed,true,2,5,609.97,0.00,9.99,619.96,261.00,358.96
ORD_002983,CUST_00654,2025-05-31 17:45:21,Apple Pay,Cancelled,false,1,3,68.97,10.00,4.99,63.96,18.00,45.96
ORD_002984,CUST_00827,2026-01-23 03:11:59,UPI,Completed,true,3,7,569.93,0.00,9.99,579.92,225.00,354.92
ORD_002985,CUST_00860,2025-10-08 02:20:51,Buy Now Pay Later,Completed,true,1,1,85.00,0.00,0.00,85.00,25.00,60.00
ORD_002986,CUST_00966,2025-08-14 16:38:49,Buy Now Pay Later,Refunded,false,1,3,68.97,10.00,0.00,58.97,18.00,40.97
ORD_002987,CUST_00784,2025-08-07 12:01:30,Apple Pay,Cancelled,false,1,2,49.98,10.00,0.00,39.98,16.00,23.98
ORD_002988,CUST_00194,2025-06-13 05:12:35,Buy Now Pay Later,Completed,true,2,5,359.95,0.00,0.00,359.95,126.00,233.95
ORD_002989,CUST_00475,2025-07-31 21:43:46,PayPal,Completed,true,3,5,449.95,10.00,4.99,444.94,180.00,264.94
ORD_002990,CUST_00093,2026-02-27 17:27:02,PayPal,Completed,true,1,1,69.99,0.00,0.00,69.99,25.00,44.99
ORD_002991,CUST_00341,2026-02-28 03:55:25,Apple Pay,Cancelled,false,1,1,24.99,0.00,0.00,24.99,8.00,16.99
ORD_002992,CUST_00040,2026-01-28 12:56:44,Credit Card,Completed,true,3,7,449.93,5.00,9.99,454.92,182.00,272.92
ORD_002993,CUST_00916,2025-07-18 17:46:06,Apple Pay,Refunded,false,4,10,508.92,15.00,4.99,498.91,192.00,306.91
ORD_002994,CUST_00443,2025-12-21 03:27:13,PayPal,Cancelled,false,3,7,679.93,10.00,9.99,679.92,281.00,398.92
ORD_002995,CUST_00145,2025-11-04 22:04:35,UPI,Refunded,false,3,6,424.96,0.00,0.00,424.96,145.00,279.96
ORD_002996,CUST_00958,2025-09-15 17:00:18,UPI,Completed,true,1,3,149.97,15.00,9.99,144.96,60.00,84.96
ORD_002997,CUST_00390,2025-04-09 08:53:21,PayPal,Completed,true,1,3,89.97,15.00,0.00,74.97,24.00,50.97
ORD_002998,CUST_00257,2025-12-07 03:03:26,Buy Now Pay Later,Cancelled,false,1,1,22.99,0.00,4.99,27.98,6.00,21.98
ORD_002999,CUST_00156,2026-02-10 09:33:35,PayPal,Completed,true,2,5,339.97,15.00,4.99,329.96,132.00,197.96
ORD_003000,CUST_00856,2025-10-08 03:31:45,Apple Pay,Refunded,false,2,5,319.95,10.00,0.00,309.95,135.00,174.95
ORD_003001,CUST_00819,2026-01-14 10:01:44,PayPal,Completed,true,2,6,569.97,10.00,0.00,559.97,249.00,310.97
ORD_003002,CUST_00649,2026-01-28 21:02:16,UPI,Completed,true,1,1,39.99,10.00,9.99,39.98,15.00,24.98
ORD_003003,CUST_00721,2025-10-14 11:39:40,UPI,Completed,true,1,2,399.98,15.00,9.99,394.97,180.00,214.97
ORD_003004,CUST_00573,2025-09-04 08:04:55,Buy Now Pay Later,Refunded,false,1,2,79.98,0.00,0.00,79.98,30.00,49.98
ORD_003005,CUST_00962,2025-04-26 17:47:55,Credit Card,Completed,true,2,5,439.95,0.00,0.00,439.95,176.00,263.95
ORD_003006,CUST_00525,2025-02-17 03:04:08,Apple Pay,Cancelled,false,3,5,239.95,5.00,0.00,234.95,84.00,150.95
ORD_003007,CUST_00811,2025-08-28 21:40:28,Apple Pay,Completed,true,1,2,220.00,0.00,4.99,224.99,96.00,128.99
ORD_003008,CUST_00978,2025-11-23 16:34:43,Buy Now Pay Later,Cancelled,false,4,11,1359.89,0.00,9.99,1369.88,590.00,779.88
ORD_003009,CUST_00447,2026-01-01 21:42:12,Apple Pay,Cancelled,false,1,3,599.97,0.00,4.99,604.96,270.00,334.96
ORD_003010,CUST_00862,2026-02-11 09:35:18,Buy Now Pay Later,Completed,true,3,8,488.92,5.00,9.99,493.91,169.00,324.91
ORD_003011,CUST_00902,2025-10-09 01:13:29,Credit Card,Completed,true,1,1,85.00,10.00,0.00,75.00,25.00,50.00
ORD_003012,CUST_00399,2026-01-01 06:14:37,Credit Card,Completed,true,1,1,39.99,0.00,9.99,49.98,15.00,34.98
ORD_003013,CUST_00101,2025-09-24 09:36:50,Apple Pay,Refunded,false,1,3,104.97,5.00,9.99,109.96,30.00,79.96
ORD_003014,CUST_00772,2026-02-01 07:46:14,Credit Card,Completed,true,2,3,244.98,0.00,9.99,254.97,95.00,159.97
ORD_003015,CUST_00125,2026-02-11 15:27:55,PayPal,Cancelled,false,2,4,124.96,0.00,9.99,134.95,34.00,100.95
ORD_003016,CUST_00974,2025-09-17 12:54:48,Buy Now Pay Later,Completed,true,1,3,149.97,0.00,4.99,154.96,60.00,94.96
ORD_003017,CUST_00049,2025-12-12 01:05:49,Buy Now Pay Later,Completed,true,1,2,79.98,10.00,0.00,69.98,30.00,39.98
ORD_003018,CUST_00904,2025-04-21 04:16:12,Buy Now Pay Later,Cancelled,false,1,2,49.98,15.00,0.00,34.98,16.00,18.98
ORD_003019,CUST_00747,2025-10-17 04:17:40,Apple Pay,Completed,true,2,6,329.94,0.00,9.99,339.93,111.00,228.93
ORD_003020,CUST_00414,2026-02-14 21:12:23,PayPal,Refunded,false,2,4,209.96,5.00,9.99,214.95,83.00,131.95
ORD_003021,CUST_00377,2026-02-09 17:56:15,Buy Now Pay Later,Cancelled,false,3,5,217.95,10.00,0.00,207.95,66.00,141.95
ORD_003022,CUST_00224,2025-05-29 18:12:12,Buy Now Pay Later,Completed,true,1,2,399.98,5.00,9.99,404.97,180.00,224.97
ORD_003023,CUST_00438,2026-02-26 20:55:22,UPI,Cancelled,false,1,3,59.97,5.00,4.99,59.96,18.00,41.96
ORD_003024,CUST_00019,2026-02-04 11:57:17,Apple Pay,Completed,true,1,3,68.97,0.00,4.99,73.96,18.00,55.96
ORD_003025,CUST_00288,2025-11-28 22:48:36,Apple Pay,Refunded,false,1,3,119.97,0.00,0.00,119.97,45.00,74.97
ORD_003026,CUST_00206,2025-09-01 12:21:27,Apple Pay,Completed,true,1,3,330.00,15.00,9.99,324.99,144.00,180.99
ORD_003027,CUST_00644,2025-12-29 00:47:35,UPI,Refunded,false,2,3,114.97,10.00,9.99,114.96,34.00,80.96
ORD_003028,CUST_00991,2025-12-18 07:04:42,PayPal,Completed,true,2,4,179.96,5.00,9.99,184.95,60.00,124.95
ORD_003029,CUST_00331,2026-01-19 12:29:41,PayPal,Completed,true,3,7,259.93,0.00,4.99,264.92,88.00,176.92
ORD_003030,CUST_00365,2025-12-16 06:43:29,Apple Pay,Completed,true,1,1,110.00,15.00,4.99,99.99,48.00,51.99
ORD_003031,CUST_00627,2025-12-19 03:42:28,Credit Card,Completed,true,2,4,179.96,15.00,0.00,164.96,63.00,101.96
ORD_003032,CUST_00360,2026-01-14 05:00:28,Credit Card,Completed,true,1,1,49.99,5.00,0.00,44.99,20.00,24.99
ORD_003033,CUST_00777,2025-09-29 17:28:56,PayPal,Refunded,false,1,1,39.99,0.00,4.99,44.98,15.00,29.98
ORD_003034,CUST_00537,2025-11-25 18:25:54,PayPal,Refunded,false,2,4,169.96,15.00,9.99,164.95,60.00,104.95
ORD_003035,CUST_00421,2025-10-20 01:12:28,Credit Card,Completed,true,2,4,134.96,5.00,9.99,139.95,38.00,101.95
ORD_003036,CUST_00896,2025-09-15 22:41:32,Buy Now Pay Later,Completed,true,1,1,24.99,0.00,4.99,29.98,8.00,21.98
ORD_003037,CUST_00074,2026-01-16 23:02:26,UPI,Completed,true,1,2,239.98,0.00,9.99,249.97,90.00,159.97
ORD_003038,CUST_00765,2025-08-23 16:26:33,Apple Pay,Completed,true,3,5,289.95,5.00,0.00,284.95,105.00,179.95
ORD_003039,CUST_00914,2025-08-02 12:33:58,UPI,Completed,true,2,6,179.94,0.00,9.99,189.93,54.00,135.93
ORD_003040,CUST_00142,2026-02-18 17:31:54,UPI,Completed,true,1,3,449.97,15.00,0.00,434.97,195.00,239.97
ORD_003041,CUST_00874,2025-09-26 11:20:47,Apple Pay,Refunded,false,2,4,179.96,15.00,9.99,174.95,70.00,104.95
ORD_003042,CUST_00757,2026-02-23 14:34:32,Credit Card,Cancelled,false,1,1,29.99,0.00,9.99,39.98,8.00,31.98
ORD_003043,CUST_00088,2026-02-13 14:00:45,UPI,Completed,true,2,4,95.96,0.00,0.00,95.96,28.00,67.96
ORD_003044,CUST_00896,2025-07-05 15:52:48,UPI,Refunded,false,1,2,179.98,5.00,0.00,174.98,60.00,114.98
ORD_003045,CUST_00223,2026-02-26 03:37:06,UPI,Completed,true,1,1,29.99,0.00,4.99,34.98,8.00,26.98
ORD_003046,CUST_00457,2025-09-28 02:01:11,Buy Now Pay Later,Refunded,false,2,6,359.94,0.00,0.00,359.94,141.00,218.94
ORD_003047,CUST_00961,2025-06-28 14:39:55,Credit Card,Refunded,false,2,4,149.96,0.00,4.99,154.95,47.00,107.95
ORD_003048,CUST_00694,2026-01-23 22:07:21,Apple Pay,Completed,true,1,1,59.99,10.00,0.00,49.99,22.00,27.99
ORD_003049,CUST_00689,2026-01-08 01:25:07,PayPal,Completed,true,3,8,503.95,10.00,9.99,503.94,153.00,350.94
ORD_003050,CUST_00679,2026-02-14 19:17:20,Apple Pay,Completed,true,1,3,59.97,0.00,4.99,64.96,18.00,46.96
ORD_003051,CUST_00920,2025-12-20 12:22:56,Buy Now Pay Later,Completed,true,1,2,299.98,0.00,9.99,309.97,130.00,179.97
ORD_003052,CUST_00665,2026-02-09 17:12:14,Buy Now Pay Later,Cancelled,false,1,2,119.98,0.00,4.99,124.97,44.00,80.97
ORD_003053,CUST_00674,2026-02-19 15:11:27,PayPal,Completed,true,1,3,59.97,10.00,0.00,49.97,18.00,31.97
ORD_003054,CUST_00003,2026-02-06 23:26:48,UPI,Refunded,false,1,3,255.00,0.00,4.99,259.99,75.00,184.99
ORD_003055,CUST_00247,2026-02-03 10:16:11,UPI,Completed,true,1,1,110.00,10.00,4.99,104.99,48.00,56.99
ORD_003056,CUST_00053,2025-02-07 12:34:27,UPI,Completed,true,1,2,299.98,15.00,4.99,289.97,130.00,159.97
ORD_003057,CUST_00880,2026-01-26 09:20:58,Apple Pay,Completed,true,2,6,464.94,15.00,0.00,449.94,165.00,284.94
ORD_003058,CUST_00496,2025-04-18 19:49:08,Apple Pay,Completed,true,1,2,220.00,5.00,9.99,224.99,96.00,128.99
ORD_003059,CUST_00261,2025-10-05 02:25:49,UPI,Completed,true,1,3,119.97,0.00,0.00,119.97,36.00,83.97
ORD_003060,CUST_00337,2025-12-26 20:25:12,PayPal,Completed,true,1,3,449.97,0.00,0.00,449.97,195.00,254.97
ORD_003061,CUST_00376,2025-12-07 19:33:12,Buy Now Pay Later,Completed,true,2,4,289.98,5.00,9.99,294.97,116.00,178.97
ORD_003062,CUST_00371,2025-11-02 23:01:10,Apple Pay,Completed,true,2,6,809.94,0.00,9.99,819.93,345.00,474.93
ORD_003063,CUST_00121,2025-08-22 06:06:12,Apple Pay,Completed,true,1,2,49.98,15.00,9.99,44.97,16.00,28.97
ORD_003064,CUST_00002,2025-11-03 22:45:06,UPI,Completed,true,1,3,104.97,5.00,9.99,109.96,30.00,79.96
ORD_003065,CUST_00734,2025-09-20 07:07:07,PayPal,Completed,true,2,3,114.97,5.00,9.99,119.96,34.00,85.96
ORD_003066,CUST_00570,2025-12-23 03:44:54,PayPal,Cancelled,false,1,2,299.98,0.00,9.99,309.97,130.00,179.97
ORD_003067,CUST_00962,2025-08-30 00:43:57,Credit Card,Completed,true,2,4,669.96,0.00,4.99,674.95,295.00,379.95
ORD_003068,CUST_00845,2025-11-19 23:16:06,Credit Card,Completed,true,1,3,89.97,0.00,9.99,99.96,33.00,66.96
ORD_003069,CUST_00867,2025-10-14 23:28:34,Buy Now Pay Later,Completed,true,1,3,599.97,5.00,4.99,599.96,270.00,329.96
ORD_003070,CUST_00277,2025-11-08 18:37:21,PayPal,Completed,true,1,3,59.97,15.00,9.99,54.96,18.00,36.96
ORD_003071,CUST_00321,2025-09-02 15:24:44,Apple Pay,Cancelled,false,1,3,119.97,0.00,9.99,129.96,45.00,84.96
ORD_003072,CUST_00830,2025-12-22 10:03:07,PayPal,Completed,true,2,3,89.97,5.00,4.99,89.96,26.00,63.96
ORD_003073,CUST_00810,2026-01-26 17:40:36,Credit Card,Completed,true,4,7,394.96,0.00,4.99,399.95,147.00,252.95
ORD_003074,CUST_00552,2025-08-21 09:34:41,PayPal,Completed,true,2,4,194.96,0.00,0.00,194.96,69.00,125.96
ORD_003075,CUST_00077,2026-01-25 04:01:15,UPI,Completed,true,1,3,89.97,0.00,0.00,89.97,33.00,56.97
ORD_003076,CUST_00318,2025-07-24 14:16:58,Buy Now Pay Later,Completed,true,1,2,239.98,0.00,4.99,244.97,90.00,154.97
ORD_003077,CUST_00453,2025-12-25 07:35:50,Credit Card,Cancelled,false,1,3,239.97,0.00,9.99,249.96,105.00,144.96
ORD_003078,CUST_00053,2025-12-21 20:16:46,PayPal,Cancelled,false,2,3,239.99,0.00,9.99,249.98,102.00,147.98
ORD_003079,CUST_00526,2025-10-18 14:17:30,UPI,Completed,true,1,3,59.97,0.00,9.99,69.96,18.00,51.96
ORD_003080,CUST_00969,2026-02-02 21:43:02,UPI,Cancelled,false,2,5,379.95,10.00,9.99,379.94,155.00,224.94
ORD_003081,CUST_00107,2025-12-30 17:24:42,PayPal,Completed,true,2,3,139.97,0.00,4.99,144.96,46.00,98.96
ORD_003082,CUST_00825,2025-11-22 00:50:09,Apple Pay,Completed,true,3,7,230.93,10.00,0.00,220.93,66.00,154.93
ORD_003083,CUST_00777,2025-09-26 07:23:15,Apple Pay,Completed,true,4,6,344.95,0.00,4.99,349.94,126.00,223.94
ORD_003084,CUST_00534,2025-04-17 04:13:57,UPI,Cancelled,false,2,4,539.96,0.00,4.99,544.95,230.00,314.95
ORD_003085,CUST_00990,2025-02-01 17:58:22,Buy Now Pay Later,Cancelled,false,1,1,199.99,0.00,9.99,209.98,90.00,119.98
ORD_003086,CUST_00707,2025-12-20 03:49:21,Apple Pay,Completed,true,3,5,189.95,0.00,9.99,199.94,64.00,135.94
ORD_003087,CUST_00392,2026-01-20 00:27:26,Buy Now Pay Later,Completed,true,1,1,129.99,0.00,9.99,139.98,55.00,84.98
ORD_003088,CUST_00204,2026-01-08 15:16:39,PayPal,Completed,true,1,2,399.98,0.00,0.00,399.98,180.00,219.98
ORD_003089,CUST_00174,2025-11-21 19:54:42,UPI,Completed,true,3,6,379.96,10.00,4.99,374.95,136.00,238.95
ORD_003090,CUST_00048,2026-02-12 05:56:26,UPI,Refunded,false,1,2,39.98,15.00,9.99,34.97,12.00,22.97
ORD_003091,CUST_00112,2026-02-05 19:14:04,Apple Pay,Completed,true,2,3,149.97,15.00,9.99,144.96,55.00,89.96
ORD_003092,CUST_00432,2026-01-25 14:30:03,UPI,Completed,true,2,2,149.98,0.00,0.00,149.98,61.00,88.98
ORD_003093,CUST_00289,2025-11-30 21:07:06,Credit Card,Refunded,false,3,8,855.92,15.00,4.99,845.91,357.00,488.91
ORD_003094,CUST_00228,2025-09-08 06:34:39,UPI,Completed,true,3,7,509.93,15.00,4.99,499.92,179.00,320.92
ORD_003095,CUST_00479,2025-07-01 22:02:04,PayPal,Completed,true,2,6,599.94,0.00,4.99,604.93,240.00,364.93
ORD_003096,CUST_00021,2026-01-11 00:47:10,UPI,Completed,true,2,4,304.96,10.00,9.99,304.95,120.00,184.95
ORD_003097,CUST_00235,2025-12-28 16:47:31,UPI,Completed,true,1,3,149.97,15.00,9.99,144.96,60.00,84.96
ORD_003098,CUST_00055,2025-11-02 21:27:26,Credit Card,Refunded,false,1,1,110.00,10.00,9.99,109.99,48.00,61.99
ORD_003099,CUST_00407,2025-12-27 13:34:04,PayPal,Completed,true,2,3,189.97,5.00,4.99,189.96,81.00,108.96
ORD_003100,CUST_00945,2025-10-08 17:02:22,UPI,Completed,true,2,2,109.98,0.00,0.00,109.98,40.00,69.98
ORD_003101,CUST_00179,2025-06-08 12:55:33,UPI,Completed,true,2,4,205.96,15.00,9.99,200.95,82.00,118.95
ORD_003102,CUST_00527,2026-01-30 08:37:16,PayPal,Completed,true,3,6,519.97,0.00,9.99,529.96,173.00,356.96
ORD_003103,CUST_00699,2026-02-27 18:20:04,PayPal,Cancelled,false,1,2,39.98,0.00,4.99,44.97,12.00,32.97
ORD_003104,CUST_00872,2025-03-20 04:49:42,PayPal,Completed,true,1,3,104.97,5.00,9.99,109.96,30.00,79.96
ORD_003105,CUST_00723,2026-02-02 05:32:42,Apple Pay,Completed,true,1,1,89.99,15.00,0.00,74.99,30.00,44.99
ORD_003106,CUST_00930,2025-09-01 21:00:41,Apple Pay,Completed,true,3,9,824.91,10.00,4.99,819.90,324.00,495.90
ORD_003107,CUST_00724,2025-11-23 11:40:27,Credit Card,Refunded,false,2,4,539.96,10.00,4.99,534.95,220.00,314.95
ORD_003108,CUST_00084,2026-01-27 08:51:36,Buy Now Pay Later,Cancelled,false,1,2,399.98,0.00,4.99,404.97,180.00,224.97
ORD_003109,CUST_00930,2025-08-20 15:56:22,UPI,Refunded,false,1,1,39.99,0.00,9.99,49.98,15.00,34.98
ORD_003110,CUST_00338,2025-10-10 02:10:57,Buy Now Pay Later,Completed,true,1,3,359.97,15.00,9.99,354.96,135.00,219.96
ORD_003111,CUST_00329,2025-10-09 22:02:19,Buy Now Pay Later,Completed,true,1,2,45.98,0.00,0.00,45.98,12.00,33.98
ORD_003112,CUST_00783,2026-02-18 01:10:03,UPI,Completed,true,1,2,39.98,0.00,0.00,39.98,12.00,27.98
ORD_003113,CUST_00230,2025-12-18 17:41:51,UPI,Completed,true,3,3,184.97,0.00,9.99,194.96,66.00,128.96
ORD_003114,CUST_00232,2025-05-28 21:46:34,Apple Pay,Completed,true,2,3,69.97,0.00,4.99,74.96,23.00,51.96
ORD_003115,CUST_00799,2025-10-09 01:39:38,UPI,Completed,true,2,4,268.96,10.00,4.99,263.95,108.00,155.95
ORD_003116,CUST_00864,2025-09-30 12:54:46,Apple Pay,Refunded,false,1,2,220.00,5.00,0.00,215.00,96.00,119.00
ORD_003117,CUST_00167,2025-12-18 02:01:20,Apple Pay,Completed,true,1,2,69.98,0.00,9.99,79.97,20.00,59.97
ORD_003118,CUST_00424,2025-12-31 14:01:51,UPI,Completed,true,1,2,79.98,10.00,4.99,74.97,24.00,50.97
ORD_003119,CUST_00903,2026-01-16 16:14:51,UPI,Completed,true,1,1,110.00,5.00,4.99,109.99,48.00,61.99
ORD_003120,CUST_00525,2026-01-19 07:57:16,Buy Now Pay Later,Completed,true,1,2,69.98,0.00,4.99,74.97,20.00,54.97
ORD_003121,CUST_00275,2026-02-13 04:08:52,Apple Pay,Completed,true,2,5,264.95,10.00,9.99,264.94,100.00,164.94
ORD_003122,CUST_00542,2025-09-10 06:54:38,Buy Now Pay Later,Cancelled,false,1,3,59.97,5.00,9.99,64.96,18.00,46.96
ORD_003123,CUST_00612,2025-08-08 02:45:16,PayPal,Cancelled,false,2,5,429.95,0.00,9.99,439.94,177.00,262.94
ORD_003124,CUST_00488,2025-03-03 12:09:34,Buy Now Pay Later,Refunded,false,2,4,229.98,5.00,4.99,229.97,72.00,157.97
ORD_003125,CUST_00042,2026-02-06 09:15:50,UPI,Cancelled,false,1,1,34.99,5.00,0.00,29.99,10.00,19.99
ORD_003126,CUST_00509,2025-11-09 12:21:34,Credit Card,Refunded,false,1,1,29.99,0.00,9.99,39.98,11.00,28.98
ORD_003127,CUST_00970,2026-02-19 18:01:24,Credit Card,Completed,true,4,9,308.91,0.00,0.00,308.91,109.00,199.91
ORD_003128,CUST_00295,2025-10-11 19:47:13,PayPal,Completed,true,1,3,359.97,0.00,0.00,359.97,135.00,224.97
ORD_003129,CUST_00604,2025-08-14 05:39:05,Credit Card,Completed,true,1,2,159.98,5.00,9.99,164.97,70.00,94.97
ORD_003130,CUST_00580,2025-11-07 15:22:54,Apple Pay,Cancelled,false,1,3,239.97,5.00,9.99,244.96,105.00,139.96
ORD_003131,CUST_00134,2025-11-08 17:54:35,Buy Now Pay Later,Completed,true,1,2,139.98,0.00,0.00,139.98,50.00,89.98
ORD_003132,CUST_00093,2025-09-14 23:21:28,Credit Card,Refunded,false,1,2,79.98,15.00,0.00,64.98,24.00,40.98
ORD_003133,CUST_00883,2025-07-30 17:07:02,UPI,Completed,true,2,3,195.97,0.00,9.99,205.96,77.00,128.96
ORD_003134,CUST_00110,2025-07-30 18:51:26,Apple Pay,Refunded,false,2,4,219.96,0.00,0.00,219.96,86.00,133.96
ORD_003135,CUST_00927,2025-11-27 10:18:45,PayPal,Refunded,false,3,5,569.95,5.00,4.99,569.94,231.00,338.94
ORD_003136,CUST_00492,2025-11-06 13:30:21,PayPal,Completed,true,2,2,52.98,5.00,0.00,47.98,17.00,30.98
ORD_003137,CUST_00740,2026-02-12 06:32:58,Credit Card,Completed,true,1,1,119.99,0.00,4.99,124.98,45.00,79.98
ORD_003138,CUST_00637,2026-02-19 10:32:59,PayPal,Completed,true,2,5,109.95,10.00,9.99,109.94,34.00,75.94
ORD_003139,CUST_00580,2025-12-29 06:32:06,Credit Card,Completed,true,1,2,59.98,5.00,0.00,54.98,16.00,38.98
ORD_003140,CUST_00821,2025-12-02 21:10:20,UPI,Completed,true,2,6,329.94,10.00,0.00,319.94,108.00,211.94
ORD_003141,CUST_00402,2025-09-09 08:51:58,PayPal,Completed,true,1,3,239.97,0.00,0.00,239.97,105.00,134.97
ORD_003142,CUST_00571,2025-10-21 13:37:42,Credit Card,Completed,true,1,1,79.99,0.00,0.00,79.99,35.00,44.99
ORD_003143,CUST_00540,2025-08-29 14:04:59,PayPal,Completed,true,1,3,389.97,0.00,0.00,389.97,165.00,224.97
ORD_003144,CUST_00164,2026-02-23 22:00:00,Apple Pay,Cancelled,false,2,4,419.96,15.00,4.99,409.95,180.00,229.95
ORD_003145,CUST_00970,2026-02-11 16:22:13,PayPal,Completed,true,1,3,89.97,5.00,9.99,94.96,24.00,70.96
ORD_003146,CUST_00886,2026-02-26 18:50:38,PayPal,Completed,true,1,2,69.98,5.00,4.99,69.97,20.00,49.97
ORD_003147,CUST_00328,2025-07-12 19:43:40,Buy Now Pay Later,Completed,true,1,2,139.98,15.00,9.99,134.97,50.00,84.97
ORD_003148,CUST_00259,2025-12-07 04:14:38,Apple Pay,Completed,true,3,8,1049.92,5.00,9.99,1054.91,435.00,619.91
ORD_003149,CUST_00955,2025-07-31 05:38:39,PayPal,Completed,true,1,1,110.00,10.00,4.99,104.99,48.00,56.99
ORD_003150,CUST_00706,2026-02-26 01:30:32,Credit Card,Completed,true,1,2,159.98,5.00,0.00,154.98,70.00,84.98
ORD_003151,CUST_00344,2026-01-15 11:34:44,Credit Card,Refunded,false,1,2,79.98,5.00,4.99,79.97,30.00,49.97
ORD_003152,CUST_00760,2025-12-02 20:03:00,UPI,Refunded,false,1,1,49.99,10.00,9.99,49.98,20.00,29.98
ORD_003153,CUST_00098,2025-07-23 23:16:12,UPI,Completed,true,2,4,124.96,5.00,9.99,129.95,36.00,93.95
ORD_003154,CUST_00029,2026-02-15 08:44:34,Credit Card,Completed,true,1,3,104.97,0.00,0.00,104.97,30.00,74.97
ORD_003155,CUST_00159,2025-12-17 13:38:23,PayPal,Cancelled,false,2,5,359.95,0.00,9.99,369.94,135.00,234.94
ORD_003156,CUST_00862,2026-01-08 08:28:19,Buy Now Pay Later,Completed,true,2,4,144.96,10.00,4.99,139.95,44.00,95.95
ORD_003157,CUST_00932,2025-12-25 15:23:15,UPI,Completed,true,2,4,559.97,0.00,0.00,559.97,243.00,316.97
ORD_003158,CUST_00662,2025-12-20 17:41:40,Apple Pay,Completed,true,1,2,179.98,0.00,4.99,184.97,60.00,124.97
ORD_003159,CUST_00310,2026-01-12 04:43:08,UPI,Completed,true,3,4,135.96,0.00,9.99,145.95,45.00,100.95
ORD_003160,CUST_00355,2025-10-19 15:19:46,PayPal,Completed,true,2,5,405.95,15.00,0.00,390.95,147.00,243.95
ORD_003161,CUST_00589,2026-02-05 15:59:28,UPI,Cancelled,false,1,1,19.99,15.00,4.99,9.98,6.00,3.98
ORD_003162,CUST_00904,2026-01-01 22:07:32,Apple Pay,Completed,true,1,2,119.98,0.00,9.99,129.97,44.00,85.97
ORD_003163,CUST_00638,2025-10-14 13:04:27,UPI,Refunded,false,1,1,85.00,5.00,4.99,84.99,25.00,59.99
ORD_003164,CUST_00346,2026-01-12 07:39:35,Buy Now Pay Later,Cancelled,false,3,4,549.96,0.00,9.99,559.95,233.00,326.95
ORD_003165,CUST_00951,2026-02-03 18:00:25,UPI,Cancelled,false,1,3,179.97,0.00,4.99,184.96,66.00,118.96
ORD_003166,CUST_00885,2025-11-29 08:41:33,Buy Now Pay Later,Completed,true,2,3,269.97,0.00,0.00,269.97,110.00,159.97
ORD_003167,CUST_00716,2026-01-16 13:43:33,PayPal,Completed,true,1,2,39.98,0.00,4.99,44.97,12.00,32.97
ORD_003168,CUST_00392,2026-01-24 15:11:48,Credit Card,Cancelled,false,3,6,364.96,10.00,0.00,354.96,141.00,213.96
ORD_003169,CUST_00237,2025-02-21 00:48:06,Apple Pay,Refunded,false,2,3,434.97,0.00,9.99,444.96,190.00,254.96
ORD_003170,CUST_00248,2025-07-03 11:12:26,UPI,Cancelled,false,1,2,59.98,0.00,0.00,59.98,22.00,37.98
ORD_003171,CUST_00934,2025-04-06 04:13:46,Credit Card,Completed,true,1,1,149.99,5.00,9.99,154.98,65.00,89.98
ORD_003172,CUST_00650,2025-09-09 01:48:55,Apple Pay,Refunded,false,1,3,255.00,0.00,0.00,255.00,75.00,180.00
ORD_003173,CUST_00541,2025-12-20 05:52:22,Apple Pay,Completed,true,3,8,508.94,15.00,0.00,493.94,158.00,335.94
ORD_003174,CUST_00426,2026-01-12 02:29:21,Credit Card,Completed,true,2,2,239.99,0.00,9.99,249.98,103.00,146.98
ORD_003175,CUST_00442,2025-12-12 22:50:47,Credit Card,Completed,true,2,4,389.96,5.00,4.99,389.95,146.00,243.95
ORD_003176,CUST_00208,2025-12-08 20:36:00,Credit Card,Refunded,false,2,4,469.96,15.00,9.99,464.95,200.00,264.95
ORD_003177,CUST_00863,2025-12-01 21:18:04,UPI,Completed,true,1,3,179.97,0.00,0.00,179.97,66.00,113.97
ORD_003178,CUST_00501,2025-12-30 00:43:43,Apple Pay,Cancelled,false,2,4,254.96,15.00,0.00,239.96,95.00,144.96
ORD_003179,CUST_00255,2026-01-23 07:08:22,Credit Card,Completed,true,2,5,334.98,15.00,9.99,329.97,105.00,224.97
ORD_003180,CUST_00454,2025-08-04 02:18:57,Buy Now Pay Later,Completed,true,3,6,374.94,0.00,9.99,384.93,136.00,248.93
ORD_003181,CUST_00284,2025-10-20 23:52:38,PayPal,Completed,true,2,5,284.95,15.00,4.99,274.94,90.00,184.94
ORD_003182,CUST_00572,2026-01-30 00:10:41,Credit Card,Completed,true,1,1,24.99,0.00,9.99,34.98,8.00,26.98
ORD_003183,CUST_00253,2025-11-16 12:08:56,PayPal,Completed,true,1,1,149.99,0.00,9.99,159.98,65.00,94.98
ORD_003184,CUST_00186,2026-02-08 05:43:10,UPI,Completed,true,1,2,179.98,0.00,4.99,184.97,60.00,124.97
ORD_003185,CUST_00023,2026-02-18 16:26:17,PayPal,Refunded,false,2,3,84.97,0.00,0.00,84.97,30.00,54.97
ORD_003186,CUST_00046,2025-11-30 03:42:49,Apple Pay,Completed,true,1,1,39.99,0.00,0.00,39.99,15.00,24.99
ORD_003187,CUST_00839,2025-05-03 06:41:26,UPI,Completed,true,2,4,365.00,0.00,9.99,374.99,123.00,251.99
ORD_003188,CUST_00979,2025-12-22 14:31:19,Apple Pay,Cancelled,false,4,7,572.93,15.00,9.99,567.92,236.00,331.92
ORD_003189,CUST_00081,2026-02-11 02:15:23,Apple Pay,Refunded,false,1,1,110.00,0.00,0.00,110.00,48.00,62.00
ORD_003190,CUST_00523,2025-10-08 06:33:18,Apple Pay,Completed,true,2,3,199.97,0.00,0.00,199.97,75.00,124.97
ORD_003191,CUST_00733,2025-08-23 20:58:51,UPI,Cancelled,false,2,3,154.98,0.00,9.99,164.97,45.00,119.97
ORD_003192,CUST_00709,2026-02-22 06:16:51,PayPal,Completed,true,1,1,49.99,5.00,4.99,49.98,20.00,29.98
ORD_003193,CUST_00982,2025-10-08 12:33:36,UPI,Completed,true,1,1,79.99,5.00,0.00,74.99,35.00,39.99
ORD_003194,CUST_00866,2025-10-21 11:58:06,PayPal,Cancelled,false,2,3,155.98,15.00,4.99,145.97,60.00,85.97
ORD_003195,CUST_00010,2025-05-05 07:29:48,Apple Pay,Completed,true,1,1,129.99,0.00,0.00,129.99,55.00,74.99
ORD_003196,CUST_00057,2025-07-03 06:29:11,UPI,Refunded,false,2,5,269.95,0.00,9.99,279.94,91.00,188.94
ORD_003197,CUST_00472,2026-02-15 08:14:26,Credit Card,Completed,true,1,3,74.97,15.00,4.99,64.96,24.00,40.96
ORD_003198,CUST_00044,2026-02-26 02:32:51,Credit Card,Completed,true,1,1,129.99,0.00,4.99,134.98,55.00,79.98
ORD_003199,CUST_00751,2025-11-04 12:12:05,Buy Now Pay Later,Refunded,false,1,1,29.99,10.00,9.99,29.98,8.00,21.98
ORD_003200,CUST_00551,2026-01-16 18:06:44,UPI,Completed,true,1,1,69.99,15.00,0.00,54.99,25.00,29.99
ORD_003201,CUST_00569,2025-09-01 15:26:26,Buy Now Pay Later,Completed,true,1,3,89.97,5.00,9.99,94.96,24.00,70.96
ORD_003202,CUST_00361,2025-07-31 02:24:59,Credit Card,Refunded,false,3,8,789.95,0.00,9.99,799.94,342.00,457.94
ORD_003203,CUST_00343,2025-12-12 18:55:19,Buy Now Pay Later,Refunded,false,2,2,159.98,5.00,0.00,154.98,55.00,99.98
ORD_003204,CUST_00491,2025-09-17 02:01:19,Buy Now Pay Later,Cancelled,false,1,1,79.99,15.00,9.99,74.98,35.00,39.98
ORD_003205,CUST_00690,2026-02-19 03:24:40,Apple Pay,Completed,true,1,2,49.98,5.00,0.00,44.98,16.00,28.98
ORD_003206,CUST_00290,2025-03-07 04:41:01,UPI,Completed,true,2,5,285.95,0.00,0.00,285.95,117.00,168.95
ORD_003207,CUST_00976,2025-10-12 09:41:52,Apple Pay,Refunded,false,2,4,289.98,0.00,9.99,299.97,116.00,183.97
ORD_003208,CUST_00623,2025-12-28 05:38:47,UPI,Completed,true,1,2,259.98,0.00,4.99,264.97,110.00,154.97
ORD_003209,CUST_00578,2025-03-19 02:25:43,UPI,Completed,true,1,2,59.98,15.00,4.99,49.97,16.00,33.97
ORD_003210,CUST_00071,2026-02-07 19:22:02,Apple Pay,Completed,true,2,3,229.97,5.00,4.99,229.96,95.00,134.96
ORD_003211,CUST_00360,2026-02-23 07:51:52,Credit Card,Completed,true,3,8,494.92,0.00,9.99,504.91,180.00,324.91
ORD_003212,CUST_00215,2026-02-15 07:40:48,Buy Now Pay Later,Completed,true,1,2,399.98,0.00,4.99,404.97,180.00,224.97
ORD_003213,CUST_00439,2025-08-02 08:38:04,UPI,Completed,true,1,1,39.99,15.00,4.99,29.98,12.00,17.98
ORD_003214,CUST_00019,2026-02-17 08:26:45,UPI,Completed,true,1,1,39.99,15.00,9.99,34.98,12.00,22.98
ORD_003215,CUST_00607,2025-06-03 16:36:09,PayPal,Completed,true,1,1,59.99,10.00,4.99,54.98,22.00,32.98
ORD_003216,CUST_00873,2025-12-11 10:32:51,Apple Pay,Completed,true,1,2,399.98,0.00,4.99,404.97,180.00,224.97
ORD_003217,CUST_00329,2025-09-03 23:36:07,Credit Card,Cancelled,false,1,3,449.97,0.00,9.99,459.96,195.00,264.96
ORD_003218,CUST_00763,2026-01-10 09:17:06,UPI,Cancelled,false,2,5,118.95,10.00,4.99,113.94,34.00,79.94
ORD_003219,CUST_00243,2026-02-15 13:59:58,UPI,Refunded,false,1,1,59.99,5.00,0.00,54.99,22.00,32.99
ORD_003220,CUST_00014,2025-06-03 15:32:41,Credit Card,Completed,true,1,1,119.99,15.00,0.00,104.99,45.00,59.99
ORD_003221,CUST_00595,2025-12-05 23:43:47,Buy Now Pay Later,Completed,true,1,1,89.99,10.00,4.99,84.98,30.00,54.98
ORD_003222,CUST_00019,2026-01-12 08:56:24,UPI,Cancelled,false,4,9,269.91,0.00,4.99,274.90,91.00,183.90
ORD_003223,CUST_00509,2026-02-04 19:11:32,PayPal,Completed,true,1,1,29.99,10.00,4.99,24.98,8.00,16.98
ORD_003224,CUST_00345,2025-07-26 19:19:50,PayPal,Completed,true,2,2,269.98,0.00,0.00,269.98,115.00,154.98
ORD_003225,CUST_00133,2025-10-08 23:38:28,UPI,Completed,true,1,1,69.99,15.00,4.99,59.98,25.00,34.98
ORD_003226,CUST_00189,2025-12-21 23:32:55,Apple Pay,Completed,true,2,4,134.96,15.00,0.00,119.96,38.00,81.96
ORD_003227,CUST_00872,2025-05-22 12:51:29,UPI,Refunded,false,3,7,919.93,5.00,4.99,919.92,395.00,524.92
ORD_003228,CUST_00821,2025-11-24 13:57:25,Buy Now Pay Later,Completed,true,1,2,79.98,5.00,9.99,84.97,30.00,54.97
ORD_003229,CUST_00790,2026-01-04 09:01:16,PayPal,Completed,true,2,3,434.97,10.00,4.99,429.96,190.00,239.96
ORD_003230,CUST_00335,2025-06-16 22:12:12,Apple Pay,Completed,true,1,2,299.98,10.00,4.99,294.97,130.00,164.97
ORD_003231,CUST_00160,2025-08-25 03:26:49,PayPal,Completed,true,1,2,69.98,15.00,9.99,64.97,20.00,44.97
ORD_003232,CUST_00550,2025-12-12 13:55:44,PayPal,Completed,true,1,2,259.98,0.00,4.99,264.97,110.00,154.97
ORD_003233,CUST_00079,2025-11-18 20:06:29,Credit Card,Completed,true,1,3,389.97,0.00,9.99,399.96,165.00,234.96
ORD_003234,CUST_00157,2025-10-28 17:16:18,Credit Card,Cancelled,false,1,3,104.97,0.00,4.99,109.96,30.00,79.96
ORD_003235,CUST_00781,2025-06-13 21:26:10,Apple Pay,Cancelled,false,2,3,229.97,0.00,0.00,229.97,95.00,134.97
ORD_003236,CUST_00895,2026-02-07 08:18:50,UPI,Refunded,false,3,9,524.94,15.00,4.99,514.93,180.00,334.93
ORD_003237,CUST_00147,2025-12-01 18:38:38,PayPal,Cancelled,false,1,2,45.98,10.00,9.99,45.97,12.00,33.97
ORD_003238,CUST_00065,2025-04-22 13:35:45,Credit Card,Completed,true,1,3,104.97,0.00,0.00,104.97,30.00,74.97
ORD_003239,CUST_00107,2026-01-01 21:36:58,PayPal,Refunded,false,2,3,219.97,0.00,0.00,219.97,92.00,127.97
ORD_003240,CUST_00652,2025-08-08 03:54:45,Buy Now Pay Later,Completed,true,3,5,314.95,5.00,0.00,309.95,124.00,185.95
ORD_003241,CUST_00587,2025-10-19 08:05:58,Buy Now Pay Later,Completed,true,3,6,279.94,0.00,9.99,289.93,103.00,186.93
ORD_003242,CUST_00071,2025-07-13 07:44:27,Apple Pay,Completed,true,1,2,220.00,5.00,4.99,219.99,96.00,123.99
ORD_003243,CUST_00129,2025-05-27 09:47:19,Credit Card,Completed,true,1,2,79.98,10.00,4.99,74.97,24.00,50.97
ORD_003244,CUST_00744,2025-11-17 16:28:18,Buy Now Pay Later,Completed,true,1,3,89.97,0.00,4.99,94.96,33.00,61.96
ORD_003245,CUST_00595,2026-02-15 21:29:53,PayPal,Completed,true,2,5,494.98,10.00,0.00,484.98,165.00,319.98
ORD_003246,CUST_00993,2025-12-30 04:09:19,Credit Card,Completed,true,1,2,139.98,0.00,0.00,139.98,50.00,89.98
ORD_003247,CUST_00018,2025-11-11 18:26:38,Credit Card,Completed,true,1,3,89.97,0.00,0.00,89.97,33.00,56.97
ORD_003248,CUST_00662,2026-01-11 15:47:51,Credit Card,Completed,true,1,1,69.99,0.00,0.00,69.99,25.00,44.99
ORD_003249,CUST_00028,2026-02-03 09:19:19,Credit Card,Refunded,false,1,1,149.99,0.00,4.99,154.98,65.00,89.98
ORD_003250,CUST_00330,2025-12-27 18:04:43,Apple Pay,Completed,true,1,2,119.98,0.00,0.00,119.98,44.00,75.98
ORD_003251,CUST_00298,2026-02-13 16:19:12,Buy Now Pay Later,Completed,true,1,3,179.97,10.00,4.99,174.96,66.00,108.96
ORD_003252,CUST_00606,2025-07-30 05:33:07,PayPal,Refunded,false,1,2,259.98,5.00,0.00,254.98,110.00,144.98
ORD_003253,CUST_00828,2025-04-18 18:19:10,PayPal,Completed,true,4,10,809.92,5.00,4.99,809.91,318.00,491.91
ORD_003254,CUST_00930,2025-11-26 21:40:57,Buy Now Pay Later,Refunded,false,1,1,24.99,0.00,4.99,29.98,8.00,21.98
ORD_003255,CUST_00114,2026-02-20 20:47:35,Credit Card,Completed,true,1,1,34.99,15.00,4.99,24.98,10.00,14.98
ORD_003256,CUST_00285,2026-01-28 21:33:18,Apple Pay,Completed,true,1,1,129.99,0.00,4.99,134.98,55.00,79.98
ORD_003257,CUST_00968,2026-01-08 01:59:23,Apple Pay,Completed,true,1,1,34.99,5.00,4.99,34.98,10.00,24.98
ORD_003258,CUST_00238,2026-01-28 01:49:42,Apple Pay,Cancelled,false,2,3,154.97,15.00,4.99,144.96,54.00,90.96
ORD_003259,CUST_00235,2026-01-23 20:01:29,PayPal,Completed,true,1,2,159.98,0.00,9.99,169.97,70.00,99.97
ORD_003260,CUST_00250,2025-09-22 14:15:30,UPI,Completed,true,1,3,104.97,10.00,0.00,94.97,30.00,64.97
ORD_003261,CUST_00414,2025-12-22 17:52:37,PayPal,Completed,true,2,3,129.97,15.00,4.99,119.96,44.00,75.96
ORD_003262,CUST_00222,2025-09-09 12:24:57,PayPal,Completed,true,2,4,144.96,10.00,4.99,139.95,45.00,94.95
ORD_003263,CUST_00832,2025-09-13 08:26:18,UPI,Completed,true,3,8,869.92,10.00,0.00,859.92,340.00,519.92
ORD_003264,CUST_00465,2026-02-28 00:37:47,Buy Now Pay Later,Completed,true,1,1,129.99,0.00,4.99,134.98,55.00,79.98
ORD_003265,CUST_00811,2025-08-06 13:10:05,Apple Pay,Completed,true,3,8,829.92,5.00,0.00,824.92,353.00,471.92
ORD_003266,CUST_00104,2025-12-05 11:45:44,UPI,Completed,true,3,4,159.96,15.00,0.00,144.96,61.00,83.96
ORD_003267,CUST_00403,2026-01-02 20:54:04,Apple Pay,Refunded,false,2,3,159.98,0.00,4.99,164.97,64.00,100.97
ORD_003268,CUST_00840,2026-02-06 19:18:41,Apple Pay,Refunded,false,2,4,219.96,0.00,4.99,224.95,92.00,132.95
ORD_003269,CUST_00006,2025-09-17 10:42:00,Credit Card,Refunded,false,2,6,224.94,5.00,9.99,229.93,75.00,154.93
ORD_003270,CUST_00405,2026-01-01 17:24:26,Buy Now Pay Later,Cancelled,false,2,4,229.97,0.00,0.00,229.97,93.00,136.97
ORD_003271,CUST_00338,2025-09-26 14:53:57,Credit Card,Refunded,false,3,7,909.93,0.00,9.99,919.92,400.00,519.92
ORD_003272,CUST_00057,2025-04-04 11:17:03,UPI,Completed,true,1,1,19.99,0.00,9.99,29.98,6.00,23.98
ORD_003273,CUST_00576,2025-05-22 12:47:49,Credit Card,Completed,true,4,10,684.91,0.00,0.00,684.91,259.00,425.91
ORD_003274,CUST_00525,2025-05-18 21:33:53,Buy Now Pay Later,Cancelled,false,2,4,149.96,15.00,4.99,139.95,46.00,93.95
ORD_003275,CUST_00783,2026-01-19 11:15:44,PayPal,Cancelled,false,4,7,292.93,0.00,9.99,302.92,100.00,202.92
ORD_003276,CUST_00269,2025-12-11 21:46:12,UPI,Completed,true,1,2,59.98,15.00,0.00,44.98,22.00,22.98
ORD_003277,CUST_00993,2025-09-05 11:53:33,Credit Card,Cancelled,false,1,3,255.00,0.00,0.00,255.00,75.00,180.00
ORD_003278,CUST_00561,2025-10-02 05:02:08,UPI,Completed,true,1,2,49.98,0.00,9.99,59.97,16.00,43.97
ORD_003279,CUST_00125,2025-12-19 10:07:57,PayPal,Completed,true,1,2,239.98,0.00,0.00,239.98,90.00,149.98
ORD_003280,CUST_00269,2025-07-04 13:39:55,PayPal,Cancelled,false,2,5,529.97,5.00,9.99,534.96,185.00,349.96
ORD_003281,CUST_00625,2026-01-24 08:38:13,Credit Card,Completed,true,1,1,29.99,5.00,4.99,29.98,11.00,18.98
ORD_003282,CUST_00151,2025-10-21 16:51:45,Apple Pay,Refunded,false,2,4,394.96,15.00,0.00,379.96,145.00,234.96
ORD_003283,CUST_00153,2026-02-05 14:46:44,UPI,Completed,true,3,8,539.92,10.00,0.00,529.92,195.00,334.92
ORD_003284,CUST_00867,2026-02-05 15:11:25,PayPal,Refunded,false,1,3,269.97,0.00,4.99,274.96,90.00,184.96
ORD_003285,CUST_00425,2025-08-05 09:51:42,UPI,Completed,true,1,3,89.97,0.00,0.00,89.97,24.00,65.97
ORD_003286,CUST_00748,2026-02-27 22:37:20,PayPal,Completed,true,2,3,309.97,0.00,0.00,309.97,130.00,179.97
ORD_003287,CUST_00264,2025-09-07 19:31:27,UPI,Refunded,false,2,3,379.97,10.00,4.99,374.96,165.00,209.96
ORD_003288,CUST_00325,2025-11-09 21:42:21,UPI,Completed,true,2,5,739.95,15.00,0.00,724.95,320.00,404.95
ORD_003289,CUST_00952,2026-02-06 03:10:12,PayPal,Completed,true,1,1,110.00,10.00,0.00,100.00,48.00,52.00
ORD_003290,CUST_00731,2025-12-14 00:59:33,UPI,Completed,true,4,7,399.93,0.00,9.99,409.92,138.00,271.92
ORD_003291,CUST_00150,2025-10-04 18:46:21,Buy Now Pay Later,Completed,true,2,4,305.96,0.00,0.00,305.96,122.00,183.96
ORD_003292,CUST_00674,2026-02-17 08:41:46,Apple Pay,Completed,true,2,5,164.95,0.00,9.99,174.94,52.00,122.94
ORD_003293,CUST_00324,2026-02-09 00:00:10,Apple Pay,Completed,true,2,4,154.96,15.00,4.99,144.95,55.00,89.95
ORD_003294,CUST_00076,2025-10-15 16:40:02,Buy Now Pay Later,Completed,true,2,3,169.97,0.00,0.00,169.97,61.00,108.97
ORD_003295,CUST_00985,2026-01-24 03:33:58,Buy Now Pay Later,Completed,true,4,7,192.93,0.00,4.99,197.92,66.00,131.92
ORD_003296,CUST_00213,2025-06-03 01:09:33,Buy Now Pay Later,Completed,true,2,4,399.99,0.00,0.00,399.99,169.00,230.99
ORD_003297,CUST_00592,2025-09-10 10:28:54,UPI,Cancelled,false,1,1,22.99,0.00,9.99,32.98,6.00,26.98
ORD_003298,CUST_00985,2026-01-06 07:08:05,Buy Now Pay Later,Completed,true,1,3,119.97,15.00,9.99,114.96,36.00,78.96
ORD_003299,CUST_00208,2025-11-27 04:51:48,Buy Now Pay Later,Completed,true,2,3,259.97,0.00,4.99,264.96,96.00,168.96
ORD_003300,CUST_00189,2025-08-05 10:20:18,Credit Card,Completed,true,1,3,389.97,10.00,4.99,384.96,165.00,219.96
ORD_003301,CUST_00303,2025-12-06 09:09:20,PayPal,Refunded,false,1,2,259.98,5.00,9.99,264.97,110.00,154.97
ORD_003302,CUST_00628,2026-01-16 04:52:23,Apple Pay,Completed,true,2,4,559.96,0.00,9.99,569.95,240.00,329.95
ORD_003303,CUST_00094,2025-11-10 03:41:34,Buy Now Pay Later,Cancelled,false,1,1,110.00,0.00,0.00,110.00,48.00,62.00
ORD_003304,CUST_00634,2025-12-07 05:44:10,PayPal,Cancelled,false,2,4,154.96,0.00,4.99,159.95,55.00,104.95
ORD_003305,CUST_00049,2025-07-29 13:50:13,PayPal,Completed,true,1,2,59.98,0.00,0.00,59.98,22.00,37.98
ORD_003306,CUST_00040,2026-01-26 18:41:23,Apple Pay,Cancelled,false,2,4,439.96,15.00,0.00,424.96,170.00,254.96
ORD_003307,CUST_00899,2025-08-26 22:38:19,Buy Now Pay Later,Completed,true,4,7,314.93,10.00,0.00,304.93,121.00,183.93
ORD_003308,CUST_00727,2025-11-25 14:04:57,Buy Now Pay Later,Completed,true,1,2,39.98,10.00,4.99,34.97,12.00,22.97
ORD_003309,CUST_00745,2025-10-21 07:44:45,Apple Pay,Completed,true,1,2,159.98,0.00,4.99,164.97,70.00,94.97
ORD_003310,CUST_00066,2026-02-20 21:41:24,Buy Now Pay Later,Completed,true,1,2,39.98,5.00,4.99,39.97,12.00,27.97
ORD_003311,CUST_00005,2025-02-18 11:24:44,Credit Card,Cancelled,false,2,5,569.95,10.00,0.00,559.95,239.00,320.95
ORD_003312,CUST_00672,2025-06-06 15:42:05,PayPal,Completed,true,1,3,119.97,10.00,4.99,114.96,45.00,69.96
ORD_003313,CUST_00004,2025-10-23 05:49:18,Apple Pay,Completed,true,1,1,49.99,0.00,0.00,49.99,20.00,29.99
ORD_003314,CUST_00670,2026-01-07 14:27:54,PayPal,Refunded,false,2,3,119.97,15.00,9.99,114.96,46.00,68.96
ORD_003315,CUST_00857,2025-06-06 21:06:31,PayPal,Cancelled,false,1,1,89.99,15.00,0.00,74.99,30.00,44.99
ORD_003316,CUST_00677,2025-11-29 21:24:34,UPI,Completed,true,2,5,118.95,5.00,9.99,123.94,34.00,89.94
ORD_003317,CUST_00241,2025-12-12 15:27:33,Apple Pay,Completed,true,2,6,299.94,5.00,0.00,294.94,102.00,192.94
ORD_003318,CUST_00204,2026-02-01 04:06:10,Apple Pay,Completed,true,2,5,409.95,0.00,0.00,409.95,170.00,239.95
ORD_003319,CUST_00703,2026-01-27 00:58:33,PayPal,Completed,true,1,2,45.98,10.00,9.99,45.97,12.00,33.97
ORD_003320,CUST_00042,2025-12-16 08:42:49,Apple Pay,Completed,true,4,10,613.90,0.00,4.99,618.89,218.00,400.89
ORD_003321,CUST_00778,2026-02-17 00:38:36,Buy Now Pay Later,Completed,true,3,6,459.94,0.00,0.00,459.94,182.00,277.94
ORD_003322,CUST_00337,2025-11-26 03:22:44,Apple Pay,Cancelled,false,2,5,434.98,0.00,4.99,439.97,135.00,304.97
ORD_003323,CUST_00454,2025-07-18 14:05:52,PayPal,Completed,true,1,2,170.00,0.00,0.00,170.00,50.00,120.00
ORD_003324,CUST_00607,2025-07-22 07:45:49,UPI,Completed,true,2,4,359.96,5.00,0.00,354.96,152.00,202.96
ORD_003325,CUST_00786,2026-01-24 14:52:23,Buy Now Pay Later,Completed,true,1,2,139.98,0.00,9.99,149.97,50.00,99.97
ORD_003326,CUST_00992,2026-01-31 12:28:53,PayPal,Refunded,false,1,1,199.99,0.00,4.99,204.98,90.00,114.98
ORD_003327,CUST_00120,2025-09-01 06:08:52,Credit Card,Completed,true,1,1,29.99,10.00,4.99,24.98,8.00,16.98
ORD_003328,CUST_00938,2026-02-06 00:36:16,Credit Card,Completed,true,1,1,19.99,15.00,9.99,14.98,6.00,8.98
ORD_003329,CUST_00688,2025-10-07 14:28:06,PayPal,Cancelled,false,2,4,134.96,10.00,9.99,134.95,38.00,96.95
ORD_003330,CUST_00943,2025-11-02 22:00:18,PayPal,Completed,true,1,3,149.97,15.00,0.00,134.97,60.00,74.97
ORD_003331,CUST_00858,2026-01-04 09:19:38,UPI,Refunded,false,2,4,144.96,10.00,0.00,134.96,42.00,92.96
ORD_003332,CUST_00929,2026-02-24 20:04:12,UPI,Completed,true,2,6,959.94,0.00,9.99,969.93,405.00,564.93
ORD_003333,CUST_00904,2025-10-03 15:33:36,Buy Now Pay Later,Cancelled,false,1,3,119.97,10.00,4.99,114.96,45.00,69.96
ORD_003334,CUST_00525,2025-12-04 05:32:20,UPI,Refunded,false,2,5,150.95,0.00,9.99,160.94,42.00,118.94
ORD_003335,CUST_00249,2025-10-13 12:47:27,UPI,Cancelled,false,3,8,519.95,5.00,0.00,514.95,175.00,339.95
ORD_003336,CUST_00597,2025-09-04 15:03:41,Credit Card,Completed,true,1,1,34.99,0.00,4.99,39.98,10.00,29.98
ORD_003337,CUST_00463,2025-07-16 11:10:54,Apple Pay,Refunded,false,3,6,279.94,5.00,9.99,284.93,93.00,191.93
ORD_003338,CUST_00305,2026-01-17 23:32:36,Buy Now Pay Later,Completed,true,4,10,544.90,0.00,4.99,549.89,200.00,349.89
ORD_003339,CUST_00529,2025-10-02 03:10:24,Buy Now Pay Later,Cancelled,false,2,4,469.96,5.00,9.99,474.95,200.00,274.95
ORD_003340,CUST_00519,2026-02-22 01:57:45,Apple Pay,Completed,true,1,2,239.98,15.00,4.99,229.97,90.00,139.97
ORD_003341,CUST_00682,2025-12-23 04:52:12,PayPal,Refunded,false,1,2,79.98,10.00,4.99,74.97,24.00,50.97
ORD_003342,CUST_00694,2025-09-19 21:20:03,Credit Card,Completed,true,3,7,534.93,15.00,9.99,529.92,226.00,303.92
ORD_003343,CUST_00981,2025-11-17 09:24:37,Credit Card,Completed,true,3,8,739.92,15.00,9.99,734.91,316.00,418.91
ORD_003344,CUST_00224,2025-08-28 11:54:10,Buy Now Pay Later,Refunded,false,1,2,49.98,0.00,9.99,59.97,16.00,43.97
ORD_003345,CUST_00290,2025-03-05 14:34:31,Apple Pay,Completed,true,3,7,544.93,0.00,9.99,554.92,223.00,331.92
ORD_003346,CUST_00192,2025-11-06 00:07:53,PayPal,Completed,true,2,3,149.97,0.00,0.00,149.97,55.00,94.97
ORD_003347,CUST_00322,2026-02-28 23:20:26,UPI,Cancelled,false,1,1,49.99,0.00,9.99,59.98,20.00,39.98
ORD_003348,CUST_00269,2026-01-06 03:42:33,Apple Pay,Cancelled,false,1,2,79.98,0.00,0.00,79.98,30.00,49.98
ORD_003349,CUST_00499,2025-12-07 16:49:14,Buy Now Pay Later,Completed,true,1,1,85.00,0.00,0.00,85.00,25.00,60.00
ORD_003350,CUST_00728,2025-12-11 20:43:12,Credit Card,Completed,true,1,1,29.99,0.00,0.00,29.99,11.00,18.99
ORD_003351,CUST_00421,2025-05-02 06:25:51,Apple Pay,Completed,true,1,2,49.98,5.00,4.99,49.97,16.00,33.97
ORD_003352,CUST_00578,2025-06-19 19:59:00,Buy Now Pay Later,Completed,true,2,4,319.96,0.00,9.99,329.95,110.00,219.95
ORD_003353,CUST_00612,2025-07-04 15:31:16,Credit Card,Cancelled,false,1,2,159.98,5.00,4.99,159.97,70.00,89.97
ORD_003354,CUST_00753,2026-02-16 10:55:06,Credit Card,Completed,true,3,6,305.94,15.00,0.00,290.94,102.00,188.94
ORD_003355,CUST_00291,2026-02-03 17:08:56,Apple Pay,Refunded,false,2,4,399.96,0.00,4.99,404.95,160.00,244.95
ORD_003356,CUST_00595,2026-01-24 05:07:18,Apple Pay,Completed,true,1,2,39.98,0.00,9.99,49.97,12.00,37.97
ORD_003357,CUST_00007,2026-02-13 18:10:00,Apple Pay,Completed,true,1,1,22.99,10.00,9.99,22.98,6.00,16.98
ORD_003358,CUST_00238,2026-02-17 02:51:35,Buy Now Pay Later,Completed,true,1,1,24.99,10.00,9.99,24.98,8.00,16.98
ORD_003359,CUST_00270,2025-12-28 18:34:58,PayPal,Completed,true,1,2,59.98,0.00,9.99,69.97,16.00,53.97
ORD_003360,CUST_00580,2025-11-30 15:21:02,PayPal,Cancelled,false,2,4,139.96,10.00,0.00,129.96,51.00,78.96
ORD_003361,CUST_00154,2025-04-24 22:19:02,UPI,Refunded,false,1,1,149.99,15.00,0.00,134.99,65.00,69.99
ORD_003362,CUST_00469,2026-02-15 19:30:24,Credit Card,Completed,true,1,2,59.98,0.00,9.99,69.97,22.00,47.97
ORD_003363,CUST_00695,2025-07-09 07:39:58,Apple Pay,Completed,true,1,2,49.98,10.00,0.00,39.98,16.00,23.98
ORD_003364,CUST_00627,2025-10-08 06:44:23,UPI,Completed,true,1,1,39.99,0.00,0.00,39.99,12.00,27.99
ORD_003365,CUST_00746,2025-07-09 16:36:09,Credit Card,Refunded,false,2,6,614.97,10.00,9.99,614.96,210.00,404.96
ORD_003366,CUST_00162,2026-01-12 09:55:24,Credit Card,Cancelled,false,2,3,179.97,0.00,0.00,179.97,75.00,104.97
ORD_003367,CUST_00164,2025-07-22 11:42:58,PayPal,Completed,true,1,3,599.97,10.00,0.00,589.97,270.00,319.97
ORD_003368,CUST_00239,2026-02-12 23:55:41,Credit Card,Completed,true,1,2,69.98,0.00,4.99,74.97,20.00,54.97
ORD_003369,CUST_00293,2026-02-25 17:58:23,PayPal,Refunded,false,1,3,68.97,10.00,4.99,63.96,18.00,45.96
ORD_003370,CUST_00956,2025-10-10 19:13:09,Buy Now Pay Later,Completed,true,1,3,119.97,0.00,9.99,129.96,45.00,84.96
ORD_003371,CUST_00766,2025-07-10 09:17:52,UPI,Completed,true,4,10,955.90,0.00,4.99,960.89,384.00,576.89
ORD_003372,CUST_00594,2025-12-03 23:07:18,Buy Now Pay Later,Completed,true,2,5,189.95,5.00,0.00,184.95,56.00,128.95
ORD_003373,CUST_00842,2025-05-24 14:01:46,Apple Pay,Cancelled,false,1,2,69.98,5.00,0.00,64.98,20.00,44.98
ORD_003374,CUST_00182,2026-01-31 22:51:45,Apple Pay,Completed,true,1,2,45.98,5.00,9.99,50.97,12.00,38.97
ORD_003375,CUST_00507,2026-02-18 16:57:03,Buy Now Pay Later,Refunded,false,1,2,59.98,0.00,9.99,69.97,22.00,47.97
ORD_003376,CUST_00427,2025-10-10 22:02:00,PayPal,Completed,true,1,3,599.97,5.00,0.00,594.97,270.00,324.97
ORD_003377,CUST_00527,2026-02-23 03:06:53,PayPal,Refunded,false,1,2,79.98,10.00,4.99,74.97,30.00,44.97
ORD_003378,CUST_00535,2025-12-14 06:14:51,Credit Card,Refunded,false,1,3,119.97,5.00,9.99,124.96,45.00,79.96
ORD_003379,CUST_00660,2025-12-17 20:12:47,Apple Pay,Completed,true,1,1,29.99,0.00,0.00,29.99,11.00,18.99
ORD_003380,CUST_00887,2026-02-28 03:37:57,UPI,Completed,true,2,6,659.94,0.00,4.99,664.93,288.00,376.93
ORD_003381,CUST_00011,2026-02-23 15:13:28,UPI,Completed,true,1,3,209.97,5.00,4.99,209.96,75.00,134.96
ORD_003382,CUST_00859,2025-11-08 08:31:39,PayPal,Cancelled,false,1,1,29.99,10.00,9.99,29.98,11.00,18.98
ORD_003383,CUST_00902,2025-07-20 18:29:05,Apple Pay,Completed,true,1,1,110.00,0.00,4.99,114.99,48.00,66.99
ORD_003384,CUST_00859,2025-11-20 11:35:15,Buy Now Pay Later,Completed,true,1,3,255.00,0.00,9.99,264.99,75.00,189.99
ORD_003385,CUST_00268,2025-12-05 02:20:54,Buy Now Pay Later,Completed,true,2,6,389.94,5.00,0.00,384.94,165.00,219.94
ORD_003386,CUST_00410,2025-10-07 07:54:09,Credit Card,Completed,true,1,3,599.97,5.00,4.99,599.96,270.00,329.96
ORD_003387,CUST_00972,2025-03-29 07:04:56,Buy Now Pay Later,Completed,true,3,8,1079.92,0.00,4.99,1084.91,449.00,635.91
ORD_003388,CUST_00454,2025-11-02 17:55:40,UPI,Completed,true,1,1,39.99,15.00,4.99,29.98,15.00,14.98
ORD_003389,CUST_00686,2025-10-06 16:28:25,Credit Card,Completed,true,4,9,874.91,15.00,4.99,864.90,370.00,494.90
ORD_003390,CUST_00371,2025-05-03 01:36:16,Apple Pay,Cancelled,false,1,3,330.00,0.00,0.00,330.00,144.00,186.00
ORD_003391,CUST_00296,2026-01-09 05:01:27,Buy Now Pay Later,Completed,true,1,1,119.99,15.00,9.99,114.98,45.00,69.98
ORD_003392,CUST_00034,2025-11-20 04:50:01,UPI,Completed,true,4,12,824.91,0.00,9.99,834.90,300.00,534.90
ORD_003393,CUST_00881,2026-02-14 12:58:25,UPI,Completed,true,2,5,294.98,0.00,9.99,304.97,87.00,217.97
ORD_003394,CUST_00261,2026-02-23 09:04:43,Buy Now Pay Later,Completed,true,1,3,209.97,15.00,9.99,204.96,75.00,129.96
ORD_003395,CUST_00265,2026-02-08 14:30:00,Apple Pay,Cancelled,false,1,1,59.99,0.00,4.99,64.98,22.00,42.98
ORD_003396,CUST_00358,2025-12-03 04:06:04,PayPal,Completed,true,1,2,220.00,0.00,0.00,220.00,96.00,124.00
ORD_003397,CUST_00960,2026-01-29 02:28:49,Credit Card,Completed,true,3,8,329.92,5.00,9.99,334.91,115.00,219.91
ORD_003398,CUST_00786,2025-09-14 23:01:24,Apple Pay,Refunded,false,1,3,119.97,0.00,4.99,124.96,36.00,88.96
ORD_003399,CUST_00674,2025-03-10 01:22:09,Credit Card,Completed,true,2,4,309.98,10.00,9.99,309.97,100.00,209.97
ORD_003400,CUST_00603,2026-01-28 12:44:09,PayPal,Completed,true,2,5,499.95,10.00,4.99,494.94,211.00,283.94
ORD_003401,CUST_00047,2025-12-15 08:07:52,Buy Now Pay Later,Completed,true,1,3,104.97,0.00,0.00,104.97,30.00,74.97
ORD_003402,CUST_00592,2026-02-09 13:30:33,Apple Pay,Completed,true,1,1,34.99,0.00,0.00,34.99,10.00,24.99
ORD_003403,CUST_00998,2025-11-21 16:16:42,Credit Card,Cancelled,false,2,6,404.97,0.00,9.99,414.96,135.00,279.96
ORD_003404,CUST_00381,2026-02-18 09:00:41,Apple Pay,Completed,true,4,6,189.94,10.00,9.99,189.93,54.00,135.93
ORD_003405,CUST_00249,2025-12-11 21:59:53,Credit Card,Refunded,false,1,3,89.97,15.00,0.00,74.97,24.00,50.97
ORD_003406,CUST_00465,2025-08-31 08:26:54,PayPal,Cancelled,false,1,1,22.99,0.00,0.00,22.99,6.00,16.99
ORD_003407,CUST_00673,2025-12-10 12:27:39,PayPal,Completed,true,1,1,85.00,5.00,9.99,89.99,25.00,64.99
ORD_003408,CUST_00343,2025-11-29 12:15:35,Buy Now Pay Later,Completed,true,2,4,194.96,10.00,4.99,189.95,60.00,129.95
ORD_003409,CUST_00625,2025-12-11 15:42:52,Buy Now Pay Later,Completed,true,3,6,269.94,10.00,9.99,269.93,88.00,181.93
ORD_003410,CUST_00396,2025-07-21 12:07:33,UPI,Completed,true,1,3,359.97,5.00,0.00,354.97,135.00,219.97
ORD_003411,CUST_00561,2025-11-16 04:54:13,UPI,Cancelled,false,1,1,89.99,0.00,4.99,94.98,30.00,64.98
ORD_003412,CUST_00470,2025-06-12 15:47:06,PayPal,Completed,true,1,3,599.97,0.00,4.99,604.96,270.00,334.96
ORD_003413,CUST_00853,2025-09-26 07:50:44,Buy Now Pay Later,Completed,true,1,3,59.97,10.00,9.99,59.96,18.00,41.96
ORD_003414,CUST_00634,2026-01-05 15:24:40,Apple Pay,Refunded,false,4,9,529.91,0.00,4.99,534.90,200.00,334.90
ORD_003415,CUST_00990,2025-03-13 08:19:33,Buy Now Pay Later,Completed,true,1,3,149.97,10.00,0.00,139.97,60.00,79.97
ORD_003416,CUST_00219,2025-07-21 23:52:12,UPI,Completed,true,2,5,229.97,0.00,9.99,239.96,68.00,171.96
ORD_003417,CUST_00066,2025-11-17 22:06:09,Buy Now Pay Later,Refunded,false,1,1,69.99,0.00,9.99,79.98,25.00,54.98
ORD_003418,CUST_00114,2025-09-22 17:15:02,PayPal,Completed,true,3,8,344.92,5.00,9.99,349.91,112.00,237.91
ORD_003419,CUST_00358,2026-01-10 05:13:17,PayPal,Completed,true,3,7,559.94,10.00,4.99,554.93,231.00,323.93
ORD_003420,CUST_00944,2025-12-27 22:10:32,Buy Now Pay Later,Completed,true,4,5,359.95,10.00,4.99,354.94,152.00,202.94
ORD_003421,CUST_00388,2025-03-31 02:38:19,Credit Card,Completed,true,2,3,149.97,0.00,0.00,149.97,55.00,94.97
ORD_003422,CUST_00984,2026-02-06 15:55:02,PayPal,Completed,true,3,6,385.94,5.00,9.99,390.93,146.00,244.93
ORD_003423,CUST_00894,2025-11-29 19:38:07,Credit Card,Completed,true,1,1,129.99,0.00,0.00,129.99,55.00,74.99
ORD_003424,CUST_00557,2026-01-27 02:14:14,Buy Now Pay Later,Completed,true,1,1,89.99,10.00,4.99,84.98,30.00,54.98
ORD_003425,CUST_00928,2025-08-25 04:47:06,Buy Now Pay Later,Completed,true,1,2,119.98,0.00,9.99,129.97,44.00,85.97
ORD_003426,CUST_00526,2026-01-14 20:15:44,Apple Pay,Completed,true,1,1,19.99,0.00,9.99,29.98,6.00,23.98
ORD_003427,CUST_00536,2025-05-15 10:57:18,PayPal,Completed,true,2,2,52.98,0.00,4.99,57.97,14.00,43.97
ORD_003428,CUST_00937,2026-02-21 01:16:49,Buy Now Pay Later,Cancelled,false,2,4,109.96,0.00,4.99,114.95,32.00,82.95
ORD_003429,CUST_00604,2026-02-18 13:51:45,PayPal,Refunded,false,2,6,449.94,10.00,9.99,449.93,156.00,293.93
ORD_003430,CUST_00294,2026-02-01 06:01:14,PayPal,Completed,true,1,3,599.97,0.00,0.00,599.97,270.00,329.97
ORD_003431,CUST_00172,2026-02-23 12:09:59,PayPal,Refunded,false,2,4,219.96,15.00,0.00,204.96,88.00,116.96
ORD_003432,CUST_00940,2025-05-19 05:34:04,UPI,Completed,true,3,8,329.92,0.00,0.00,329.92,109.00,220.92
ORD_003433,CUST_00399,2025-06-12 05:13:40,UPI,Completed,true,3,6,669.94,0.00,9.99,679.93,267.00,412.93
ORD_003434,CUST_00740,2025-12-06 21:55:16,PayPal,Completed,true,1,2,79.98,5.00,9.99,84.97,24.00,60.97
ORD_003435,CUST_00449,2025-09-18 02:53:10,PayPal,Cancelled,false,1,1,89.99,15.00,9.99,84.98,30.00,54.98
ORD_003436,CUST_00273,2025-11-24 08:24:59,Apple Pay,Cancelled,false,1,2,220.00,5.00,0.00,215.00,96.00,119.00
ORD_003437,CUST_00178,2026-01-29 08:34:38,Credit Card,Cancelled,false,1,1,29.99,5.00,9.99,34.98,11.00,23.98
ORD_003438,CUST_00261,2025-11-18 03:03:55,UPI,Completed,true,1,1,110.00,15.00,9.99,104.99,48.00,56.99
ORD_003439,CUST_00063,2025-12-01 08:09:07,Apple Pay,Completed,true,1,2,79.98,0.00,9.99,89.97,30.00,59.97
ORD_003440,CUST_00945,2026-02-14 20:08:59,PayPal,Completed,true,1,2,179.98,0.00,0.00,179.98,60.00,119.98
ORD_003441,CUST_00351,2025-07-29 03:00:02,Credit Card,Completed,true,3,4,209.96,5.00,9.99,214.95,72.00,142.95
ORD_003442,CUST_00426,2026-01-10 07:23:47,Apple Pay,Refunded,false,2,5,589.98,10.00,4.99,584.97,254.00,330.97
ORD_003443,CUST_00472,2025-10-13 05:02:09,Credit Card,Refunded,false,1,2,299.98,5.00,9.99,304.97,130.00,174.97
ORD_003444,CUST_00988,2025-10-29 18:58:55,PayPal,Refunded,false,2,2,54.98,5.00,9.99,59.97,16.00,43.97
ORD_003445,CUST_00729,2025-09-03 23:44:12,Apple Pay,Refunded,false,3,8,458.92,10.00,4.99,453.91,152.00,301.91
ORD_003446,CUST_00449,2025-08-29 07:39:39,Buy Now Pay Later,Completed,true,2,4,219.96,0.00,9.99,229.95,72.00,157.95
ORD_003447,CUST_00597,2025-08-21 12:52:47,Credit Card,Completed,true,1,3,599.97,5.00,4.99,599.96,270.00,329.96
ORD_003448,CUST_00569,2025-09-29 11:08:49,Credit Card,Completed,true,1,1,129.99,0.00,9.99,139.98,55.00,84.98
ORD_003449,CUST_00881,2026-02-21 14:05:44,Buy Now Pay Later,Completed,true,2,3,209.97,0.00,9.99,219.96,90.00,129.96
ORD_003450,CUST_00888,2025-11-01 04:56:26,Buy Now Pay Later,Completed,true,2,3,339.99,5.00,9.99,344.98,141.00,203.98
ORD_003451,CUST_00913,2025-12-31 02:17:26,PayPal,Completed,true,1,1,79.99,0.00,4.99,84.98,35.00,49.98
ORD_003452,CUST_00469,2025-10-12 11:35:48,UPI,Completed,true,1,2,59.98,0.00,0.00,59.98,22.00,37.98
ORD_003453,CUST_00170,2026-02-22 04:41:47,Buy Now Pay Later,Completed,true,1,2,299.98,5.00,4.99,299.97,130.00,169.97
ORD_003454,CUST_00676,2025-12-15 12:23:57,Apple Pay,Completed,true,2,5,224.95,0.00,4.99,229.94,74.00,155.94
ORD_003455,CUST_00627,2026-01-20 12:46:17,UPI,Completed,true,4,10,994.90,15.00,9.99,989.89,395.00,594.89
ORD_003456,CUST_00085,2025-09-06 03:14:22,Buy Now Pay Later,Completed,true,1,1,110.00,0.00,0.00,110.00,48.00,62.00
ORD_003457,CUST_00640,2025-11-24 20:29:22,UPI,Completed,true,2,6,449.97,0.00,0.00,449.97,189.00,260.97
ORD_003458,CUST_00661,2025-09-10 00:41:12,Credit Card,Completed,true,2,4,339.96,15.00,4.99,329.95,130.00,199.95
ORD_003459,CUST_00645,2025-10-21 15:37:17,Apple Pay,Completed,true,1,2,220.00,5.00,4.99,219.99,96.00,123.99
ORD_003460,CUST_00153,2025-12-11 18:52:47,UPI,Completed,true,1,3,119.97,5.00,9.99,124.96,45.00,79.96
ORD_003461,CUST_00903,2025-12-29 11:20:44,PayPal,Completed,true,1,2,59.98,15.00,9.99,54.97,16.00,38.97
ORD_003462,CUST_00974,2025-03-20 10:24:25,PayPal,Completed,true,3,7,749.96,15.00,0.00,734.96,294.00,440.96
ORD_003463,CUST_00010,2026-02-15 03:35:44,Apple Pay,Cancelled,false,1,3,74.97,5.00,0.00,69.97,24.00,45.97
ORD_003464,CUST_00856,2025-12-15 12:06:51,Buy Now Pay Later,Completed,true,2,3,309.97,15.00,0.00,294.97,115.00,179.97
ORD_003465,CUST_00736,2025-12-17 17:51:15,Credit Card,Completed,true,1,3,449.97,10.00,9.99,449.96,195.00,254.96
ORD_003466,CUST_00028,2025-12-16 13:14:11,PayPal,Completed,true,2,3,294.97,0.00,9.99,304.96,120.00,184.96
ORD_003467,CUST_00310,2026-02-09 22:18:07,PayPal,Completed,true,1,2,170.00,0.00,0.00,170.00,50.00,120.00
ORD_003468,CUST_00759,2026-02-03 06:31:02,UPI,Completed,true,1,1,29.99,15.00,4.99,19.98,8.00,11.98
ORD_003469,CUST_00207,2025-07-09 00:37:53,UPI,Refunded,false,2,5,229.97,15.00,0.00,214.97,68.00,146.97
ORD_003470,CUST_00426,2025-08-12 01:04:08,Credit Card,Completed,true,1,1,59.99,0.00,0.00,59.99,22.00,37.99
ORD_003471,CUST_00027,2025-09-12 09:28:19,PayPal,Refunded,false,1,1,24.99,10.00,0.00,14.99,8.00,6.99
ORD_003472,CUST_00095,2025-06-07 00:37:32,Buy Now Pay Later,Refunded,false,3,7,892.93,10.00,9.99,892.92,366.00,526.92
ORD_003473,CUST_00661,2025-09-20 18:34:21,Apple Pay,Cancelled,false,1,2,139.98,15.00,4.99,129.97,50.00,79.97
ORD_003474,CUST_00162,2025-10-30 18:05:04,Credit Card,Completed,true,3,5,384.95,10.00,0.00,374.95,160.00,214.95
ORD_003475,CUST_00329,2025-11-14 14:14:29,PayPal,Refunded,false,2,5,199.95,5.00,0.00,194.95,76.00,118.95
ORD_003476,CUST_00409,2025-11-26 16:23:58,Buy Now Pay Later,Completed,true,4,8,764.95,15.00,0.00,749.95,287.00,462.95
ORD_003477,CUST_00910,2025-11-05 13:50:34,PayPal,Completed,true,1,3,449.97,0.00,0.00,449.97,195.00,254.97
ORD_003478,CUST_00211,2025-05-25 11:06:32,Apple Pay,Completed,true,2,3,274.97,0.00,9.99,284.96,100.00,184.96
ORD_003479,CUST_00982,2026-02-25 23:12:46,Apple Pay,Completed,true,1,1,29.99,5.00,4.99,29.98,8.00,21.98
ORD_003480,CUST_00847,2026-01-24 16:56:04,UPI,Completed,true,1,1,39.99,0.00,9.99,49.98,15.00,34.98
ORD_003481,CUST_00232,2025-04-19 08:52:48,PayPal,Completed,true,2,5,174.95,5.00,0.00,169.95,64.00,105.95
ORD_003482,CUST_00983,2025-12-06 16:07:39,UPI,Refunded,false,2,2,329.98,0.00,9.99,339.97,145.00,194.97
ORD_003483,CUST_00778,2026-01-12 09:15:53,Credit Card,Completed,true,1,2,139.98,5.00,0.00,134.98,50.00,84.98
ORD_003484,CUST_00609,2025-09-08 18:11:56,PayPal,Completed,true,3,6,564.97,15.00,0.00,549.97,190.00,359.97
ORD_003485,CUST_00061,2025-11-28 12:05:09,Credit Card,Completed,true,1,3,449.97,10.00,0.00,439.97,195.00,244.97
ORD_003486,CUST_00508,2025-10-04 11:10:36,PayPal,Completed,true,2,3,62.97,0.00,0.00,62.97,18.00,44.97
ORD_003487,CUST_00221,2025-02-17 21:15:14,Apple Pay,Completed,true,1,3,68.97,5.00,4.99,68.96,18.00,50.96
ORD_003488,CUST_00555,2025-06-28 23:48:46,Credit Card,Refunded,false,3,6,539.94,0.00,9.99,549.93,191.00,358.93
ORD_003489,CUST_00146,2026-02-25 03:09:12,Apple Pay,Completed,true,3,5,322.97,0.00,9.99,332.96,132.00,200.96
ORD_003490,CUST_00217,2025-08-29 08:17:46,UPI,Refunded,false,4,9,444.91,0.00,0.00,444.91,168.00,276.91
ORD_003491,CUST_00561,2026-02-16 05:36:57,PayPal,Completed,true,1,1,34.99,15.00,0.00,19.99,10.00,9.99
ORD_003492,CUST_00545,2025-03-14 09:40:18,UPI,Completed,true,1,2,239.98,5.00,4.99,239.97,90.00,149.97
ORD_003493,CUST_00532,2025-11-24 04:26:43,UPI,Completed,true,1,3,104.97,10.00,4.99,99.96,30.00,69.96
ORD_003494,CUST_00273,2025-04-28 20:16:03,UPI,Completed,true,1,1,129.99,0.00,0.00,129.99,55.00,74.99
ORD_003495,CUST_00109,2025-09-13 06:46:06,UPI,Completed,true,1,2,179.98,10.00,4.99,174.97,60.00,114.97
ORD_003496,CUST_00039,2025-11-01 19:51:49,Credit Card,Completed,true,1,1,59.99,0.00,9.99,69.98,22.00,47.98
ORD_003497,CUST_00768,2025-08-26 10:33:36,Credit Card,Completed,true,2,5,389.98,0.00,9.99,399.97,166.00,233.97
ORD_003498,CUST_00729,2025-09-17 21:58:37,Buy Now Pay Later,Cancelled,false,1,2,259.98,0.00,4.99,264.97,110.00,154.97
ORD_003499,CUST_00122,2026-02-02 12:19:11,Credit Card,Completed,true,1,1,79.99,0.00,4.99,84.98,35.00,49.98
ORD_003500,CUST_00529,2026-01-18 04:01:03,Apple Pay,Completed,true,1,3,239.97,0.00,4.99,244.96,105.00,139.96
