order_item_id,order_id,product_id,quantity,unit_price
ITEM_0000001,ORD_000001,PROD_0013,2,69.99
ITEM_0000002,ORD_000002,PROD_0010,3,59.99
ITEM_0000003,ORD_000003,PROD_0004,3,49.99
ITEM_0000004,ORD_000004,PROD_0013,3,69.99
ITEM_0000005,ORD_000005,PROD_0006,1,89.99
ITEM_0000006,ORD_000005,PROD_0018,2,22.99
ITEM_0000007,ORD_000005,PROD_0020,2,85.0
ITEM_0000008,ORD_000006,PROD_0016,2,39.99
ITEM_0000009,ORD_000006,PROD_0005,3,39.99
ITEM_0000010,ORD_000006,PROD_0007,2,24.99
ITEM_0000011,ORD_000006,PROD_0013,2,69.99
ITEM_0000012,ORD_000007,PROD_0019,1,34.99
ITEM_0000013,ORD_000008,PROD_0015,3,29.99
ITEM_0000014,ORD_000009,PROD_0018,3,22.99
ITEM_0000015,ORD_000010,PROD_0004,1,49.99
ITEM_0000016,ORD_000010,PROD_0008,2,119.99
ITEM_0000017,ORD_000010,PROD_0010,1,59.99
ITEM_0000018,ORD_000010,PROD_0002,1,199.99
ITEM_0000019,ORD_000011,PROD_0020,3,85.0
ITEM_0000020,ORD_000012,PROD_0019,1,34.99
ITEM_0000021,ORD_000012,PROD_0012,2,110.0
ITEM_0000022,ORD_000012,PROD_0018,3,22.99
ITEM_0000023,ORD_000013,PROD_0017,2,29.99
ITEM_0000024,ORD_000014,PROD_0005,1,39.99
ITEM_0000025,ORD_000014,PROD_0020,3,85.0
ITEM_0000026,ORD_000014,PROD_0008,2,119.99
ITEM_0000027,ORD_000015,PROD_0014,2,19.99
ITEM_0000028,ORD_000015,PROD_0013,3,69.99
ITEM_0000029,ORD_000016,PROD_0012,3,110.0
ITEM_0000030,ORD_000016,PROD_0015,1,29.99
ITEM_0000031,ORD_000016,PROD_0016,3,39.99
ITEM_0000032,ORD_000017,PROD_0012,2,110.0
ITEM_0000033,ORD_000017,PROD_0003,1,129.99
ITEM_0000034,ORD_000018,PROD_0011,3,149.99
ITEM_0000035,ORD_000018,PROD_0018,1,22.99
ITEM_0000036,ORD_000018,PROD_0005,1,39.99
ITEM_0000037,ORD_000019,PROD_0006,2,89.99
ITEM_0000038,ORD_000020,PROD_0009,2,34.99
ITEM_0000039,ORD_000021,PROD_0006,2,89.99
ITEM_0000040,ORD_000021,PROD_0002,3,199.99
ITEM_0000041,ORD_000021,PROD_0013,1,69.99
ITEM_0000042,ORD_000022,PROD_0003,3,129.99
ITEM_0000043,ORD_000023,PROD_0011,2,149.99
ITEM_0000044,ORD_000024,PROD_0004,2,49.99
ITEM_0000045,ORD_000025,PROD_0005,3,39.99
ITEM_0000046,ORD_000025,PROD_0003,3,129.99
ITEM_0000047,ORD_000026,PROD_0005,1,39.99
ITEM_0000048,ORD_000026,PROD_0014,1,19.99
ITEM_0000049,ORD_000027,PROD_0019,1,34.99
ITEM_0000050,ORD_000027,PROD_0013,1,69.99
ITEM_0000051,ORD_000028,PROD_0020,2,85.0
ITEM_0000052,ORD_000029,PROD_0010,3,59.99
ITEM_0000053,ORD_000029,PROD_0007,2,24.99
ITEM_0000054,ORD_000029,PROD_0017,2,29.99
ITEM_0000055,ORD_000030,PROD_0004,1,49.99
ITEM_0000056,ORD_000031,PROD_0005,2,39.99
ITEM_0000057,ORD_000031,PROD_0013,1,69.99
ITEM_0000058,ORD_000031,PROD_0014,1,19.99
ITEM_0000059,ORD_000032,PROD_0002,2,199.99
ITEM_0000060,ORD_000033,PROD_0014,3,19.99
ITEM_0000061,ORD_000033,PROD_0013,3,69.99
ITEM_0000062,ORD_000034,PROD_0017,2,29.99
ITEM_0000063,ORD_000035,PROD_0003,1,129.99
ITEM_0000064,ORD_000035,PROD_0010,1,59.99
ITEM_0000065,ORD_000036,PROD_0020,3,85.0
ITEM_0000066,ORD_000037,PROD_0001,1,79.99
ITEM_0000067,ORD_000038,PROD_0009,3,34.99
ITEM_0000068,ORD_000038,PROD_0006,1,89.99
ITEM_0000069,ORD_000039,PROD_0009,3,34.99
ITEM_0000070,ORD_000039,PROD_0017,1,29.99
ITEM_0000071,ORD_000039,PROD_0003,2,129.99
ITEM_0000072,ORD_000040,PROD_0019,2,34.99
ITEM_0000073,ORD_000041,PROD_0004,1,49.99
ITEM_0000074,ORD_000041,PROD_0008,1,119.99
ITEM_0000075,ORD_000042,PROD_0005,3,39.99
ITEM_0000076,ORD_000043,PROD_0008,2,119.99
ITEM_0000077,ORD_000044,PROD_0017,1,29.99
ITEM_0000078,ORD_000045,PROD_0003,2,129.99
ITEM_0000079,ORD_000045,PROD_0015,1,29.99
ITEM_0000080,ORD_000045,PROD_0010,2,59.99
ITEM_0000081,ORD_000045,PROD_0018,1,22.99
ITEM_0000082,ORD_000046,PROD_0008,1,119.99
ITEM_0000083,ORD_000046,PROD_0015,3,29.99
ITEM_0000084,ORD_000047,PROD_0014,2,19.99
ITEM_0000085,ORD_000048,PROD_0013,1,69.99
ITEM_0000086,ORD_000049,PROD_0002,1,199.99
ITEM_0000087,ORD_000050,PROD_0012,3,110.0
ITEM_0000088,ORD_000051,PROD_0013,2,69.99
ITEM_0000089,ORD_000051,PROD_0003,3,129.99
ITEM_0000090,ORD_000052,PROD_0011,2,149.99
ITEM_0000091,ORD_000053,PROD_0007,1,24.99
ITEM_0000092,ORD_000054,PROD_0014,1,19.99
ITEM_0000093,ORD_000055,PROD_0004,3,49.99
ITEM_0000094,ORD_000056,PROD_0011,2,149.99
ITEM_0000095,ORD_000057,PROD_0009,3,34.99
ITEM_0000096,ORD_000057,PROD_0006,3,89.99
ITEM_0000097,ORD_000058,PROD_0005,1,39.99
ITEM_0000098,ORD_000059,PROD_0003,1,129.99
ITEM_0000099,ORD_000060,PROD_0015,2,29.99
ITEM_0000100,ORD_000060,PROD_0005,1,39.99
ITEM_0000101,ORD_000060,PROD_0003,1,129.99
ITEM_0000102,ORD_000061,PROD_0013,1,69.99
ITEM_0000103,ORD_000061,PROD_0016,2,39.99
ITEM_0000104,ORD_000061,PROD_0001,1,79.99
ITEM_0000105,ORD_000062,PROD_0005,3,39.99
ITEM_0000106,ORD_000063,PROD_0018,2,22.99
ITEM_0000107,ORD_000064,PROD_0017,1,29.99
ITEM_0000108,ORD_000065,PROD_0018,3,22.99
ITEM_0000109,ORD_000066,PROD_0011,2,149.99
ITEM_0000110,ORD_000067,PROD_0019,1,34.99
ITEM_0000111,ORD_000068,PROD_0002,1,199.99
ITEM_0000112,ORD_000068,PROD_0008,1,119.99
ITEM_0000113,ORD_000069,PROD_0019,3,34.99
ITEM_0000114,ORD_000069,PROD_0001,3,79.99
ITEM_0000115,ORD_000070,PROD_0006,1,89.99
ITEM_0000116,ORD_000070,PROD_0016,3,39.99
ITEM_0000117,ORD_000071,PROD_0011,2,149.99
ITEM_0000118,ORD_000072,PROD_0005,1,39.99
ITEM_0000119,ORD_000073,PROD_0012,1,110.0
ITEM_0000120,ORD_000073,PROD_0013,3,69.99
ITEM_0000121,ORD_000073,PROD_0004,2,49.99
ITEM_0000122,ORD_000073,PROD_0011,3,149.99
ITEM_0000123,ORD_000074,PROD_0018,1,22.99
ITEM_0000124,ORD_000075,PROD_0010,3,59.99
ITEM_0000125,ORD_000076,PROD_0019,1,34.99
ITEM_0000126,ORD_000076,PROD_0002,3,199.99
ITEM_0000127,ORD_000076,PROD_0006,3,89.99
ITEM_0000128,ORD_000077,PROD_0003,1,129.99
ITEM_0000129,ORD_000078,PROD_0011,1,149.99
ITEM_0000130,ORD_000078,PROD_0015,3,29.99
ITEM_0000131,ORD_000079,PROD_0001,1,79.99
ITEM_0000132,ORD_000079,PROD_0002,2,199.99
ITEM_0000133,ORD_000080,PROD_0004,1,49.99
ITEM_0000134,ORD_000080,PROD_0016,2,39.99
ITEM_0000135,ORD_000081,PROD_0009,1,34.99
ITEM_0000136,ORD_000082,PROD_0018,2,22.99
ITEM_0000137,ORD_000082,PROD_0003,3,129.99
ITEM_0000138,ORD_000083,PROD_0014,2,19.99
ITEM_0000139,ORD_000084,PROD_0018,1,22.99
ITEM_0000140,ORD_000084,PROD_0009,1,34.99
ITEM_0000141,ORD_000085,PROD_0016,2,39.99
ITEM_0000142,ORD_000085,PROD_0005,1,39.99
ITEM_0000143,ORD_000086,PROD_0001,1,79.99
ITEM_0000144,ORD_000087,PROD_0013,1,69.99
ITEM_0000145,ORD_000088,PROD_0013,1,69.99
ITEM_0000146,ORD_000089,PROD_0009,3,34.99
ITEM_0000147,ORD_000090,PROD_0018,1,22.99
ITEM_0000148,ORD_000090,PROD_0014,2,19.99
ITEM_0000149,ORD_000091,PROD_0016,3,39.99
ITEM_0000150,ORD_000091,PROD_0019,1,34.99
ITEM_0000151,ORD_000091,PROD_0008,3,119.99
ITEM_0000152,ORD_000091,PROD_0020,3,85.0
ITEM_0000153,ORD_000092,PROD_0020,1,85.0
ITEM_0000154,ORD_000092,PROD_0005,1,39.99
ITEM_0000155,ORD_000093,PROD_0003,3,129.99
ITEM_0000156,ORD_000094,PROD_0003,2,129.99
ITEM_0000157,ORD_000095,PROD_0001,2,79.99
ITEM_0000158,ORD_000095,PROD_0019,1,34.99
ITEM_0000159,ORD_000096,PROD_0004,3,49.99
ITEM_0000160,ORD_000096,PROD_0020,2,85.0
ITEM_0000161,ORD_000097,PROD_0016,1,39.99
ITEM_0000162,ORD_000098,PROD_0020,1,85.0
ITEM_0000163,ORD_000099,PROD_0016,2,39.99
ITEM_0000164,ORD_000100,PROD_0016,1,39.99
ITEM_0000165,ORD_000101,PROD_0011,3,149.99
ITEM_0000166,ORD_000102,PROD_0014,2,19.99
ITEM_0000167,ORD_000103,PROD_0003,1,129.99
ITEM_0000168,ORD_000103,PROD_0010,3,59.99
ITEM_0000169,ORD_000104,PROD_0007,2,24.99
ITEM_0000170,ORD_000105,PROD_0012,3,110.0
ITEM_0000171,ORD_000106,PROD_0012,1,110.0
ITEM_0000172,ORD_000107,PROD_0012,2,110.0
ITEM_0000173,ORD_000107,PROD_0006,1,89.99
ITEM_0000174,ORD_000108,PROD_0007,3,24.99
ITEM_0000175,ORD_000108,PROD_0008,2,119.99
ITEM_0000176,ORD_000108,PROD_0019,3,34.99
ITEM_0000177,ORD_000109,PROD_0006,3,89.99
ITEM_0000178,ORD_000109,PROD_0001,3,79.99
ITEM_0000179,ORD_000109,PROD_0008,3,119.99
ITEM_0000180,ORD_000110,PROD_0015,3,29.99
ITEM_0000181,ORD_000110,PROD_0009,2,34.99
ITEM_0000182,ORD_000110,PROD_0007,3,24.99
ITEM_0000183,ORD_000111,PROD_0012,1,110.0
ITEM_0000184,ORD_000111,PROD_0018,2,22.99
ITEM_0000185,ORD_000111,PROD_0010,2,59.99
ITEM_0000186,ORD_000111,PROD_0019,3,34.99
ITEM_0000187,ORD_000112,PROD_0010,1,59.99
ITEM_0000188,ORD_000112,PROD_0007,3,24.99
ITEM_0000189,ORD_000113,PROD_0001,2,79.99
ITEM_0000190,ORD_000113,PROD_0016,2,39.99
ITEM_0000191,ORD_000114,PROD_0019,3,34.99
ITEM_0000192,ORD_000114,PROD_0007,3,24.99
ITEM_0000193,ORD_000115,PROD_0010,1,59.99
ITEM_0000194,ORD_000116,PROD_0009,3,34.99
ITEM_0000195,ORD_000117,PROD_0012,2,110.0
ITEM_0000196,ORD_000118,PROD_0019,2,34.99
ITEM_0000197,ORD_000119,PROD_0020,1,85.0
ITEM_0000198,ORD_000119,PROD_0003,3,129.99
ITEM_0000199,ORD_000120,PROD_0005,2,39.99
ITEM_0000200,ORD_000121,PROD_0006,3,89.99
ITEM_0000201,ORD_000122,PROD_0015,3,29.99
ITEM_0000202,ORD_000123,PROD_0003,2,129.99
ITEM_0000203,ORD_000123,PROD_0005,2,39.99
ITEM_0000204,ORD_000124,PROD_0018,1,22.99
ITEM_0000205,ORD_000125,PROD_0001,1,79.99
ITEM_0000206,ORD_000126,PROD_0013,1,69.99
ITEM_0000207,ORD_000127,PROD_0015,2,29.99
ITEM_0000208,ORD_000127,PROD_0017,2,29.99
ITEM_0000209,ORD_000127,PROD_0019,2,34.99
ITEM_0000210,ORD_000128,PROD_0013,1,69.99
ITEM_0000211,ORD_000128,PROD_0001,3,79.99
ITEM_0000212,ORD_000128,PROD_0008,1,119.99
ITEM_0000213,ORD_000129,PROD_0002,3,199.99
ITEM_0000214,ORD_000130,PROD_0004,1,49.99
ITEM_0000215,ORD_000130,PROD_0001,3,79.99
ITEM_0000216,ORD_000130,PROD_0002,2,199.99
ITEM_0000217,ORD_000130,PROD_0020,2,85.0
ITEM_0000218,ORD_000131,PROD_0001,3,79.99
ITEM_0000219,ORD_000131,PROD_0010,3,59.99
ITEM_0000220,ORD_000132,PROD_0014,1,19.99
ITEM_0000221,ORD_000132,PROD_0004,2,49.99
ITEM_0000222,ORD_000133,PROD_0020,1,85.0
ITEM_0000223,ORD_000134,PROD_0018,2,22.99
ITEM_0000224,ORD_000135,PROD_0004,1,49.99
ITEM_0000225,ORD_000135,PROD_0019,3,34.99
ITEM_0000226,ORD_000136,PROD_0015,1,29.99
ITEM_0000227,ORD_000136,PROD_0010,1,59.99
ITEM_0000228,ORD_000137,PROD_0011,1,149.99
ITEM_0000229,ORD_000138,PROD_0006,3,89.99
ITEM_0000230,ORD_000138,PROD_0011,1,149.99
ITEM_0000231,ORD_000138,PROD_0012,2,110.0
ITEM_0000232,ORD_000139,PROD_0013,3,69.99
ITEM_0000233,ORD_000140,PROD_0006,1,89.99
ITEM_0000234,ORD_000140,PROD_0004,1,49.99
ITEM_0000235,ORD_000141,PROD_0015,3,29.99
ITEM_0000236,ORD_000141,PROD_0006,3,89.99
ITEM_0000237,ORD_000141,PROD_0013,1,69.99
ITEM_0000238,ORD_000142,PROD_0015,1,29.99
ITEM_0000239,ORD_000142,PROD_0002,3,199.99
ITEM_0000240,ORD_000142,PROD_0003,3,129.99
ITEM_0000241,ORD_000143,PROD_0019,3,34.99
ITEM_0000242,ORD_000143,PROD_0008,3,119.99
ITEM_0000243,ORD_000144,PROD_0008,1,119.99
ITEM_0000244,ORD_000145,PROD_0020,2,85.0
ITEM_0000245,ORD_000145,PROD_0002,2,199.99
ITEM_0000246,ORD_000145,PROD_0001,1,79.99
ITEM_0000247,ORD_000146,PROD_0009,3,34.99
ITEM_0000248,ORD_000147,PROD_0003,2,129.99
ITEM_0000249,ORD_000147,PROD_0015,2,29.99
ITEM_0000250,ORD_000147,PROD_0019,2,34.99
ITEM_0000251,ORD_000148,PROD_0004,3,49.99
ITEM_0000252,ORD_000148,PROD_0013,1,69.99
ITEM_0000253,ORD_000149,PROD_0010,2,59.99
ITEM_0000254,ORD_000149,PROD_0017,2,29.99
ITEM_0000255,ORD_000149,PROD_0018,1,22.99
ITEM_0000256,ORD_000149,PROD_0007,1,24.99
ITEM_0000257,ORD_000150,PROD_0020,3,85.0
ITEM_0000258,ORD_000150,PROD_0016,2,39.99
ITEM_0000259,ORD_000151,PROD_0011,3,149.99
ITEM_0000260,ORD_000152,PROD_0006,1,89.99
ITEM_0000261,ORD_000153,PROD_0013,3,69.99
ITEM_0000262,ORD_000154,PROD_0019,3,34.99
ITEM_0000263,ORD_000155,PROD_0001,1,79.99
ITEM_0000264,ORD_000155,PROD_0017,3,29.99
ITEM_0000265,ORD_000155,PROD_0002,3,199.99
ITEM_0000266,ORD_000155,PROD_0014,1,19.99
ITEM_0000267,ORD_000156,PROD_0020,2,85.0
ITEM_0000268,ORD_000157,PROD_0009,1,34.99
ITEM_0000269,ORD_000157,PROD_0013,1,69.99
ITEM_0000270,ORD_000158,PROD_0018,1,22.99
ITEM_0000271,ORD_000158,PROD_0011,3,149.99
ITEM_0000272,ORD_000158,PROD_0020,3,85.0
ITEM_0000273,ORD_000159,PROD_0006,3,89.99
ITEM_0000274,ORD_000160,PROD_0019,3,34.99
ITEM_0000275,ORD_000160,PROD_0020,3,85.0
ITEM_0000276,ORD_000161,PROD_0014,1,19.99
ITEM_0000277,ORD_000161,PROD_0001,1,79.99
ITEM_0000278,ORD_000161,PROD_0017,3,29.99
ITEM_0000279,ORD_000162,PROD_0006,1,89.99
ITEM_0000280,ORD_000162,PROD_0010,3,59.99
ITEM_0000281,ORD_000163,PROD_0002,3,199.99
ITEM_0000282,ORD_000163,PROD_0012,3,110.0
ITEM_0000283,ORD_000164,PROD_0018,3,22.99
ITEM_0000284,ORD_000164,PROD_0013,3,69.99
ITEM_0000285,ORD_000165,PROD_0011,3,149.99
ITEM_0000286,ORD_000166,PROD_0015,1,29.99
ITEM_0000287,ORD_000166,PROD_0008,3,119.99
ITEM_0000288,ORD_000166,PROD_0012,1,110.0
ITEM_0000289,ORD_000167,PROD_0003,2,129.99
ITEM_0000290,ORD_000167,PROD_0006,2,89.99
ITEM_0000291,ORD_000167,PROD_0019,3,34.99
ITEM_0000292,ORD_000167,PROD_0017,2,29.99
ITEM_0000293,ORD_000168,PROD_0001,1,79.99
ITEM_0000294,ORD_000168,PROD_0011,2,149.99
ITEM_0000295,ORD_000168,PROD_0015,3,29.99
ITEM_0000296,ORD_000169,PROD_0018,3,22.99
ITEM_0000297,ORD_000169,PROD_0012,1,110.0
ITEM_0000298,ORD_000170,PROD_0017,3,29.99
ITEM_0000299,ORD_000171,PROD_0007,2,24.99
ITEM_0000300,ORD_000172,PROD_0018,2,22.99
ITEM_0000301,ORD_000172,PROD_0001,1,79.99
ITEM_0000302,ORD_000173,PROD_0002,1,199.99
ITEM_0000303,ORD_000174,PROD_0001,2,79.99
ITEM_0000304,ORD_000174,PROD_0017,2,29.99
ITEM_0000305,ORD_000175,PROD_0017,3,29.99
ITEM_0000306,ORD_000176,PROD_0007,1,24.99
ITEM_0000307,ORD_000177,PROD_0003,1,129.99
ITEM_0000308,ORD_000177,PROD_0005,1,39.99
ITEM_0000309,ORD_000178,PROD_0018,2,22.99
ITEM_0000310,ORD_000178,PROD_0003,2,129.99
ITEM_0000311,ORD_000179,PROD_0013,1,69.99
ITEM_0000312,ORD_000180,PROD_0019,2,34.99
ITEM_0000313,ORD_000181,PROD_0010,2,59.99
ITEM_0000314,ORD_000182,PROD_0006,3,89.99
ITEM_0000315,ORD_000183,PROD_0005,1,39.99
ITEM_0000316,ORD_000183,PROD_0010,1,59.99
ITEM_0000317,ORD_000183,PROD_0012,1,110.0
ITEM_0000318,ORD_000183,PROD_0001,3,79.99
ITEM_0000319,ORD_000184,PROD_0003,1,129.99
ITEM_0000320,ORD_000184,PROD_0010,2,59.99
ITEM_0000321,ORD_000185,PROD_0006,1,89.99
ITEM_0000322,ORD_000186,PROD_0002,1,199.99
ITEM_0000323,ORD_000186,PROD_0018,2,22.99
ITEM_0000324,ORD_000187,PROD_0019,1,34.99
ITEM_0000325,ORD_000188,PROD_0020,2,85.0
ITEM_0000326,ORD_000189,PROD_0019,2,34.99
ITEM_0000327,ORD_000189,PROD_0005,2,39.99
ITEM_0000328,ORD_000190,PROD_0008,2,119.99
ITEM_0000329,ORD_000191,PROD_0011,2,149.99
ITEM_0000330,ORD_000191,PROD_0016,2,39.99
ITEM_0000331,ORD_000192,PROD_0003,2,129.99
ITEM_0000332,ORD_000192,PROD_0009,3,34.99
ITEM_0000333,ORD_000193,PROD_0001,3,79.99
ITEM_0000334,ORD_000194,PROD_0002,3,199.99
ITEM_0000335,ORD_000195,PROD_0019,2,34.99
ITEM_0000336,ORD_000196,PROD_0017,3,29.99
ITEM_0000337,ORD_000197,PROD_0006,3,89.99
ITEM_0000338,ORD_000198,PROD_0012,1,110.0
ITEM_0000339,ORD_000198,PROD_0002,2,199.99
ITEM_0000340,ORD_000199,PROD_0017,1,29.99
ITEM_0000341,ORD_000199,PROD_0012,1,110.0
ITEM_0000342,ORD_000200,PROD_0017,3,29.99
ITEM_0000343,ORD_000200,PROD_0009,3,34.99
ITEM_0000344,ORD_000201,PROD_0019,2,34.99
ITEM_0000345,ORD_000202,PROD_0012,1,110.0
ITEM_0000346,ORD_000203,PROD_0003,1,129.99
ITEM_0000347,ORD_000204,PROD_0004,2,49.99
ITEM_0000348,ORD_000205,PROD_0016,1,39.99
ITEM_0000349,ORD_000205,PROD_0007,1,24.99
ITEM_0000350,ORD_000206,PROD_0005,1,39.99
ITEM_0000351,ORD_000206,PROD_0017,1,29.99
ITEM_0000352,ORD_000207,PROD_0020,3,85.0
ITEM_0000353,ORD_000207,PROD_0019,2,34.99
ITEM_0000354,ORD_000207,PROD_0001,2,79.99
ITEM_0000355,ORD_000207,PROD_0010,1,59.99
ITEM_0000356,ORD_000208,PROD_0019,2,34.99
ITEM_0000357,ORD_000209,PROD_0015,1,29.99
ITEM_0000358,ORD_000210,PROD_0007,1,24.99
ITEM_0000359,ORD_000211,PROD_0020,3,85.0
ITEM_0000360,ORD_000212,PROD_0005,3,39.99
ITEM_0000361,ORD_000213,PROD_0002,1,199.99
ITEM_0000362,ORD_000214,PROD_0019,2,34.99
ITEM_0000363,ORD_000215,PROD_0003,1,129.99
ITEM_0000364,ORD_000215,PROD_0010,3,59.99
ITEM_0000365,ORD_000215,PROD_0018,3,22.99
ITEM_0000366,ORD_000216,PROD_0017,3,29.99
ITEM_0000367,ORD_000216,PROD_0001,2,79.99
ITEM_0000368,ORD_000217,PROD_0019,2,34.99
ITEM_0000369,ORD_000218,PROD_0013,3,69.99
ITEM_0000370,ORD_000219,PROD_0016,3,39.99
ITEM_0000371,ORD_000219,PROD_0009,2,34.99
ITEM_0000372,ORD_000220,PROD_0008,1,119.99
ITEM_0000373,ORD_000221,PROD_0018,1,22.99
ITEM_0000374,ORD_000221,PROD_0002,1,199.99
ITEM_0000375,ORD_000222,PROD_0003,1,129.99
ITEM_0000376,ORD_000223,PROD_0013,2,69.99
ITEM_0000377,ORD_000224,PROD_0006,2,89.99
ITEM_0000378,ORD_000224,PROD_0016,1,39.99
ITEM_0000379,ORD_000224,PROD_0015,1,29.99
ITEM_0000380,ORD_000225,PROD_0008,1,119.99
ITEM_0000381,ORD_000225,PROD_0006,3,89.99
ITEM_0000382,ORD_000226,PROD_0013,1,69.99
ITEM_0000383,ORD_000226,PROD_0012,3,110.0
ITEM_0000384,ORD_000226,PROD_0020,3,85.0
ITEM_0000385,ORD_000226,PROD_0018,1,22.99
ITEM_0000386,ORD_000227,PROD_0018,2,22.99
ITEM_0000387,ORD_000228,PROD_0013,1,69.99
ITEM_0000388,ORD_000229,PROD_0017,2,29.99
ITEM_0000389,ORD_000229,PROD_0010,3,59.99
ITEM_0000390,ORD_000230,PROD_0013,2,69.99
ITEM_0000391,ORD_000231,PROD_0019,2,34.99
ITEM_0000392,ORD_000232,PROD_0008,3,119.99
ITEM_0000393,ORD_000232,PROD_0020,3,85.0
ITEM_0000394,ORD_000233,PROD_0003,1,129.99
ITEM_0000395,ORD_000234,PROD_0007,3,24.99
ITEM_0000396,ORD_000235,PROD_0008,1,119.99
ITEM_0000397,ORD_000235,PROD_0020,1,85.0
ITEM_0000398,ORD_000236,PROD_0004,3,49.99
ITEM_0000399,ORD_000236,PROD_0003,1,129.99
ITEM_0000400,ORD_000237,PROD_0016,1,39.99
ITEM_0000401,ORD_000237,PROD_0012,3,110.0
ITEM_0000402,ORD_000237,PROD_0011,2,149.99
ITEM_0000403,ORD_000237,PROD_0020,2,85.0
ITEM_0000404,ORD_000238,PROD_0017,1,29.99
ITEM_0000405,ORD_000239,PROD_0006,2,89.99
ITEM_0000406,ORD_000239,PROD_0015,3,29.99
ITEM_0000407,ORD_000239,PROD_0004,1,49.99
ITEM_0000408,ORD_000240,PROD_0004,2,49.99
ITEM_0000409,ORD_000241,PROD_0020,2,85.0
ITEM_0000410,ORD_000242,PROD_0012,1,110.0
ITEM_0000411,ORD_000242,PROD_0020,3,85.0
ITEM_0000412,ORD_000243,PROD_0008,1,119.99
ITEM_0000413,ORD_000243,PROD_0018,3,22.99
ITEM_0000414,ORD_000244,PROD_0016,3,39.99
ITEM_0000415,ORD_000245,PROD_0018,1,22.99
ITEM_0000416,ORD_000246,PROD_0009,2,34.99
ITEM_0000417,ORD_000247,PROD_0018,1,22.99
ITEM_0000418,ORD_000248,PROD_0020,2,85.0
ITEM_0000419,ORD_000248,PROD_0007,3,24.99
ITEM_0000420,ORD_000248,PROD_0018,3,22.99
ITEM_0000421,ORD_000249,PROD_0010,1,59.99
ITEM_0000422,ORD_000250,PROD_0020,1,85.0
ITEM_0000423,ORD_000251,PROD_0010,3,59.99
ITEM_0000424,ORD_000252,PROD_0012,1,110.0
ITEM_0000425,ORD_000252,PROD_0019,1,34.99
ITEM_0000426,ORD_000253,PROD_0009,1,34.99
ITEM_0000427,ORD_000253,PROD_0003,1,129.99
ITEM_0000428,ORD_000254,PROD_0001,2,79.99
ITEM_0000429,ORD_000254,PROD_0013,3,69.99
ITEM_0000430,ORD_000255,PROD_0013,2,69.99
ITEM_0000431,ORD_000255,PROD_0010,3,59.99
ITEM_0000432,ORD_000255,PROD_0008,1,119.99
ITEM_0000433,ORD_000256,PROD_0012,3,110.0
ITEM_0000434,ORD_000257,PROD_0018,2,22.99
ITEM_0000435,ORD_000258,PROD_0014,3,19.99
ITEM_0000436,ORD_000258,PROD_0017,1,29.99
ITEM_0000437,ORD_000258,PROD_0018,1,22.99
ITEM_0000438,ORD_000259,PROD_0005,3,39.99
ITEM_0000439,ORD_000260,PROD_0016,2,39.99
ITEM_0000440,ORD_000261,PROD_0020,1,85.0
ITEM_0000441,ORD_000261,PROD_0008,2,119.99
ITEM_0000442,ORD_000262,PROD_0006,2,89.99
ITEM_0000443,ORD_000263,PROD_0008,2,119.99
ITEM_0000444,ORD_000264,PROD_0014,1,19.99
ITEM_0000445,ORD_000264,PROD_0007,3,24.99
ITEM_0000446,ORD_000264,PROD_0003,2,129.99
ITEM_0000447,ORD_000265,PROD_0016,1,39.99
ITEM_0000448,ORD_000265,PROD_0007,3,24.99
ITEM_0000449,ORD_000266,PROD_0005,1,39.99
ITEM_0000450,ORD_000267,PROD_0011,2,149.99
ITEM_0000451,ORD_000268,PROD_0005,1,39.99
ITEM_0000452,ORD_000269,PROD_0009,3,34.99
ITEM_0000453,ORD_000270,PROD_0002,3,199.99
ITEM_0000454,ORD_000271,PROD_0010,3,59.99
ITEM_0000455,ORD_000272,PROD_0016,2,39.99
ITEM_0000456,ORD_000273,PROD_0004,2,49.99
ITEM_0000457,ORD_000274,PROD_0013,3,69.99
ITEM_0000458,ORD_000274,PROD_0008,2,119.99
ITEM_0000459,ORD_000275,PROD_0008,2,119.99
ITEM_0000460,ORD_000275,PROD_0006,3,89.99
ITEM_0000461,ORD_000276,PROD_0018,2,22.99
ITEM_0000462,ORD_000276,PROD_0004,3,49.99
ITEM_0000463,ORD_000277,PROD_0015,3,29.99
ITEM_0000464,ORD_000277,PROD_0007,1,24.99
ITEM_0000465,ORD_000277,PROD_0001,2,79.99
ITEM_0000466,ORD_000278,PROD_0018,1,22.99
ITEM_0000467,ORD_000278,PROD_0010,3,59.99
ITEM_0000468,ORD_000279,PROD_0009,1,34.99
ITEM_0000469,ORD_000279,PROD_0018,2,22.99
ITEM_0000470,ORD_000280,PROD_0001,3,79.99
ITEM_0000471,ORD_000281,PROD_0012,3,110.0
ITEM_0000472,ORD_000281,PROD_0008,3,119.99
ITEM_0000473,ORD_000282,PROD_0016,2,39.99
ITEM_0000474,ORD_000282,PROD_0018,2,22.99
ITEM_0000475,ORD_000283,PROD_0003,1,129.99
ITEM_0000476,ORD_000284,PROD_0002,3,199.99
ITEM_0000477,ORD_000285,PROD_0009,3,34.99
ITEM_0000478,ORD_000285,PROD_0002,1,199.99
ITEM_0000479,ORD_000286,PROD_0003,2,129.99
ITEM_0000480,ORD_000287,PROD_0002,2,199.99
ITEM_0000481,ORD_000287,PROD_0009,1,34.99
ITEM_0000482,ORD_000287,PROD_0017,1,29.99
ITEM_0000483,ORD_000288,PROD_0008,1,119.99
ITEM_0000484,ORD_000289,PROD_0006,3,89.99
ITEM_0000485,ORD_000289,PROD_0018,1,22.99
ITEM_0000486,ORD_000290,PROD_0015,1,29.99
ITEM_0000487,ORD_000291,PROD_0017,3,29.99
ITEM_0000488,ORD_000291,PROD_0011,2,149.99
ITEM_0000489,ORD_000292,PROD_0011,3,149.99
ITEM_0000490,ORD_000292,PROD_0012,2,110.0
ITEM_0000491,ORD_000293,PROD_0013,2,69.99
ITEM_0000492,ORD_000293,PROD_0018,2,22.99
ITEM_0000493,ORD_000294,PROD_0010,1,59.99
ITEM_0000494,ORD_000294,PROD_0001,2,79.99
ITEM_0000495,ORD_000295,PROD_0009,3,34.99
ITEM_0000496,ORD_000296,PROD_0015,2,29.99
ITEM_0000497,ORD_000297,PROD_0010,3,59.99
ITEM_0000498,ORD_000298,PROD_0011,3,149.99
ITEM_0000499,ORD_000299,PROD_0010,1,59.99
ITEM_0000500,ORD_000299,PROD_0002,1,199.99
ITEM_0000501,ORD_000300,PROD_0014,3,19.99
ITEM_0000502,ORD_000301,PROD_0013,3,69.99
ITEM_0000503,ORD_000301,PROD_0002,3,199.99
ITEM_0000504,ORD_000301,PROD_0010,1,59.99
ITEM_0000505,ORD_000302,PROD_0002,2,199.99
ITEM_0000506,ORD_000303,PROD_0008,1,119.99
ITEM_0000507,ORD_000303,PROD_0014,2,19.99
ITEM_0000508,ORD_000304,PROD_0018,3,22.99
ITEM_0000509,ORD_000304,PROD_0013,2,69.99
ITEM_0000510,ORD_000305,PROD_0007,1,24.99
ITEM_0000511,ORD_000306,PROD_0008,3,119.99
ITEM_0000512,ORD_000306,PROD_0003,3,129.99
ITEM_0000513,ORD_000307,PROD_0012,2,110.0
ITEM_0000514,ORD_000308,PROD_0012,1,110.0
ITEM_0000515,ORD_000309,PROD_0012,1,110.0
ITEM_0000516,ORD_000310,PROD_0005,2,39.99
ITEM_0000517,ORD_000310,PROD_0010,2,59.99
ITEM_0000518,ORD_000310,PROD_0001,2,79.99
ITEM_0000519,ORD_000311,PROD_0007,3,24.99
ITEM_0000520,ORD_000311,PROD_0020,2,85.0
ITEM_0000521,ORD_000312,PROD_0001,1,79.99
ITEM_0000522,ORD_000312,PROD_0013,2,69.99
ITEM_0000523,ORD_000313,PROD_0020,3,85.0
ITEM_0000524,ORD_000314,PROD_0009,1,34.99
ITEM_0000525,ORD_000315,PROD_0013,2,69.99
ITEM_0000526,ORD_000316,PROD_0006,3,89.99
ITEM_0000527,ORD_000316,PROD_0007,1,24.99
ITEM_0000528,ORD_000317,PROD_0016,1,39.99
ITEM_0000529,ORD_000318,PROD_0010,1,59.99
ITEM_0000530,ORD_000319,PROD_0001,2,79.99
ITEM_0000531,ORD_000319,PROD_0018,3,22.99
ITEM_0000532,ORD_000319,PROD_0009,1,34.99
ITEM_0000533,ORD_000320,PROD_0020,2,85.0
ITEM_0000534,ORD_000320,PROD_0008,3,119.99
ITEM_0000535,ORD_000320,PROD_0014,2,19.99
ITEM_0000536,ORD_000320,PROD_0019,2,34.99
ITEM_0000537,ORD_000321,PROD_0019,2,34.99
ITEM_0000538,ORD_000321,PROD_0018,3,22.99
ITEM_0000539,ORD_000322,PROD_0005,2,39.99
ITEM_0000540,ORD_000323,PROD_0004,2,49.99
ITEM_0000541,ORD_000323,PROD_0006,2,89.99
ITEM_0000542,ORD_000323,PROD_0011,2,149.99
ITEM_0000543,ORD_000324,PROD_0009,1,34.99
ITEM_0000544,ORD_000324,PROD_0005,3,39.99
ITEM_0000545,ORD_000324,PROD_0007,3,24.99
ITEM_0000546,ORD_000325,PROD_0001,1,79.99
ITEM_0000547,ORD_000326,PROD_0012,1,110.0
ITEM_0000548,ORD_000326,PROD_0006,1,89.99
ITEM_0000549,ORD_000327,PROD_0001,3,79.99
ITEM_0000550,ORD_000328,PROD_0015,2,29.99
ITEM_0000551,ORD_000329,PROD_0002,3,199.99
ITEM_0000552,ORD_000330,PROD_0019,3,34.99
ITEM_0000553,ORD_000330,PROD_0018,1,22.99
ITEM_0000554,ORD_000330,PROD_0017,2,29.99
ITEM_0000555,ORD_000331,PROD_0013,3,69.99
ITEM_0000556,ORD_000331,PROD_0002,1,199.99
ITEM_0000557,ORD_000332,PROD_0010,2,59.99
ITEM_0000558,ORD_000333,PROD_0005,3,39.99
ITEM_0000559,ORD_000333,PROD_0015,3,29.99
ITEM_0000560,ORD_000334,PROD_0018,1,22.99
ITEM_0000561,ORD_000334,PROD_0005,1,39.99
ITEM_0000562,ORD_000334,PROD_0013,2,69.99
ITEM_0000563,ORD_000335,PROD_0011,3,149.99
ITEM_0000564,ORD_000336,PROD_0015,3,29.99
ITEM_0000565,ORD_000337,PROD_0017,1,29.99
ITEM_0000566,ORD_000337,PROD_0006,1,89.99
ITEM_0000567,ORD_000338,PROD_0005,2,39.99
ITEM_0000568,ORD_000338,PROD_0006,2,89.99
ITEM_0000569,ORD_000338,PROD_0020,2,85.0
ITEM_0000570,ORD_000339,PROD_0004,2,49.99
ITEM_0000571,ORD_000339,PROD_0005,1,39.99
ITEM_0000572,ORD_000340,PROD_0001,3,79.99
ITEM_0000573,ORD_000340,PROD_0016,2,39.99
ITEM_0000574,ORD_000341,PROD_0020,2,85.0
ITEM_0000575,ORD_000342,PROD_0002,1,199.99
ITEM_0000576,ORD_000343,PROD_0020,1,85.0
ITEM_0000577,ORD_000343,PROD_0010,2,59.99
ITEM_0000578,ORD_000344,PROD_0020,2,85.0
ITEM_0000579,ORD_000345,PROD_0010,1,59.99
ITEM_0000580,ORD_000346,PROD_0016,2,39.99
ITEM_0000581,ORD_000347,PROD_0007,3,24.99
ITEM_0000582,ORD_000348,PROD_0020,3,85.0
ITEM_0000583,ORD_000349,PROD_0020,2,85.0
ITEM_0000584,ORD_000349,PROD_0012,3,110.0
ITEM_0000585,ORD_000350,PROD_0006,1,89.99
ITEM_0000586,ORD_000351,PROD_0004,2,49.99
ITEM_0000587,ORD_000352,PROD_0007,3,24.99
ITEM_0000588,ORD_000353,PROD_0017,1,29.99
ITEM_0000589,ORD_000354,PROD_0019,1,34.99
ITEM_0000590,ORD_000355,PROD_0016,2,39.99
ITEM_0000591,ORD_000356,PROD_0018,3,22.99
ITEM_0000592,ORD_000356,PROD_0011,2,149.99
ITEM_0000593,ORD_000356,PROD_0015,3,29.99
ITEM_0000594,ORD_000357,PROD_0001,2,79.99
ITEM_0000595,ORD_000357,PROD_0007,1,24.99
ITEM_0000596,ORD_000358,PROD_0011,2,149.99
ITEM_0000597,ORD_000358,PROD_0013,1,69.99
ITEM_0000598,ORD_000358,PROD_0018,3,22.99
ITEM_0000599,ORD_000359,PROD_0002,2,199.99
ITEM_0000600,ORD_000359,PROD_0009,2,34.99
ITEM_0000601,ORD_000359,PROD_0014,2,19.99
ITEM_0000602,ORD_000360,PROD_0012,2,110.0
ITEM_0000603,ORD_000361,PROD_0005,2,39.99
ITEM_0000604,ORD_000361,PROD_0007,2,24.99
ITEM_0000605,ORD_000361,PROD_0011,1,149.99
ITEM_0000606,ORD_000362,PROD_0005,2,39.99
ITEM_0000607,ORD_000362,PROD_0007,3,24.99
ITEM_0000608,ORD_000363,PROD_0002,2,199.99
ITEM_0000609,ORD_000364,PROD_0010,3,59.99
ITEM_0000610,ORD_000365,PROD_0010,2,59.99
ITEM_0000611,ORD_000366,PROD_0009,3,34.99
ITEM_0000612,ORD_000367,PROD_0018,3,22.99
ITEM_0000613,ORD_000367,PROD_0011,1,149.99
ITEM_0000614,ORD_000368,PROD_0011,1,149.99
ITEM_0000615,ORD_000368,PROD_0018,2,22.99
ITEM_0000616,ORD_000369,PROD_0002,1,199.99
ITEM_0000617,ORD_000370,PROD_0015,3,29.99
ITEM_0000618,ORD_000370,PROD_0012,3,110.0
ITEM_0000619,ORD_000371,PROD_0003,3,129.99
ITEM_0000620,ORD_000371,PROD_0015,3,29.99
ITEM_0000621,ORD_000372,PROD_0008,2,119.99
ITEM_0000622,ORD_000373,PROD_0011,2,149.99
ITEM_0000623,ORD_000373,PROD_0020,1,85.0
ITEM_0000624,ORD_000373,PROD_0015,2,29.99
ITEM_0000625,ORD_000374,PROD_0012,3,110.0
ITEM_0000626,ORD_000375,PROD_0011,3,149.99
ITEM_0000627,ORD_000375,PROD_0018,2,22.99
ITEM_0000628,ORD_000376,PROD_0018,2,22.99
ITEM_0000629,ORD_000376,PROD_0006,1,89.99
ITEM_0000630,ORD_000377,PROD_0014,1,19.99
ITEM_0000631,ORD_000377,PROD_0019,3,34.99
ITEM_0000632,ORD_000378,PROD_0019,2,34.99
ITEM_0000633,ORD_000378,PROD_0016,3,39.99
ITEM_0000634,ORD_000378,PROD_0004,1,49.99
ITEM_0000635,ORD_000379,PROD_0013,3,69.99
ITEM_0000636,ORD_000380,PROD_0002,3,199.99
ITEM_0000637,ORD_000381,PROD_0005,3,39.99
ITEM_0000638,ORD_000381,PROD_0020,3,85.0
ITEM_0000639,ORD_000381,PROD_0015,2,29.99
ITEM_0000640,ORD_000382,PROD_0010,1,59.99
ITEM_0000641,ORD_000382,PROD_0019,3,34.99
ITEM_0000642,ORD_000382,PROD_0020,1,85.0
ITEM_0000643,ORD_000383,PROD_0010,3,59.99
ITEM_0000644,ORD_000383,PROD_0002,3,199.99
ITEM_0000645,ORD_000383,PROD_0012,2,110.0
ITEM_0000646,ORD_000384,PROD_0019,3,34.99
ITEM_0000647,ORD_000385,PROD_0007,1,24.99
ITEM_0000648,ORD_000386,PROD_0012,1,110.0
ITEM_0000649,ORD_000386,PROD_0014,1,19.99
ITEM_0000650,ORD_000386,PROD_0005,1,39.99
ITEM_0000651,ORD_000387,PROD_0016,3,39.99
ITEM_0000652,ORD_000387,PROD_0014,2,19.99
ITEM_0000653,ORD_000388,PROD_0014,3,19.99
ITEM_0000654,ORD_000388,PROD_0006,2,89.99
ITEM_0000655,ORD_000389,PROD_0020,3,85.0
ITEM_0000656,ORD_000390,PROD_0018,1,22.99
ITEM_0000657,ORD_000391,PROD_0019,1,34.99
ITEM_0000658,ORD_000392,PROD_0003,1,129.99
ITEM_0000659,ORD_000393,PROD_0019,3,34.99
ITEM_0000660,ORD_000393,PROD_0010,1,59.99
ITEM_0000661,ORD_000394,PROD_0019,1,34.99
ITEM_0000662,ORD_000394,PROD_0011,1,149.99
ITEM_0000663,ORD_000394,PROD_0014,3,19.99
ITEM_0000664,ORD_000395,PROD_0019,3,34.99
ITEM_0000665,ORD_000396,PROD_0010,1,59.99
ITEM_0000666,ORD_000396,PROD_0001,3,79.99
ITEM_0000667,ORD_000397,PROD_0020,1,85.0
ITEM_0000668,ORD_000398,PROD_0019,2,34.99
ITEM_0000669,ORD_000399,PROD_0008,2,119.99
ITEM_0000670,ORD_000399,PROD_0016,1,39.99
ITEM_0000671,ORD_000400,PROD_0005,3,39.99
ITEM_0000672,ORD_000400,PROD_0016,3,39.99
ITEM_0000673,ORD_000400,PROD_0014,1,19.99
ITEM_0000674,ORD_000401,PROD_0002,2,199.99
ITEM_0000675,ORD_000401,PROD_0009,2,34.99
ITEM_0000676,ORD_000401,PROD_0004,2,49.99
ITEM_0000677,ORD_000402,PROD_0013,2,69.99
ITEM_0000678,ORD_000402,PROD_0016,1,39.99
ITEM_0000679,ORD_000403,PROD_0017,2,29.99
ITEM_0000680,ORD_000403,PROD_0002,3,199.99
ITEM_0000681,ORD_000404,PROD_0009,2,34.99
ITEM_0000682,ORD_000405,PROD_0007,2,24.99
ITEM_0000683,ORD_000405,PROD_0017,3,29.99
ITEM_0000684,ORD_000406,PROD_0001,2,79.99
ITEM_0000685,ORD_000406,PROD_0014,1,19.99
ITEM_0000686,ORD_000406,PROD_0004,3,49.99
ITEM_0000687,ORD_000407,PROD_0020,3,85.0
ITEM_0000688,ORD_000408,PROD_0004,3,49.99
ITEM_0000689,ORD_000408,PROD_0003,3,129.99
ITEM_0000690,ORD_000409,PROD_0006,3,89.99
ITEM_0000691,ORD_000409,PROD_0009,2,34.99
ITEM_0000692,ORD_000409,PROD_0010,2,59.99
ITEM_0000693,ORD_000410,PROD_0011,2,149.99
ITEM_0000694,ORD_000410,PROD_0009,2,34.99
ITEM_0000695,ORD_000410,PROD_0006,2,89.99
ITEM_0000696,ORD_000411,PROD_0003,2,129.99
ITEM_0000697,ORD_000412,PROD_0014,2,19.99
ITEM_0000698,ORD_000413,PROD_0003,2,129.99
ITEM_0000699,ORD_000414,PROD_0001,2,79.99
ITEM_0000700,ORD_000415,PROD_0019,2,34.99
ITEM_0000701,ORD_000415,PROD_0001,2,79.99
ITEM_0000702,ORD_000415,PROD_0017,3,29.99
ITEM_0000703,ORD_000416,PROD_0001,3,79.99
ITEM_0000704,ORD_000416,PROD_0013,3,69.99
ITEM_0000705,ORD_000417,PROD_0013,2,69.99
ITEM_0000706,ORD_000417,PROD_0002,3,199.99
ITEM_0000707,ORD_000418,PROD_0010,3,59.99
ITEM_0000708,ORD_000418,PROD_0007,1,24.99
ITEM_0000709,ORD_000418,PROD_0006,2,89.99
ITEM_0000710,ORD_000419,PROD_0012,3,110.0
ITEM_0000711,ORD_000419,PROD_0016,1,39.99
ITEM_0000712,ORD_000420,PROD_0019,1,34.99
ITEM_0000713,ORD_000421,PROD_0015,2,29.99
ITEM_0000714,ORD_000421,PROD_0001,3,79.99
ITEM_0000715,ORD_000422,PROD_0017,1,29.99
ITEM_0000716,ORD_000423,PROD_0002,3,199.99
ITEM_0000717,ORD_000423,PROD_0005,1,39.99
ITEM_0000718,ORD_000423,PROD_0016,1,39.99
ITEM_0000719,ORD_000424,PROD_0002,3,199.99
ITEM_0000720,ORD_000425,PROD_0004,1,49.99
ITEM_0000721,ORD_000425,PROD_0020,1,85.0
ITEM_0000722,ORD_000425,PROD_0016,2,39.99
ITEM_0000723,ORD_000426,PROD_0019,1,34.99
ITEM_0000724,ORD_000427,PROD_0003,2,129.99
ITEM_0000725,ORD_000428,PROD_0015,1,29.99
ITEM_0000726,ORD_000428,PROD_0008,3,119.99
ITEM_0000727,ORD_000429,PROD_0016,1,39.99
ITEM_0000728,ORD_000430,PROD_0010,1,59.99
ITEM_0000729,ORD_000430,PROD_0014,1,19.99
ITEM_0000730,ORD_000431,PROD_0008,3,119.99
ITEM_0000731,ORD_000432,PROD_0003,3,129.99
ITEM_0000732,ORD_000432,PROD_0010,1,59.99
ITEM_0000733,ORD_000433,PROD_0020,2,85.0
ITEM_0000734,ORD_000433,PROD_0012,1,110.0
ITEM_0000735,ORD_000433,PROD_0018,1,22.99
ITEM_0000736,ORD_000433,PROD_0017,1,29.99
ITEM_0000737,ORD_000434,PROD_0016,1,39.99
ITEM_0000738,ORD_000434,PROD_0020,3,85.0
ITEM_0000739,ORD_000434,PROD_0006,2,89.99
ITEM_0000740,ORD_000435,PROD_0020,3,85.0
ITEM_0000741,ORD_000436,PROD_0001,1,79.99
ITEM_0000742,ORD_000437,PROD_0019,3,34.99
ITEM_0000743,ORD_000438,PROD_0011,1,149.99
ITEM_0000744,ORD_000438,PROD_0008,2,119.99
ITEM_0000745,ORD_000439,PROD_0016,1,39.99
ITEM_0000746,ORD_000440,PROD_0012,3,110.0
ITEM_0000747,ORD_000441,PROD_0002,2,199.99
ITEM_0000748,ORD_000442,PROD_0006,3,89.99
ITEM_0000749,ORD_000443,PROD_0008,2,119.99
ITEM_0000750,ORD_000443,PROD_0003,2,129.99
ITEM_0000751,ORD_000443,PROD_0014,2,19.99
ITEM_0000752,ORD_000443,PROD_0017,1,29.99
ITEM_0000753,ORD_000444,PROD_0008,1,119.99
ITEM_0000754,ORD_000444,PROD_0011,3,149.99
ITEM_0000755,ORD_000444,PROD_0014,1,19.99
ITEM_0000756,ORD_000445,PROD_0017,2,29.99
ITEM_0000757,ORD_000445,PROD_0002,2,199.99
ITEM_0000758,ORD_000445,PROD_0014,1,19.99
ITEM_0000759,ORD_000445,PROD_0020,1,85.0
ITEM_0000760,ORD_000446,PROD_0014,1,19.99
ITEM_0000761,ORD_000446,PROD_0007,3,24.99
ITEM_0000762,ORD_000447,PROD_0006,1,89.99
ITEM_0000763,ORD_000447,PROD_0015,2,29.99
ITEM_0000764,ORD_000448,PROD_0012,3,110.0
ITEM_0000765,ORD_000449,PROD_0002,3,199.99
ITEM_0000766,ORD_000450,PROD_0011,3,149.99
ITEM_0000767,ORD_000451,PROD_0015,2,29.99
ITEM_0000768,ORD_000452,PROD_0018,3,22.99
ITEM_0000769,ORD_000452,PROD_0007,1,24.99
ITEM_0000770,ORD_000453,PROD_0019,3,34.99
ITEM_0000771,ORD_000453,PROD_0007,3,24.99
ITEM_0000772,ORD_000453,PROD_0008,2,119.99
ITEM_0000773,ORD_000454,PROD_0015,1,29.99
ITEM_0000774,ORD_000455,PROD_0010,1,59.99
ITEM_0000775,ORD_000455,PROD_0015,2,29.99
ITEM_0000776,ORD_000455,PROD_0012,1,110.0
ITEM_0000777,ORD_000456,PROD_0003,1,129.99
ITEM_0000778,ORD_000457,PROD_0007,2,24.99
ITEM_0000779,ORD_000458,PROD_0014,2,19.99
ITEM_0000780,ORD_000459,PROD_0008,3,119.99
ITEM_0000781,ORD_000459,PROD_0017,3,29.99
ITEM_0000782,ORD_000459,PROD_0011,2,149.99
ITEM_0000783,ORD_000460,PROD_0018,1,22.99
ITEM_0000784,ORD_000460,PROD_0015,2,29.99
ITEM_0000785,ORD_000461,PROD_0012,2,110.0
ITEM_0000786,ORD_000462,PROD_0006,3,89.99
ITEM_0000787,ORD_000462,PROD_0018,3,22.99
ITEM_0000788,ORD_000463,PROD_0002,2,199.99
ITEM_0000789,ORD_000464,PROD_0002,1,199.99
ITEM_0000790,ORD_000465,PROD_0018,2,22.99
ITEM_0000791,ORD_000465,PROD_0010,2,59.99
ITEM_0000792,ORD_000465,PROD_0004,1,49.99
ITEM_0000793,ORD_000465,PROD_0001,1,79.99
ITEM_0000794,ORD_000466,PROD_0011,3,149.99
ITEM_0000795,ORD_000466,PROD_0010,3,59.99
ITEM_0000796,ORD_000466,PROD_0016,2,39.99
ITEM_0000797,ORD_000466,PROD_0019,2,34.99
ITEM_0000798,ORD_000467,PROD_0002,1,199.99
ITEM_0000799,ORD_000468,PROD_0008,1,119.99
ITEM_0000800,ORD_000468,PROD_0015,3,29.99
ITEM_0000801,ORD_000469,PROD_0009,2,34.99
ITEM_0000802,ORD_000469,PROD_0007,3,24.99
ITEM_0000803,ORD_000470,PROD_0016,3,39.99
ITEM_0000804,ORD_000471,PROD_0005,2,39.99
ITEM_0000805,ORD_000472,PROD_0010,1,59.99
ITEM_0000806,ORD_000473,PROD_0015,3,29.99
ITEM_0000807,ORD_000473,PROD_0010,3,59.99
ITEM_0000808,ORD_000473,PROD_0006,1,89.99
ITEM_0000809,ORD_000473,PROD_0014,1,19.99
ITEM_0000810,ORD_000474,PROD_0017,3,29.99
ITEM_0000811,ORD_000474,PROD_0011,2,149.99
ITEM_0000812,ORD_000474,PROD_0003,2,129.99
ITEM_0000813,ORD_000474,PROD_0013,1,69.99
ITEM_0000814,ORD_000475,PROD_0005,3,39.99
ITEM_0000815,ORD_000475,PROD_0007,2,24.99
ITEM_0000816,ORD_000476,PROD_0018,1,22.99
ITEM_0000817,ORD_000477,PROD_0016,2,39.99
ITEM_0000818,ORD_000478,PROD_0001,3,79.99
ITEM_0000819,ORD_000478,PROD_0004,3,49.99
ITEM_0000820,ORD_000479,PROD_0009,3,34.99
ITEM_0000821,ORD_000479,PROD_0016,3,39.99
ITEM_0000822,ORD_000480,PROD_0002,3,199.99
ITEM_0000823,ORD_000481,PROD_0012,1,110.0
ITEM_0000824,ORD_000482,PROD_0003,1,129.99
ITEM_0000825,ORD_000482,PROD_0017,3,29.99
ITEM_0000826,ORD_000483,PROD_0011,3,149.99
ITEM_0000827,ORD_000484,PROD_0019,1,34.99
ITEM_0000828,ORD_000485,PROD_0014,1,19.99
ITEM_0000829,ORD_000485,PROD_0011,3,149.99
ITEM_0000830,ORD_000486,PROD_0018,3,22.99
ITEM_0000831,ORD_000486,PROD_0017,1,29.99
ITEM_0000832,ORD_000487,PROD_0005,2,39.99
ITEM_0000833,ORD_000488,PROD_0020,1,85.0
ITEM_0000834,ORD_000488,PROD_0017,3,29.99
ITEM_0000835,ORD_000488,PROD_0011,1,149.99
ITEM_0000836,ORD_000489,PROD_0008,1,119.99
ITEM_0000837,ORD_000490,PROD_0004,1,49.99
ITEM_0000838,ORD_000490,PROD_0003,1,129.99
ITEM_0000839,ORD_000491,PROD_0002,1,199.99
ITEM_0000840,ORD_000491,PROD_0016,2,39.99
ITEM_0000841,ORD_000492,PROD_0020,3,85.0
ITEM_0000842,ORD_000492,PROD_0007,2,24.99
ITEM_0000843,ORD_000493,PROD_0009,3,34.99
ITEM_0000844,ORD_000493,PROD_0019,3,34.99
ITEM_0000845,ORD_000493,PROD_0012,1,110.0
ITEM_0000846,ORD_000494,PROD_0019,3,34.99
ITEM_0000847,ORD_000495,PROD_0018,2,22.99
ITEM_0000848,ORD_000495,PROD_0001,3,79.99
ITEM_0000849,ORD_000495,PROD_0004,3,49.99
ITEM_0000850,ORD_000496,PROD_0006,2,89.99
ITEM_0000851,ORD_000496,PROD_0012,1,110.0
ITEM_0000852,ORD_000496,PROD_0013,2,69.99
ITEM_0000853,ORD_000496,PROD_0014,1,19.99
ITEM_0000854,ORD_000497,PROD_0012,3,110.0
ITEM_0000855,ORD_000498,PROD_0013,3,69.99
ITEM_0000856,ORD_000499,PROD_0014,1,19.99
ITEM_0000857,ORD_000500,PROD_0012,2,110.0
ITEM_0000858,ORD_000500,PROD_0006,2,89.99
ITEM_0000859,ORD_000500,PROD_0001,3,79.99
ITEM_0000860,ORD_000501,PROD_0013,1,69.99
ITEM_0000861,ORD_000502,PROD_0007,2,24.99
ITEM_0000862,ORD_000503,PROD_0009,2,34.99
ITEM_0000863,ORD_000503,PROD_0019,2,34.99
ITEM_0000864,ORD_000504,PROD_0005,2,39.99
ITEM_0000865,ORD_000504,PROD_0015,2,29.99
ITEM_0000866,ORD_000505,PROD_0002,1,199.99
ITEM_0000867,ORD_000506,PROD_0010,1,59.99
ITEM_0000868,ORD_000507,PROD_0016,3,39.99
ITEM_0000869,ORD_000508,PROD_0002,2,199.99
ITEM_0000870,ORD_000508,PROD_0014,2,19.99
ITEM_0000871,ORD_000509,PROD_0018,2,22.99
ITEM_0000872,ORD_000510,PROD_0016,3,39.99
ITEM_0000873,ORD_000510,PROD_0004,3,49.99
ITEM_0000874,ORD_000511,PROD_0018,2,22.99
ITEM_0000875,ORD_000512,PROD_0020,1,85.0
ITEM_0000876,ORD_000512,PROD_0012,1,110.0
ITEM_0000877,ORD_000512,PROD_0010,2,59.99
ITEM_0000878,ORD_000512,PROD_0011,2,149.99
ITEM_0000879,ORD_000513,PROD_0004,2,49.99
ITEM_0000880,ORD_000514,PROD_0008,1,119.99
ITEM_0000881,ORD_000515,PROD_0006,1,89.99
ITEM_0000882,ORD_000516,PROD_0014,3,19.99
ITEM_0000883,ORD_000516,PROD_0009,1,34.99
ITEM_0000884,ORD_000517,PROD_0019,3,34.99
ITEM_0000885,ORD_000518,PROD_0011,2,149.99
ITEM_0000886,ORD_000519,PROD_0003,2,129.99
ITEM_0000887,ORD_000520,PROD_0008,3,119.99
ITEM_0000888,ORD_000521,PROD_0009,2,34.99
ITEM_0000889,ORD_000521,PROD_0003,1,129.99
ITEM_0000890,ORD_000522,PROD_0010,2,59.99
ITEM_0000891,ORD_000522,PROD_0017,1,29.99
ITEM_0000892,ORD_000523,PROD_0015,1,29.99
ITEM_0000893,ORD_000523,PROD_0018,3,22.99
ITEM_0000894,ORD_000524,PROD_0015,3,29.99
ITEM_0000895,ORD_000524,PROD_0009,1,34.99
ITEM_0000896,ORD_000524,PROD_0018,2,22.99
ITEM_0000897,ORD_000524,PROD_0014,2,19.99
ITEM_0000898,ORD_000525,PROD_0010,3,59.99
ITEM_0000899,ORD_000525,PROD_0014,1,19.99
ITEM_0000900,ORD_000526,PROD_0006,1,89.99
ITEM_0000901,ORD_000526,PROD_0009,1,34.99
ITEM_0000902,ORD_000526,PROD_0008,1,119.99
ITEM_0000903,ORD_000527,PROD_0014,1,19.99
ITEM_0000904,ORD_000528,PROD_0009,3,34.99
ITEM_0000905,ORD_000529,PROD_0001,3,79.99
ITEM_0000906,ORD_000530,PROD_0003,3,129.99
ITEM_0000907,ORD_000530,PROD_0013,3,69.99
ITEM_0000908,ORD_000530,PROD_0005,1,39.99
ITEM_0000909,ORD_000531,PROD_0017,1,29.99
ITEM_0000910,ORD_000531,PROD_0009,2,34.99
ITEM_0000911,ORD_000531,PROD_0016,2,39.99
ITEM_0000912,ORD_000532,PROD_0014,1,19.99
ITEM_0000913,ORD_000532,PROD_0007,2,24.99
ITEM_0000914,ORD_000533,PROD_0002,2,199.99
ITEM_0000915,ORD_000533,PROD_0016,3,39.99
ITEM_0000916,ORD_000533,PROD_0018,2,22.99
ITEM_0000917,ORD_000534,PROD_0005,1,39.99
ITEM_0000918,ORD_000534,PROD_0012,3,110.0
ITEM_0000919,ORD_000534,PROD_0016,3,39.99
ITEM_0000920,ORD_000534,PROD_0019,1,34.99
ITEM_0000921,ORD_000535,PROD_0013,3,69.99
ITEM_0000922,ORD_000536,PROD_0013,1,69.99
ITEM_0000923,ORD_000536,PROD_0001,2,79.99
ITEM_0000924,ORD_000536,PROD_0020,1,85.0
ITEM_0000925,ORD_000537,PROD_0011,2,149.99
ITEM_0000926,ORD_000537,PROD_0014,3,19.99
ITEM_0000927,ORD_000537,PROD_0002,2,199.99
ITEM_0000928,ORD_000538,PROD_0004,3,49.99
ITEM_0000929,ORD_000539,PROD_0018,1,22.99
ITEM_0000930,ORD_000539,PROD_0011,3,149.99
ITEM_0000931,ORD_000540,PROD_0005,3,39.99
ITEM_0000932,ORD_000541,PROD_0006,3,89.99
ITEM_0000933,ORD_000542,PROD_0005,2,39.99
ITEM_0000934,ORD_000543,PROD_0012,3,110.0
ITEM_0000935,ORD_000544,PROD_0020,3,85.0
ITEM_0000936,ORD_000544,PROD_0008,1,119.99
ITEM_0000937,ORD_000544,PROD_0003,1,129.99
ITEM_0000938,ORD_000545,PROD_0003,1,129.99
ITEM_0000939,ORD_000546,PROD_0015,1,29.99
ITEM_0000940,ORD_000546,PROD_0016,2,39.99
ITEM_0000941,ORD_000547,PROD_0007,3,24.99
ITEM_0000942,ORD_000548,PROD_0005,1,39.99
ITEM_0000943,ORD_000549,PROD_0015,1,29.99
ITEM_0000944,ORD_000550,PROD_0007,3,24.99
ITEM_0000945,ORD_000551,PROD_0002,2,199.99
ITEM_0000946,ORD_000552,PROD_0020,2,85.0
ITEM_0000947,ORD_000552,PROD_0002,2,199.99
ITEM_0000948,ORD_000552,PROD_0001,2,79.99
ITEM_0000949,ORD_000553,PROD_0018,2,22.99
ITEM_0000950,ORD_000553,PROD_0002,2,199.99
ITEM_0000951,ORD_000553,PROD_0006,1,89.99
ITEM_0000952,ORD_000553,PROD_0009,1,34.99
ITEM_0000953,ORD_000554,PROD_0009,1,34.99
ITEM_0000954,ORD_000555,PROD_0014,2,19.99
ITEM_0000955,ORD_000556,PROD_0011,1,149.99
ITEM_0000956,ORD_000556,PROD_0016,1,39.99
ITEM_0000957,ORD_000556,PROD_0005,1,39.99
ITEM_0000958,ORD_000557,PROD_0009,2,34.99
ITEM_0000959,ORD_000558,PROD_0018,1,22.99
ITEM_0000960,ORD_000559,PROD_0003,1,129.99
ITEM_0000961,ORD_000560,PROD_0019,3,34.99
ITEM_0000962,ORD_000560,PROD_0007,1,24.99
ITEM_0000963,ORD_000561,PROD_0004,2,49.99
ITEM_0000964,ORD_000561,PROD_0011,2,149.99
ITEM_0000965,ORD_000562,PROD_0003,2,129.99
ITEM_0000966,ORD_000563,PROD_0011,2,149.99
ITEM_0000967,ORD_000563,PROD_0002,3,199.99
ITEM_0000968,ORD_000564,PROD_0002,1,199.99
ITEM_0000969,ORD_000565,PROD_0013,1,69.99
ITEM_0000970,ORD_000565,PROD_0003,1,129.99
ITEM_0000971,ORD_000565,PROD_0020,1,85.0
ITEM_0000972,ORD_000565,PROD_0009,1,34.99
ITEM_0000973,ORD_000566,PROD_0005,2,39.99
ITEM_0000974,ORD_000567,PROD_0012,2,110.0
ITEM_0000975,ORD_000567,PROD_0004,2,49.99
ITEM_0000976,ORD_000568,PROD_0020,2,85.0
ITEM_0000977,ORD_000569,PROD_0003,3,129.99
ITEM_0000978,ORD_000569,PROD_0002,1,199.99
ITEM_0000979,ORD_000570,PROD_0016,1,39.99
ITEM_0000980,ORD_000571,PROD_0016,3,39.99
ITEM_0000981,ORD_000572,PROD_0010,1,59.99
ITEM_0000982,ORD_000572,PROD_0019,3,34.99
ITEM_0000983,ORD_000573,PROD_0015,2,29.99
ITEM_0000984,ORD_000574,PROD_0017,1,29.99
ITEM_0000985,ORD_000575,PROD_0014,3,19.99
ITEM_0000986,ORD_000576,PROD_0009,1,34.99
ITEM_0000987,ORD_000577,PROD_0004,1,49.99
ITEM_0000988,ORD_000578,PROD_0016,3,39.99
ITEM_0000989,ORD_000579,PROD_0020,2,85.0
ITEM_0000990,ORD_000579,PROD_0012,1,110.0
ITEM_0000991,ORD_000580,PROD_0001,1,79.99
ITEM_0000992,ORD_000581,PROD_0014,2,19.99
ITEM_0000993,ORD_000581,PROD_0018,1,22.99
ITEM_0000994,ORD_000582,PROD_0005,2,39.99
ITEM_0000995,ORD_000583,PROD_0007,2,24.99
ITEM_0000996,ORD_000583,PROD_0010,1,59.99
ITEM_0000997,ORD_000584,PROD_0019,2,34.99
ITEM_0000998,ORD_000584,PROD_0018,3,22.99
ITEM_0000999,ORD_000584,PROD_0010,3,59.99
ITEM_0001000,ORD_000585,PROD_0016,3,39.99
ITEM_0001001,ORD_000585,PROD_0008,2,119.99
ITEM_0001002,ORD_000585,PROD_0002,3,199.99
ITEM_0001003,ORD_000586,PROD_0016,3,39.99
ITEM_0001004,ORD_000587,PROD_0006,2,89.99
ITEM_0001005,ORD_000588,PROD_0019,1,34.99
ITEM_0001006,ORD_000588,PROD_0011,2,149.99
ITEM_0001007,ORD_000589,PROD_0012,3,110.0
ITEM_0001008,ORD_000589,PROD_0016,3,39.99
ITEM_0001009,ORD_000589,PROD_0006,1,89.99
ITEM_0001010,ORD_000590,PROD_0006,2,89.99
ITEM_0001011,ORD_000591,PROD_0018,2,22.99
ITEM_0001012,ORD_000592,PROD_0017,2,29.99
ITEM_0001013,ORD_000593,PROD_0008,2,119.99
ITEM_0001014,ORD_000594,PROD_0005,3,39.99
ITEM_0001015,ORD_000595,PROD_0015,1,29.99
ITEM_0001016,ORD_000595,PROD_0020,3,85.0
ITEM_0001017,ORD_000595,PROD_0004,1,49.99
ITEM_0001018,ORD_000596,PROD_0007,3,24.99
ITEM_0001019,ORD_000596,PROD_0012,2,110.0
ITEM_0001020,ORD_000597,PROD_0004,1,49.99
ITEM_0001021,ORD_000597,PROD_0005,1,39.99
ITEM_0001022,ORD_000598,PROD_0001,1,79.99
ITEM_0001023,ORD_000598,PROD_0008,2,119.99
ITEM_0001024,ORD_000598,PROD_0016,2,39.99
ITEM_0001025,ORD_000598,PROD_0011,3,149.99
ITEM_0001026,ORD_000599,PROD_0008,1,119.99
ITEM_0001027,ORD_000599,PROD_0005,2,39.99
ITEM_0001028,ORD_000600,PROD_0017,1,29.99
ITEM_0001029,ORD_000600,PROD_0012,1,110.0
ITEM_0001030,ORD_000600,PROD_0001,2,79.99
ITEM_0001031,ORD_000600,PROD_0015,2,29.99
ITEM_0001032,ORD_000601,PROD_0013,3,69.99
ITEM_0001033,ORD_000602,PROD_0017,2,29.99
ITEM_0001034,ORD_000602,PROD_0010,3,59.99
ITEM_0001035,ORD_000603,PROD_0009,3,34.99
ITEM_0001036,ORD_000604,PROD_0018,3,22.99
ITEM_0001037,ORD_000605,PROD_0003,3,129.99
ITEM_0001038,ORD_000605,PROD_0002,3,199.99
ITEM_0001039,ORD_000605,PROD_0018,2,22.99
ITEM_0001040,ORD_000606,PROD_0017,1,29.99
ITEM_0001041,ORD_000606,PROD_0011,3,149.99
ITEM_0001042,ORD_000607,PROD_0010,2,59.99
ITEM_0001043,ORD_000607,PROD_0014,2,19.99
ITEM_0001044,ORD_000607,PROD_0017,3,29.99
ITEM_0001045,ORD_000608,PROD_0004,3,49.99
ITEM_0001046,ORD_000609,PROD_0019,3,34.99
ITEM_0001047,ORD_000609,PROD_0020,3,85.0
ITEM_0001048,ORD_000609,PROD_0018,3,22.99
ITEM_0001049,ORD_000609,PROD_0008,3,119.99
ITEM_0001050,ORD_000610,PROD_0004,2,49.99
ITEM_0001051,ORD_000610,PROD_0011,2,149.99
ITEM_0001052,ORD_000611,PROD_0014,2,19.99
ITEM_0001053,ORD_000612,PROD_0003,2,129.99
ITEM_0001054,ORD_000613,PROD_0009,2,34.99
ITEM_0001055,ORD_000613,PROD_0019,3,34.99
ITEM_0001056,ORD_000614,PROD_0006,1,89.99
ITEM_0001057,ORD_000614,PROD_0005,3,39.99
ITEM_0001058,ORD_000614,PROD_0017,3,29.99
ITEM_0001059,ORD_000614,PROD_0019,3,34.99
ITEM_0001060,ORD_000615,PROD_0006,3,89.99
ITEM_0001061,ORD_000616,PROD_0019,1,34.99
ITEM_0001062,ORD_000617,PROD_0010,2,59.99
ITEM_0001063,ORD_000617,PROD_0020,1,85.0
ITEM_0001064,ORD_000617,PROD_0016,2,39.99
ITEM_0001065,ORD_000617,PROD_0001,2,79.99
ITEM_0001066,ORD_000618,PROD_0004,1,49.99
ITEM_0001067,ORD_000619,PROD_0015,3,29.99
ITEM_0001068,ORD_000620,PROD_0017,1,29.99
ITEM_0001069,ORD_000620,PROD_0015,3,29.99
ITEM_0001070,ORD_000621,PROD_0014,3,19.99
ITEM_0001071,ORD_000621,PROD_0013,1,69.99
ITEM_0001072,ORD_000622,PROD_0003,3,129.99
ITEM_0001073,ORD_000623,PROD_0018,3,22.99
ITEM_0001074,ORD_000623,PROD_0003,1,129.99
ITEM_0001075,ORD_000624,PROD_0001,1,79.99
ITEM_0001076,ORD_000624,PROD_0004,2,49.99
ITEM_0001077,ORD_000625,PROD_0019,2,34.99
ITEM_0001078,ORD_000625,PROD_0015,3,29.99
ITEM_0001079,ORD_000625,PROD_0003,1,129.99
ITEM_0001080,ORD_000626,PROD_0006,2,89.99
ITEM_0001081,ORD_000627,PROD_0004,1,49.99
ITEM_0001082,ORD_000628,PROD_0014,3,19.99
ITEM_0001083,ORD_000629,PROD_0002,2,199.99
ITEM_0001084,ORD_000630,PROD_0004,3,49.99
ITEM_0001085,ORD_000631,PROD_0017,2,29.99
ITEM_0001086,ORD_000631,PROD_0013,2,69.99
ITEM_0001087,ORD_000632,PROD_0014,2,19.99
ITEM_0001088,ORD_000633,PROD_0018,3,22.99
ITEM_0001089,ORD_000634,PROD_0017,1,29.99
ITEM_0001090,ORD_000634,PROD_0007,3,24.99
ITEM_0001091,ORD_000634,PROD_0005,2,39.99
ITEM_0001092,ORD_000635,PROD_0015,1,29.99
ITEM_0001093,ORD_000636,PROD_0013,3,69.99
ITEM_0001094,ORD_000636,PROD_0012,2,110.0
ITEM_0001095,ORD_000637,PROD_0003,1,129.99
ITEM_0001096,ORD_000637,PROD_0010,3,59.99
ITEM_0001097,ORD_000638,PROD_0017,3,29.99
ITEM_0001098,ORD_000639,PROD_0008,1,119.99
ITEM_0001099,ORD_000640,PROD_0005,2,39.99
ITEM_0001100,ORD_000640,PROD_0001,3,79.99
ITEM_0001101,ORD_000640,PROD_0016,3,39.99
ITEM_0001102,ORD_000641,PROD_0003,3,129.99
ITEM_0001103,ORD_000641,PROD_0018,1,22.99
ITEM_0001104,ORD_000642,PROD_0012,2,110.0
ITEM_0001105,ORD_000642,PROD_0013,2,69.99
ITEM_0001106,ORD_000642,PROD_0006,1,89.99
ITEM_0001107,ORD_000643,PROD_0009,3,34.99
ITEM_0001108,ORD_000643,PROD_0012,2,110.0
ITEM_0001109,ORD_000644,PROD_0012,1,110.0
ITEM_0001110,ORD_000644,PROD_0002,1,199.99
ITEM_0001111,ORD_000644,PROD_0009,1,34.99
ITEM_0001112,ORD_000644,PROD_0016,3,39.99
ITEM_0001113,ORD_000645,PROD_0016,3,39.99
ITEM_0001114,ORD_000645,PROD_0006,3,89.99
ITEM_0001115,ORD_000646,PROD_0005,2,39.99
ITEM_0001116,ORD_000647,PROD_0009,3,34.99
ITEM_0001117,ORD_000647,PROD_0007,2,24.99
ITEM_0001118,ORD_000648,PROD_0002,3,199.99
ITEM_0001119,ORD_000648,PROD_0011,3,149.99
ITEM_0001120,ORD_000648,PROD_0014,2,19.99
ITEM_0001121,ORD_000649,PROD_0008,2,119.99
ITEM_0001122,ORD_000649,PROD_0002,2,199.99
ITEM_0001123,ORD_000650,PROD_0019,3,34.99
ITEM_0001124,ORD_000651,PROD_0011,1,149.99
ITEM_0001125,ORD_000652,PROD_0011,1,149.99
ITEM_0001126,ORD_000652,PROD_0009,2,34.99
ITEM_0001127,ORD_000653,PROD_0008,1,119.99
ITEM_0001128,ORD_000653,PROD_0003,3,129.99
ITEM_0001129,ORD_000654,PROD_0002,3,199.99
ITEM_0001130,ORD_000655,PROD_0015,1,29.99
ITEM_0001131,ORD_000655,PROD_0002,1,199.99
ITEM_0001132,ORD_000655,PROD_0010,3,59.99
ITEM_0001133,ORD_000656,PROD_0013,2,69.99
ITEM_0001134,ORD_000657,PROD_0015,3,29.99
ITEM_0001135,ORD_000657,PROD_0013,1,69.99
ITEM_0001136,ORD_000658,PROD_0015,1,29.99
ITEM_0001137,ORD_000658,PROD_0017,1,29.99
ITEM_0001138,ORD_000659,PROD_0007,2,24.99
ITEM_0001139,ORD_000660,PROD_0015,1,29.99
ITEM_0001140,ORD_000660,PROD_0006,1,89.99
ITEM_0001141,ORD_000661,PROD_0012,1,110.0
ITEM_0001142,ORD_000661,PROD_0010,2,59.99
ITEM_0001143,ORD_000662,PROD_0001,1,79.99
ITEM_0001144,ORD_000663,PROD_0014,1,19.99
ITEM_0001145,ORD_000663,PROD_0012,2,110.0
ITEM_0001146,ORD_000663,PROD_0007,1,24.99
ITEM_0001147,ORD_000664,PROD_0015,3,29.99
ITEM_0001148,ORD_000664,PROD_0011,2,149.99
ITEM_0001149,ORD_000665,PROD_0002,3,199.99
ITEM_0001150,ORD_000666,PROD_0008,1,119.99
ITEM_0001151,ORD_000666,PROD_0016,2,39.99
ITEM_0001152,ORD_000667,PROD_0012,1,110.0
ITEM_0001153,ORD_000668,PROD_0012,2,110.0
ITEM_0001154,ORD_000668,PROD_0002,1,199.99
ITEM_0001155,ORD_000669,PROD_0018,1,22.99
ITEM_0001156,ORD_000670,PROD_0005,2,39.99
ITEM_0001157,ORD_000671,PROD_0012,3,110.0
ITEM_0001158,ORD_000672,PROD_0003,3,129.99
ITEM_0001159,ORD_000672,PROD_0004,2,49.99
ITEM_0001160,ORD_000672,PROD_0005,3,39.99
ITEM_0001161,ORD_000673,PROD_0008,1,119.99
ITEM_0001162,ORD_000674,PROD_0011,1,149.99
ITEM_0001163,ORD_000674,PROD_0008,3,119.99
ITEM_0001164,ORD_000675,PROD_0003,1,129.99
ITEM_0001165,ORD_000676,PROD_0017,1,29.99
ITEM_0001166,ORD_000676,PROD_0012,2,110.0
ITEM_0001167,ORD_000677,PROD_0016,3,39.99
ITEM_0001168,ORD_000677,PROD_0020,3,85.0
ITEM_0001169,ORD_000678,PROD_0007,1,24.99
ITEM_0001170,ORD_000679,PROD_0012,1,110.0
ITEM_0001171,ORD_000679,PROD_0009,2,34.99
ITEM_0001172,ORD_000680,PROD_0002,2,199.99
ITEM_0001173,ORD_000681,PROD_0012,2,110.0
ITEM_0001174,ORD_000682,PROD_0003,3,129.99
ITEM_0001175,ORD_000683,PROD_0004,1,49.99
ITEM_0001176,ORD_000683,PROD_0020,2,85.0
ITEM_0001177,ORD_000683,PROD_0003,1,129.99
ITEM_0001178,ORD_000684,PROD_0009,1,34.99
ITEM_0001179,ORD_000685,PROD_0009,2,34.99
ITEM_0001180,ORD_000685,PROD_0001,2,79.99
ITEM_0001181,ORD_000686,PROD_0017,1,29.99
ITEM_0001182,ORD_000687,PROD_0019,2,34.99
ITEM_0001183,ORD_000688,PROD_0014,1,19.99
ITEM_0001184,ORD_000688,PROD_0020,2,85.0
ITEM_0001185,ORD_000688,PROD_0007,1,24.99
ITEM_0001186,ORD_000689,PROD_0001,2,79.99
ITEM_0001187,ORD_000689,PROD_0016,3,39.99
ITEM_0001188,ORD_000689,PROD_0012,2,110.0
ITEM_0001189,ORD_000690,PROD_0019,1,34.99
ITEM_0001190,ORD_000691,PROD_0020,2,85.0
ITEM_0001191,ORD_000691,PROD_0019,1,34.99
ITEM_0001192,ORD_000692,PROD_0011,1,149.99
ITEM_0001193,ORD_000693,PROD_0002,1,199.99
ITEM_0001194,ORD_000693,PROD_0016,2,39.99
ITEM_0001195,ORD_000694,PROD_0017,2,29.99
ITEM_0001196,ORD_000695,PROD_0014,1,19.99
ITEM_0001197,ORD_000696,PROD_0013,2,69.99
ITEM_0001198,ORD_000696,PROD_0007,3,24.99
ITEM_0001199,ORD_000697,PROD_0010,2,59.99
ITEM_0001200,ORD_000697,PROD_0019,1,34.99
ITEM_0001201,ORD_000698,PROD_0013,2,69.99
ITEM_0001202,ORD_000699,PROD_0002,3,199.99
ITEM_0001203,ORD_000700,PROD_0010,1,59.99
ITEM_0001204,ORD_000700,PROD_0013,1,69.99
ITEM_0001205,ORD_000701,PROD_0013,1,69.99
ITEM_0001206,ORD_000702,PROD_0006,2,89.99
ITEM_0001207,ORD_000703,PROD_0007,2,24.99
ITEM_0001208,ORD_000703,PROD_0016,1,39.99
ITEM_0001209,ORD_000704,PROD_0011,1,149.99
ITEM_0001210,ORD_000704,PROD_0014,3,19.99
ITEM_0001211,ORD_000705,PROD_0015,1,29.99
ITEM_0001212,ORD_000706,PROD_0005,2,39.99
ITEM_0001213,ORD_000707,PROD_0008,1,119.99
ITEM_0001214,ORD_000707,PROD_0015,1,29.99
ITEM_0001215,ORD_000708,PROD_0010,1,59.99
ITEM_0001216,ORD_000709,PROD_0015,3,29.99
ITEM_0001217,ORD_000710,PROD_0002,2,199.99
ITEM_0001218,ORD_000711,PROD_0001,1,79.99
ITEM_0001219,ORD_000712,PROD_0001,2,79.99
ITEM_0001220,ORD_000713,PROD_0008,1,119.99
ITEM_0001221,ORD_000713,PROD_0004,2,49.99
ITEM_0001222,ORD_000714,PROD_0007,2,24.99
ITEM_0001223,ORD_000715,PROD_0004,1,49.99
ITEM_0001224,ORD_000716,PROD_0007,3,24.99
ITEM_0001225,ORD_000717,PROD_0002,3,199.99
ITEM_0001226,ORD_000717,PROD_0003,2,129.99
ITEM_0001227,ORD_000718,PROD_0019,2,34.99
ITEM_0001228,ORD_000718,PROD_0006,3,89.99
ITEM_0001229,ORD_000719,PROD_0005,3,39.99
ITEM_0001230,ORD_000719,PROD_0011,2,149.99
ITEM_0001231,ORD_000719,PROD_0006,1,89.99
ITEM_0001232,ORD_000720,PROD_0015,3,29.99
ITEM_0001233,ORD_000720,PROD_0013,3,69.99
ITEM_0001234,ORD_000720,PROD_0017,3,29.99
ITEM_0001235,ORD_000721,PROD_0004,1,49.99
ITEM_0001236,ORD_000721,PROD_0010,3,59.99
ITEM_0001237,ORD_000722,PROD_0010,1,59.99
ITEM_0001238,ORD_000723,PROD_0020,3,85.0
ITEM_0001239,ORD_000723,PROD_0015,1,29.99
ITEM_0001240,ORD_000723,PROD_0011,3,149.99
ITEM_0001241,ORD_000724,PROD_0001,3,79.99
ITEM_0001242,ORD_000724,PROD_0008,1,119.99
ITEM_0001243,ORD_000724,PROD_0011,3,149.99
ITEM_0001244,ORD_000725,PROD_0008,2,119.99
ITEM_0001245,ORD_000725,PROD_0013,3,69.99
ITEM_0001246,ORD_000726,PROD_0007,1,24.99
ITEM_0001247,ORD_000727,PROD_0007,3,24.99
ITEM_0001248,ORD_000727,PROD_0008,2,119.99
ITEM_0001249,ORD_000728,PROD_0014,2,19.99
ITEM_0001250,ORD_000729,PROD_0007,1,24.99
ITEM_0001251,ORD_000729,PROD_0009,2,34.99
ITEM_0001252,ORD_000729,PROD_0016,2,39.99
ITEM_0001253,ORD_000729,PROD_0003,2,129.99
ITEM_0001254,ORD_000730,PROD_0005,2,39.99
ITEM_0001255,ORD_000731,PROD_0005,2,39.99
ITEM_0001256,ORD_000731,PROD_0018,2,22.99
ITEM_0001257,ORD_000732,PROD_0020,1,85.0
ITEM_0001258,ORD_000733,PROD_0007,3,24.99
ITEM_0001259,ORD_000734,PROD_0014,2,19.99
ITEM_0001260,ORD_000735,PROD_0003,1,129.99
ITEM_0001261,ORD_000735,PROD_0014,2,19.99
ITEM_0001262,ORD_000735,PROD_0002,2,199.99
ITEM_0001263,ORD_000735,PROD_0004,3,49.99
ITEM_0001264,ORD_000736,PROD_0012,2,110.0
ITEM_0001265,ORD_000737,PROD_0012,3,110.0
ITEM_0001266,ORD_000738,PROD_0015,1,29.99
ITEM_0001267,ORD_000739,PROD_0001,2,79.99
ITEM_0001268,ORD_000739,PROD_0004,3,49.99
ITEM_0001269,ORD_000739,PROD_0003,3,129.99
ITEM_0001270,ORD_000740,PROD_0014,3,19.99
ITEM_0001271,ORD_000740,PROD_0006,3,89.99
ITEM_0001272,ORD_000740,PROD_0020,3,85.0
ITEM_0001273,ORD_000741,PROD_0014,3,19.99
ITEM_0001274,ORD_000742,PROD_0007,1,24.99
ITEM_0001275,ORD_000743,PROD_0003,2,129.99
ITEM_0001276,ORD_000744,PROD_0006,1,89.99
ITEM_0001277,ORD_000745,PROD_0015,3,29.99
ITEM_0001278,ORD_000745,PROD_0019,1,34.99
ITEM_0001279,ORD_000745,PROD_0007,1,24.99
ITEM_0001280,ORD_000746,PROD_0020,1,85.0
ITEM_0001281,ORD_000747,PROD_0003,1,129.99
ITEM_0001282,ORD_000748,PROD_0001,1,79.99
ITEM_0001283,ORD_000748,PROD_0002,1,199.99
ITEM_0001284,ORD_000749,PROD_0017,2,29.99
ITEM_0001285,ORD_000750,PROD_0011,3,149.99
ITEM_0001286,ORD_000751,PROD_0012,2,110.0
ITEM_0001287,ORD_000752,PROD_0005,2,39.99
ITEM_0001288,ORD_000752,PROD_0001,3,79.99
ITEM_0001289,ORD_000753,PROD_0016,1,39.99
ITEM_0001290,ORD_000754,PROD_0002,3,199.99
ITEM_0001291,ORD_000754,PROD_0011,2,149.99
ITEM_0001292,ORD_000755,PROD_0012,3,110.0
ITEM_0001293,ORD_000755,PROD_0014,2,19.99
ITEM_0001294,ORD_000756,PROD_0017,1,29.99
ITEM_0001295,ORD_000757,PROD_0018,1,22.99
ITEM_0001296,ORD_000758,PROD_0007,1,24.99
ITEM_0001297,ORD_000759,PROD_0011,3,149.99
ITEM_0001298,ORD_000760,PROD_0004,1,49.99
ITEM_0001299,ORD_000760,PROD_0005,3,39.99
ITEM_0001300,ORD_000760,PROD_0018,3,22.99
ITEM_0001301,ORD_000760,PROD_0016,1,39.99
ITEM_0001302,ORD_000761,PROD_0013,1,69.99
ITEM_0001303,ORD_000761,PROD_0018,2,22.99
ITEM_0001304,ORD_000761,PROD_0014,1,19.99
ITEM_0001305,ORD_000762,PROD_0007,2,24.99
ITEM_0001306,ORD_000762,PROD_0004,2,49.99
ITEM_0001307,ORD_000763,PROD_0018,2,22.99
ITEM_0001308,ORD_000764,PROD_0005,3,39.99
ITEM_0001309,ORD_000764,PROD_0017,2,29.99
ITEM_0001310,ORD_000764,PROD_0008,2,119.99
ITEM_0001311,ORD_000765,PROD_0016,3,39.99
ITEM_0001312,ORD_000765,PROD_0015,3,29.99
ITEM_0001313,ORD_000765,PROD_0005,3,39.99
ITEM_0001314,ORD_000766,PROD_0004,3,49.99
ITEM_0001315,ORD_000766,PROD_0009,1,34.99
ITEM_0001316,ORD_000767,PROD_0002,1,199.99
ITEM_0001317,ORD_000767,PROD_0011,2,149.99
ITEM_0001318,ORD_000767,PROD_0005,3,39.99
ITEM_0001319,ORD_000767,PROD_0007,2,24.99
ITEM_0001320,ORD_000768,PROD_0011,2,149.99
ITEM_0001321,ORD_000768,PROD_0014,2,19.99
ITEM_0001322,ORD_000769,PROD_0007,1,24.99
ITEM_0001323,ORD_000770,PROD_0002,1,199.99
ITEM_0001324,ORD_000770,PROD_0010,2,59.99
ITEM_0001325,ORD_000770,PROD_0015,3,29.99
ITEM_0001326,ORD_000771,PROD_0007,2,24.99
ITEM_0001327,ORD_000772,PROD_0005,1,39.99
ITEM_0001328,ORD_000772,PROD_0013,1,69.99
ITEM_0001329,ORD_000773,PROD_0002,3,199.99
ITEM_0001330,ORD_000774,PROD_0008,2,119.99
ITEM_0001331,ORD_000774,PROD_0002,2,199.99
ITEM_0001332,ORD_000775,PROD_0003,3,129.99
ITEM_0001333,ORD_000775,PROD_0015,3,29.99
ITEM_0001334,ORD_000776,PROD_0003,1,129.99
ITEM_0001335,ORD_000777,PROD_0016,2,39.99
ITEM_0001336,ORD_000777,PROD_0009,3,34.99
ITEM_0001337,ORD_000777,PROD_0004,1,49.99
ITEM_0001338,ORD_000777,PROD_0006,1,89.99
ITEM_0001339,ORD_000778,PROD_0018,3,22.99
ITEM_0001340,ORD_000778,PROD_0006,3,89.99
ITEM_0001341,ORD_000778,PROD_0013,3,69.99
ITEM_0001342,ORD_000779,PROD_0018,3,22.99
ITEM_0001343,ORD_000779,PROD_0004,3,49.99
ITEM_0001344,ORD_000779,PROD_0007,1,24.99
ITEM_0001345,ORD_000780,PROD_0004,1,49.99
ITEM_0001346,ORD_000780,PROD_0002,3,199.99
ITEM_0001347,ORD_000780,PROD_0005,2,39.99
ITEM_0001348,ORD_000781,PROD_0017,1,29.99
ITEM_0001349,ORD_000781,PROD_0010,2,59.99
ITEM_0001350,ORD_000781,PROD_0012,1,110.0
ITEM_0001351,ORD_000781,PROD_0006,3,89.99
ITEM_0001352,ORD_000782,PROD_0005,3,39.99
ITEM_0001353,ORD_000782,PROD_0019,2,34.99
ITEM_0001354,ORD_000783,PROD_0004,1,49.99
ITEM_0001355,ORD_000784,PROD_0007,2,24.99
ITEM_0001356,ORD_000784,PROD_0005,1,39.99
ITEM_0001357,ORD_000784,PROD_0018,3,22.99
ITEM_0001358,ORD_000785,PROD_0009,2,34.99
ITEM_0001359,ORD_000785,PROD_0013,1,69.99
ITEM_0001360,ORD_000786,PROD_0005,3,39.99
ITEM_0001361,ORD_000787,PROD_0007,3,24.99
ITEM_0001362,ORD_000787,PROD_0012,1,110.0
ITEM_0001363,ORD_000788,PROD_0014,3,19.99
ITEM_0001364,ORD_000788,PROD_0013,1,69.99
ITEM_0001365,ORD_000788,PROD_0001,3,79.99
ITEM_0001366,ORD_000788,PROD_0008,3,119.99
ITEM_0001367,ORD_000789,PROD_0012,2,110.0
ITEM_0001368,ORD_000789,PROD_0011,1,149.99
ITEM_0001369,ORD_000790,PROD_0004,3,49.99
ITEM_0001370,ORD_000791,PROD_0016,2,39.99
ITEM_0001371,ORD_000791,PROD_0004,3,49.99
ITEM_0001372,ORD_000791,PROD_0017,2,29.99
ITEM_0001373,ORD_000792,PROD_0013,3,69.99
ITEM_0001374,ORD_000793,PROD_0009,3,34.99
ITEM_0001375,ORD_000793,PROD_0001,1,79.99
ITEM_0001376,ORD_000794,PROD_0002,2,199.99
ITEM_0001377,ORD_000794,PROD_0012,3,110.0
ITEM_0001378,ORD_000795,PROD_0015,2,29.99
ITEM_0001379,ORD_000795,PROD_0017,3,29.99
ITEM_0001380,ORD_000795,PROD_0010,1,59.99
ITEM_0001381,ORD_000795,PROD_0009,2,34.99
ITEM_0001382,ORD_000796,PROD_0003,1,129.99
ITEM_0001383,ORD_000796,PROD_0020,1,85.0
ITEM_0001384,ORD_000796,PROD_0008,3,119.99
ITEM_0001385,ORD_000797,PROD_0001,2,79.99
ITEM_0001386,ORD_000797,PROD_0014,3,19.99
ITEM_0001387,ORD_000797,PROD_0017,3,29.99
ITEM_0001388,ORD_000798,PROD_0001,3,79.99
ITEM_0001389,ORD_000799,PROD_0008,3,119.99
ITEM_0001390,ORD_000799,PROD_0017,2,29.99
ITEM_0001391,ORD_000800,PROD_0017,3,29.99
ITEM_0001392,ORD_000800,PROD_0008,2,119.99
ITEM_0001393,ORD_000800,PROD_0006,1,89.99
ITEM_0001394,ORD_000801,PROD_0004,3,49.99
ITEM_0001395,ORD_000802,PROD_0010,3,59.99
ITEM_0001396,ORD_000803,PROD_0010,2,59.99
ITEM_0001397,ORD_000804,PROD_0001,2,79.99
ITEM_0001398,ORD_000805,PROD_0006,1,89.99
ITEM_0001399,ORD_000806,PROD_0017,2,29.99
ITEM_0001400,ORD_000807,PROD_0016,2,39.99
ITEM_0001401,ORD_000808,PROD_0004,3,49.99
ITEM_0001402,ORD_000808,PROD_0015,2,29.99
ITEM_0001403,ORD_000808,PROD_0019,1,34.99
ITEM_0001404,ORD_000809,PROD_0010,2,59.99
ITEM_0001405,ORD_000810,PROD_0007,1,24.99
ITEM_0001406,ORD_000811,PROD_0005,3,39.99
ITEM_0001407,ORD_000812,PROD_0004,2,49.99
ITEM_0001408,ORD_000813,PROD_0011,2,149.99
ITEM_0001409,ORD_000814,PROD_0014,3,19.99
ITEM_0001410,ORD_000815,PROD_0004,3,49.99
ITEM_0001411,ORD_000816,PROD_0004,3,49.99
ITEM_0001412,ORD_000817,PROD_0005,1,39.99
ITEM_0001413,ORD_000817,PROD_0008,2,119.99
ITEM_0001414,ORD_000818,PROD_0007,2,24.99
ITEM_0001415,ORD_000819,PROD_0008,1,119.99
ITEM_0001416,ORD_000819,PROD_0020,3,85.0
ITEM_0001417,ORD_000820,PROD_0012,1,110.0
ITEM_0001418,ORD_000821,PROD_0002,1,199.99
ITEM_0001419,ORD_000822,PROD_0004,2,49.99
ITEM_0001420,ORD_000822,PROD_0014,2,19.99
ITEM_0001421,ORD_000822,PROD_0006,1,89.99
ITEM_0001422,ORD_000823,PROD_0005,3,39.99
ITEM_0001423,ORD_000823,PROD_0011,3,149.99
ITEM_0001424,ORD_000824,PROD_0009,1,34.99
ITEM_0001425,ORD_000825,PROD_0020,1,85.0
ITEM_0001426,ORD_000825,PROD_0004,3,49.99
ITEM_0001427,ORD_000826,PROD_0018,3,22.99
ITEM_0001428,ORD_000827,PROD_0005,3,39.99
ITEM_0001429,ORD_000827,PROD_0002,3,199.99
ITEM_0001430,ORD_000828,PROD_0015,3,29.99
ITEM_0001431,ORD_000828,PROD_0004,3,49.99
ITEM_0001432,ORD_000828,PROD_0014,1,19.99
ITEM_0001433,ORD_000829,PROD_0005,3,39.99
ITEM_0001434,ORD_000829,PROD_0010,1,59.99
ITEM_0001435,ORD_000830,PROD_0018,2,22.99
ITEM_0001436,ORD_000831,PROD_0013,1,69.99
ITEM_0001437,ORD_000831,PROD_0020,1,85.0
ITEM_0001438,ORD_000832,PROD_0001,2,79.99
ITEM_0001439,ORD_000832,PROD_0017,2,29.99
ITEM_0001440,ORD_000833,PROD_0018,3,22.99
ITEM_0001441,ORD_000833,PROD_0004,1,49.99
ITEM_0001442,ORD_000834,PROD_0009,3,34.99
ITEM_0001443,ORD_000835,PROD_0001,2,79.99
ITEM_0001444,ORD_000835,PROD_0012,1,110.0
ITEM_0001445,ORD_000836,PROD_0014,2,19.99
ITEM_0001446,ORD_000836,PROD_0010,1,59.99
ITEM_0001447,ORD_000837,PROD_0001,1,79.99
ITEM_0001448,ORD_000838,PROD_0020,1,85.0
ITEM_0001449,ORD_000839,PROD_0013,2,69.99
ITEM_0001450,ORD_000839,PROD_0005,1,39.99
ITEM_0001451,ORD_000840,PROD_0015,3,29.99
ITEM_0001452,ORD_000841,PROD_0010,3,59.99
ITEM_0001453,ORD_000842,PROD_0014,1,19.99
ITEM_0001454,ORD_000843,PROD_0001,1,79.99
ITEM_0001455,ORD_000843,PROD_0004,1,49.99
ITEM_0001456,ORD_000844,PROD_0003,1,129.99
ITEM_0001457,ORD_000845,PROD_0011,3,149.99
ITEM_0001458,ORD_000845,PROD_0003,2,129.99
ITEM_0001459,ORD_000846,PROD_0005,3,39.99
ITEM_0001460,ORD_000847,PROD_0004,1,49.99
ITEM_0001461,ORD_000847,PROD_0018,1,22.99
ITEM_0001462,ORD_000847,PROD_0010,1,59.99
ITEM_0001463,ORD_000848,PROD_0012,3,110.0
ITEM_0001464,ORD_000849,PROD_0004,2,49.99
ITEM_0001465,ORD_000849,PROD_0016,2,39.99
ITEM_0001466,ORD_000849,PROD_0006,1,89.99
ITEM_0001467,ORD_000850,PROD_0003,1,129.99
ITEM_0001468,ORD_000851,PROD_0014,3,19.99
ITEM_0001469,ORD_000851,PROD_0005,2,39.99
ITEM_0001470,ORD_000852,PROD_0016,3,39.99
ITEM_0001471,ORD_000853,PROD_0005,3,39.99
ITEM_0001472,ORD_000853,PROD_0020,2,85.0
ITEM_0001473,ORD_000853,PROD_0011,1,149.99
ITEM_0001474,ORD_000854,PROD_0009,2,34.99
ITEM_0001475,ORD_000854,PROD_0005,2,39.99
ITEM_0001476,ORD_000854,PROD_0003,2,129.99
ITEM_0001477,ORD_000854,PROD_0011,2,149.99
ITEM_0001478,ORD_000855,PROD_0011,2,149.99
ITEM_0001479,ORD_000855,PROD_0005,3,39.99
ITEM_0001480,ORD_000856,PROD_0018,3,22.99
ITEM_0001481,ORD_000857,PROD_0008,1,119.99
ITEM_0001482,ORD_000857,PROD_0003,1,129.99
ITEM_0001483,ORD_000858,PROD_0004,1,49.99
ITEM_0001484,ORD_000858,PROD_0002,3,199.99
ITEM_0001485,ORD_000858,PROD_0012,2,110.0
ITEM_0001486,ORD_000858,PROD_0018,1,22.99
ITEM_0001487,ORD_000859,PROD_0004,3,49.99
ITEM_0001488,ORD_000859,PROD_0005,2,39.99
ITEM_0001489,ORD_000860,PROD_0019,1,34.99
ITEM_0001490,ORD_000861,PROD_0008,2,119.99
ITEM_0001491,ORD_000862,PROD_0005,2,39.99
ITEM_0001492,ORD_000863,PROD_0001,1,79.99
ITEM_0001493,ORD_000864,PROD_0006,2,89.99
ITEM_0001494,ORD_000864,PROD_0017,3,29.99
ITEM_0001495,ORD_000865,PROD_0009,2,34.99
ITEM_0001496,ORD_000865,PROD_0019,1,34.99
ITEM_0001497,ORD_000866,PROD_0005,1,39.99
ITEM_0001498,ORD_000866,PROD_0007,2,24.99
ITEM_0001499,ORD_000867,PROD_0011,2,149.99
ITEM_0001500,ORD_000868,PROD_0007,2,24.99
ITEM_0001501,ORD_000868,PROD_0009,3,34.99
ITEM_0001502,ORD_000869,PROD_0010,1,59.99
ITEM_0001503,ORD_000870,PROD_0007,2,24.99
ITEM_0001504,ORD_000871,PROD_0016,2,39.99
ITEM_0001505,ORD_000871,PROD_0002,2,199.99
ITEM_0001506,ORD_000871,PROD_0019,2,34.99
ITEM_0001507,ORD_000871,PROD_0011,3,149.99
ITEM_0001508,ORD_000872,PROD_0005,1,39.99
ITEM_0001509,ORD_000872,PROD_0004,3,49.99
ITEM_0001510,ORD_000873,PROD_0013,1,69.99
ITEM_0001511,ORD_000873,PROD_0016,1,39.99
ITEM_0001512,ORD_000874,PROD_0003,3,129.99
ITEM_0001513,ORD_000874,PROD_0008,1,119.99
ITEM_0001514,ORD_000874,PROD_0007,3,24.99
ITEM_0001515,ORD_000875,PROD_0011,2,149.99
ITEM_0001516,ORD_000875,PROD_0015,3,29.99
ITEM_0001517,ORD_000876,PROD_0013,1,69.99
ITEM_0001518,ORD_000876,PROD_0008,3,119.99
ITEM_0001519,ORD_000876,PROD_0007,3,24.99
ITEM_0001520,ORD_000877,PROD_0010,1,59.99
ITEM_0001521,ORD_000878,PROD_0006,1,89.99
ITEM_0001522,ORD_000878,PROD_0003,1,129.99
ITEM_0001523,ORD_000878,PROD_0009,1,34.99
ITEM_0001524,ORD_000879,PROD_0009,2,34.99
ITEM_0001525,ORD_000879,PROD_0015,2,29.99
ITEM_0001526,ORD_000879,PROD_0005,2,39.99
ITEM_0001527,ORD_000879,PROD_0004,2,49.99
ITEM_0001528,ORD_000880,PROD_0012,2,110.0
ITEM_0001529,ORD_000881,PROD_0002,3,199.99
ITEM_0001530,ORD_000882,PROD_0001,3,79.99
ITEM_0001531,ORD_000882,PROD_0005,2,39.99
ITEM_0001532,ORD_000882,PROD_0004,1,49.99
ITEM_0001533,ORD_000883,PROD_0012,2,110.0
ITEM_0001534,ORD_000883,PROD_0015,1,29.99
ITEM_0001535,ORD_000884,PROD_0013,2,69.99
ITEM_0001536,ORD_000885,PROD_0016,3,39.99
ITEM_0001537,ORD_000885,PROD_0007,1,24.99
ITEM_0001538,ORD_000885,PROD_0020,2,85.0
ITEM_0001539,ORD_000885,PROD_0004,1,49.99
ITEM_0001540,ORD_000886,PROD_0020,2,85.0
ITEM_0001541,ORD_000886,PROD_0013,1,69.99
ITEM_0001542,ORD_000887,PROD_0014,2,19.99
ITEM_0001543,ORD_000887,PROD_0009,2,34.99
ITEM_0001544,ORD_000887,PROD_0019,1,34.99
ITEM_0001545,ORD_000887,PROD_0006,2,89.99
ITEM_0001546,ORD_000888,PROD_0009,2,34.99
ITEM_0001547,ORD_000888,PROD_0006,2,89.99
ITEM_0001548,ORD_000889,PROD_0016,2,39.99
ITEM_0001549,ORD_000889,PROD_0020,3,85.0
ITEM_0001550,ORD_000889,PROD_0018,3,22.99
ITEM_0001551,ORD_000890,PROD_0020,3,85.0
ITEM_0001552,ORD_000890,PROD_0007,1,24.99
ITEM_0001553,ORD_000891,PROD_0011,2,149.99
ITEM_0001554,ORD_000891,PROD_0001,2,79.99
ITEM_0001555,ORD_000892,PROD_0017,1,29.99
ITEM_0001556,ORD_000893,PROD_0004,1,49.99
ITEM_0001557,ORD_000893,PROD_0002,3,199.99
ITEM_0001558,ORD_000893,PROD_0007,2,24.99
ITEM_0001559,ORD_000893,PROD_0018,1,22.99
ITEM_0001560,ORD_000894,PROD_0019,3,34.99
ITEM_0001561,ORD_000894,PROD_0001,1,79.99
ITEM_0001562,ORD_000894,PROD_0012,3,110.0
ITEM_0001563,ORD_000894,PROD_0018,2,22.99
ITEM_0001564,ORD_000895,PROD_0012,2,110.0
ITEM_0001565,ORD_000896,PROD_0006,3,89.99
ITEM_0001566,ORD_000897,PROD_0014,3,19.99
ITEM_0001567,ORD_000897,PROD_0010,1,59.99
ITEM_0001568,ORD_000897,PROD_0004,3,49.99
ITEM_0001569,ORD_000898,PROD_0020,3,85.0
ITEM_0001570,ORD_000899,PROD_0014,3,19.99
ITEM_0001571,ORD_000900,PROD_0004,1,49.99
ITEM_0001572,ORD_000900,PROD_0012,2,110.0
ITEM_0001573,ORD_000900,PROD_0015,1,29.99
ITEM_0001574,ORD_000901,PROD_0009,2,34.99
ITEM_0001575,ORD_000901,PROD_0010,1,59.99
ITEM_0001576,ORD_000901,PROD_0014,1,19.99
ITEM_0001577,ORD_000902,PROD_0017,1,29.99
ITEM_0001578,ORD_000902,PROD_0011,3,149.99
ITEM_0001579,ORD_000902,PROD_0019,2,34.99
ITEM_0001580,ORD_000903,PROD_0002,3,199.99
ITEM_0001581,ORD_000904,PROD_0017,3,29.99
ITEM_0001582,ORD_000904,PROD_0006,1,89.99
ITEM_0001583,ORD_000904,PROD_0014,3,19.99
ITEM_0001584,ORD_000905,PROD_0018,1,22.99
ITEM_0001585,ORD_000905,PROD_0006,2,89.99
ITEM_0001586,ORD_000905,PROD_0011,1,149.99
ITEM_0001587,ORD_000906,PROD_0020,3,85.0
ITEM_0001588,ORD_000907,PROD_0015,2,29.99
ITEM_0001589,ORD_000907,PROD_0012,1,110.0
ITEM_0001590,ORD_000908,PROD_0013,1,69.99
ITEM_0001591,ORD_000908,PROD_0009,1,34.99
ITEM_0001592,ORD_000909,PROD_0004,2,49.99
ITEM_0001593,ORD_000909,PROD_0020,1,85.0
ITEM_0001594,ORD_000909,PROD_0015,1,29.99
ITEM_0001595,ORD_000909,PROD_0019,1,34.99
ITEM_0001596,ORD_000910,PROD_0016,2,39.99
ITEM_0001597,ORD_000911,PROD_0014,1,19.99
ITEM_0001598,ORD_000912,PROD_0019,3,34.99
ITEM_0001599,ORD_000912,PROD_0002,3,199.99
ITEM_0001600,ORD_000912,PROD_0004,3,49.99
ITEM_0001601,ORD_000913,PROD_0004,1,49.99
ITEM_0001602,ORD_000913,PROD_0007,3,24.99
ITEM_0001603,ORD_000914,PROD_0004,1,49.99
ITEM_0001604,ORD_000914,PROD_0007,3,24.99
ITEM_0001605,ORD_000914,PROD_0001,3,79.99
ITEM_0001606,ORD_000915,PROD_0007,3,24.99
ITEM_0001607,ORD_000916,PROD_0014,1,19.99
ITEM_0001608,ORD_000916,PROD_0017,3,29.99
ITEM_0001609,ORD_000916,PROD_0013,3,69.99
ITEM_0001610,ORD_000917,PROD_0019,2,34.99
ITEM_0001611,ORD_000917,PROD_0010,2,59.99
ITEM_0001612,ORD_000918,PROD_0011,2,149.99
ITEM_0001613,ORD_000919,PROD_0003,3,129.99
ITEM_0001614,ORD_000920,PROD_0017,1,29.99
ITEM_0001615,ORD_000921,PROD_0006,1,89.99
ITEM_0001616,ORD_000922,PROD_0011,3,149.99
ITEM_0001617,ORD_000923,PROD_0011,2,149.99
ITEM_0001618,ORD_000924,PROD_0018,3,22.99
ITEM_0001619,ORD_000925,PROD_0014,1,19.99
ITEM_0001620,ORD_000926,PROD_0009,2,34.99
ITEM_0001621,ORD_000927,PROD_0008,3,119.99
ITEM_0001622,ORD_000927,PROD_0019,3,34.99
ITEM_0001623,ORD_000928,PROD_0013,1,69.99
ITEM_0001624,ORD_000929,PROD_0004,2,49.99
ITEM_0001625,ORD_000930,PROD_0018,1,22.99
ITEM_0001626,ORD_000931,PROD_0016,1,39.99
ITEM_0001627,ORD_000931,PROD_0004,1,49.99
ITEM_0001628,ORD_000931,PROD_0012,1,110.0
ITEM_0001629,ORD_000931,PROD_0019,2,34.99
ITEM_0001630,ORD_000932,PROD_0007,1,24.99
ITEM_0001631,ORD_000933,PROD_0002,2,199.99
ITEM_0001632,ORD_000933,PROD_0004,3,49.99
ITEM_0001633,ORD_000933,PROD_0020,3,85.0
ITEM_0001634,ORD_000934,PROD_0005,2,39.99
ITEM_0001635,ORD_000934,PROD_0019,1,34.99
ITEM_0001636,ORD_000935,PROD_0004,2,49.99
ITEM_0001637,ORD_000935,PROD_0017,3,29.99
ITEM_0001638,ORD_000936,PROD_0016,3,39.99
ITEM_0001639,ORD_000936,PROD_0008,1,119.99
ITEM_0001640,ORD_000937,PROD_0007,1,24.99
ITEM_0001641,ORD_000937,PROD_0003,1,129.99
ITEM_0001642,ORD_000938,PROD_0007,3,24.99
ITEM_0001643,ORD_000938,PROD_0016,3,39.99
ITEM_0001644,ORD_000938,PROD_0004,2,49.99
ITEM_0001645,ORD_000939,PROD_0005,1,39.99
ITEM_0001646,ORD_000940,PROD_0020,2,85.0
ITEM_0001647,ORD_000940,PROD_0017,1,29.99
ITEM_0001648,ORD_000940,PROD_0007,3,24.99
ITEM_0001649,ORD_000940,PROD_0013,2,69.99
ITEM_0001650,ORD_000941,PROD_0015,1,29.99
ITEM_0001651,ORD_000942,PROD_0016,2,39.99
ITEM_0001652,ORD_000943,PROD_0014,3,19.99
ITEM_0001653,ORD_000944,PROD_0009,3,34.99
ITEM_0001654,ORD_000945,PROD_0007,2,24.99
ITEM_0001655,ORD_000946,PROD_0004,1,49.99
ITEM_0001656,ORD_000946,PROD_0002,1,199.99
ITEM_0001657,ORD_000947,PROD_0003,1,129.99
ITEM_0001658,ORD_000948,PROD_0013,2,69.99
ITEM_0001659,ORD_000948,PROD_0020,1,85.0
ITEM_0001660,ORD_000949,PROD_0010,3,59.99
ITEM_0001661,ORD_000950,PROD_0020,1,85.0
ITEM_0001662,ORD_000950,PROD_0016,2,39.99
ITEM_0001663,ORD_000951,PROD_0015,2,29.99
ITEM_0001664,ORD_000952,PROD_0003,2,129.99
ITEM_0001665,ORD_000952,PROD_0006,1,89.99
ITEM_0001666,ORD_000952,PROD_0001,2,79.99
ITEM_0001667,ORD_000952,PROD_0012,1,110.0
ITEM_0001668,ORD_000953,PROD_0010,1,59.99
ITEM_0001669,ORD_000953,PROD_0008,1,119.99
ITEM_0001670,ORD_000954,PROD_0016,2,39.99
ITEM_0001671,ORD_000955,PROD_0001,3,79.99
ITEM_0001672,ORD_000956,PROD_0017,1,29.99
ITEM_0001673,ORD_000957,PROD_0005,3,39.99
ITEM_0001674,ORD_000957,PROD_0012,3,110.0
ITEM_0001675,ORD_000958,PROD_0003,2,129.99
ITEM_0001676,ORD_000959,PROD_0012,2,110.0
ITEM_0001677,ORD_000960,PROD_0019,3,34.99
ITEM_0001678,ORD_000961,PROD_0012,3,110.0
ITEM_0001679,ORD_000961,PROD_0010,1,59.99
ITEM_0001680,ORD_000962,PROD_0010,2,59.99
ITEM_0001681,ORD_000962,PROD_0018,2,22.99
ITEM_0001682,ORD_000963,PROD_0007,1,24.99
ITEM_0001683,ORD_000964,PROD_0001,2,79.99
ITEM_0001684,ORD_000965,PROD_0018,1,22.99
ITEM_0001685,ORD_000965,PROD_0005,3,39.99
ITEM_0001686,ORD_000966,PROD_0010,3,59.99
ITEM_0001687,ORD_000966,PROD_0008,3,119.99
ITEM_0001688,ORD_000966,PROD_0002,2,199.99
ITEM_0001689,ORD_000967,PROD_0010,3,59.99
ITEM_0001690,ORD_000967,PROD_0020,1,85.0
ITEM_0001691,ORD_000967,PROD_0006,3,89.99
ITEM_0001692,ORD_000968,PROD_0018,1,22.99
ITEM_0001693,ORD_000969,PROD_0014,2,19.99
ITEM_0001694,ORD_000970,PROD_0012,2,110.0
ITEM_0001695,ORD_000970,PROD_0015,2,29.99
ITEM_0001696,ORD_000970,PROD_0020,1,85.0
ITEM_0001697,ORD_000971,PROD_0014,2,19.99
ITEM_0001698,ORD_000971,PROD_0003,1,129.99
ITEM_0001699,ORD_000971,PROD_0005,3,39.99
ITEM_0001700,ORD_000971,PROD_0010,3,59.99
ITEM_0001701,ORD_000972,PROD_0013,2,69.99
ITEM_0001702,ORD_000973,PROD_0003,3,129.99
ITEM_0001703,ORD_000973,PROD_0002,1,199.99
ITEM_0001704,ORD_000973,PROD_0009,2,34.99
ITEM_0001705,ORD_000974,PROD_0002,3,199.99
ITEM_0001706,ORD_000975,PROD_0007,3,24.99
ITEM_0001707,ORD_000976,PROD_0005,3,39.99
ITEM_0001708,ORD_000977,PROD_0007,3,24.99
ITEM_0001709,ORD_000977,PROD_0004,1,49.99
ITEM_0001710,ORD_000978,PROD_0016,2,39.99
ITEM_0001711,ORD_000979,PROD_0016,2,39.99
ITEM_0001712,ORD_000980,PROD_0020,3,85.0
ITEM_0001713,ORD_000981,PROD_0008,1,119.99
ITEM_0001714,ORD_000981,PROD_0006,2,89.99
ITEM_0001715,ORD_000981,PROD_0017,2,29.99
ITEM_0001716,ORD_000982,PROD_0019,2,34.99
ITEM_0001717,ORD_000983,PROD_0014,2,19.99
ITEM_0001718,ORD_000984,PROD_0002,2,199.99
ITEM_0001719,ORD_000984,PROD_0015,3,29.99
ITEM_0001720,ORD_000985,PROD_0012,2,110.0
ITEM_0001721,ORD_000985,PROD_0017,3,29.99
ITEM_0001722,ORD_000985,PROD_0019,1,34.99
ITEM_0001723,ORD_000985,PROD_0007,1,24.99
ITEM_0001724,ORD_000986,PROD_0019,2,34.99
ITEM_0001725,ORD_000986,PROD_0011,3,149.99
ITEM_0001726,ORD_000987,PROD_0016,3,39.99
ITEM_0001727,ORD_000987,PROD_0013,3,69.99
ITEM_0001728,ORD_000987,PROD_0020,3,85.0
ITEM_0001729,ORD_000988,PROD_0011,3,149.99
ITEM_0001730,ORD_000989,PROD_0001,1,79.99
ITEM_0001731,ORD_000990,PROD_0016,1,39.99
ITEM_0001732,ORD_000990,PROD_0011,3,149.99
ITEM_0001733,ORD_000990,PROD_0008,2,119.99
ITEM_0001734,ORD_000991,PROD_0009,2,34.99
ITEM_0001735,ORD_000992,PROD_0001,2,79.99
ITEM_0001736,ORD_000992,PROD_0006,1,89.99
ITEM_0001737,ORD_000993,PROD_0009,1,34.99
ITEM_0001738,ORD_000994,PROD_0007,1,24.99
ITEM_0001739,ORD_000994,PROD_0003,1,129.99
ITEM_0001740,ORD_000994,PROD_0001,1,79.99
ITEM_0001741,ORD_000995,PROD_0019,3,34.99
ITEM_0001742,ORD_000995,PROD_0018,3,22.99
ITEM_0001743,ORD_000996,PROD_0019,3,34.99
ITEM_0001744,ORD_000996,PROD_0016,1,39.99
ITEM_0001745,ORD_000996,PROD_0017,1,29.99
ITEM_0001746,ORD_000997,PROD_0003,3,129.99
ITEM_0001747,ORD_000998,PROD_0002,1,199.99
ITEM_0001748,ORD_000999,PROD_0012,1,110.0
ITEM_0001749,ORD_001000,PROD_0020,3,85.0
ITEM_0001750,ORD_001000,PROD_0017,3,29.99
ITEM_0001751,ORD_001000,PROD_0010,1,59.99
ITEM_0001752,ORD_001001,PROD_0002,2,199.99
ITEM_0001753,ORD_001001,PROD_0011,1,149.99
ITEM_0001754,ORD_001002,PROD_0011,3,149.99
ITEM_0001755,ORD_001002,PROD_0002,3,199.99
ITEM_0001756,ORD_001002,PROD_0008,1,119.99
ITEM_0001757,ORD_001003,PROD_0020,2,85.0
ITEM_0001758,ORD_001003,PROD_0003,3,129.99
ITEM_0001759,ORD_001004,PROD_0008,2,119.99
ITEM_0001760,ORD_001005,PROD_0001,3,79.99
ITEM_0001761,ORD_001005,PROD_0007,2,24.99
ITEM_0001762,ORD_001005,PROD_0018,1,22.99
ITEM_0001763,ORD_001006,PROD_0014,2,19.99
ITEM_0001764,ORD_001007,PROD_0011,1,149.99
ITEM_0001765,ORD_001008,PROD_0018,3,22.99
ITEM_0001766,ORD_001009,PROD_0005,1,39.99
ITEM_0001767,ORD_001010,PROD_0008,2,119.99
ITEM_0001768,ORD_001010,PROD_0010,3,59.99
ITEM_0001769,ORD_001011,PROD_0018,1,22.99
ITEM_0001770,ORD_001012,PROD_0018,3,22.99
ITEM_0001771,ORD_001012,PROD_0010,3,59.99
ITEM_0001772,ORD_001012,PROD_0008,3,119.99
ITEM_0001773,ORD_001013,PROD_0020,3,85.0
ITEM_0001774,ORD_001013,PROD_0016,1,39.99
ITEM_0001775,ORD_001013,PROD_0009,2,34.99
ITEM_0001776,ORD_001014,PROD_0005,3,39.99
ITEM_0001777,ORD_001015,PROD_0002,2,199.99
ITEM_0001778,ORD_001016,PROD_0020,2,85.0
ITEM_0001779,ORD_001017,PROD_0013,3,69.99
ITEM_0001780,ORD_001018,PROD_0012,2,110.0
ITEM_0001781,ORD_001019,PROD_0001,2,79.99
ITEM_0001782,ORD_001020,PROD_0002,3,199.99
ITEM_0001783,ORD_001020,PROD_0004,2,49.99
ITEM_0001784,ORD_001020,PROD_0018,2,22.99
ITEM_0001785,ORD_001021,PROD_0013,1,69.99
ITEM_0001786,ORD_001022,PROD_0009,2,34.99
ITEM_0001787,ORD_001022,PROD_0003,3,129.99
ITEM_0001788,ORD_001023,PROD_0009,1,34.99
ITEM_0001789,ORD_001024,PROD_0009,2,34.99
ITEM_0001790,ORD_001024,PROD_0006,1,89.99
ITEM_0001791,ORD_001025,PROD_0018,3,22.99
ITEM_0001792,ORD_001026,PROD_0018,2,22.99
ITEM_0001793,ORD_001026,PROD_0011,2,149.99
ITEM_0001794,ORD_001026,PROD_0003,2,129.99
ITEM_0001795,ORD_001027,PROD_0020,1,85.0
ITEM_0001796,ORD_001028,PROD_0015,3,29.99
ITEM_0001797,ORD_001028,PROD_0019,1,34.99
ITEM_0001798,ORD_001029,PROD_0012,3,110.0
ITEM_0001799,ORD_001030,PROD_0015,1,29.99
ITEM_0001800,ORD_001031,PROD_0014,2,19.99
ITEM_0001801,ORD_001032,PROD_0012,2,110.0
ITEM_0001802,ORD_001032,PROD_0011,2,149.99
ITEM_0001803,ORD_001033,PROD_0010,1,59.99
ITEM_0001804,ORD_001034,PROD_0017,2,29.99
ITEM_0001805,ORD_001034,PROD_0019,3,34.99
ITEM_0001806,ORD_001035,PROD_0003,3,129.99
ITEM_0001807,ORD_001035,PROD_0020,3,85.0
ITEM_0001808,ORD_001036,PROD_0017,3,29.99
ITEM_0001809,ORD_001036,PROD_0002,2,199.99
ITEM_0001810,ORD_001037,PROD_0010,2,59.99
ITEM_0001811,ORD_001037,PROD_0008,2,119.99
ITEM_0001812,ORD_001037,PROD_0011,3,149.99
ITEM_0001813,ORD_001038,PROD_0014,3,19.99
ITEM_0001814,ORD_001039,PROD_0020,3,85.0
ITEM_0001815,ORD_001039,PROD_0008,1,119.99
ITEM_0001816,ORD_001040,PROD_0014,2,19.99
ITEM_0001817,ORD_001040,PROD_0019,2,34.99
ITEM_0001818,ORD_001041,PROD_0014,2,19.99
ITEM_0001819,ORD_001042,PROD_0015,3,29.99
ITEM_0001820,ORD_001042,PROD_0001,3,79.99
ITEM_0001821,ORD_001042,PROD_0006,2,89.99
ITEM_0001822,ORD_001043,PROD_0014,3,19.99
ITEM_0001823,ORD_001043,PROD_0001,2,79.99
ITEM_0001824,ORD_001043,PROD_0006,2,89.99
ITEM_0001825,ORD_001044,PROD_0008,3,119.99
ITEM_0001826,ORD_001044,PROD_0010,3,59.99
ITEM_0001827,ORD_001045,PROD_0012,3,110.0
ITEM_0001828,ORD_001046,PROD_0005,1,39.99
ITEM_0001829,ORD_001046,PROD_0006,1,89.99
ITEM_0001830,ORD_001047,PROD_0015,3,29.99
ITEM_0001831,ORD_001047,PROD_0013,3,69.99
ITEM_0001832,ORD_001048,PROD_0016,3,39.99
ITEM_0001833,ORD_001049,PROD_0013,1,69.99
ITEM_0001834,ORD_001050,PROD_0019,1,34.99
ITEM_0001835,ORD_001050,PROD_0011,1,149.99
ITEM_0001836,ORD_001051,PROD_0006,1,89.99
ITEM_0001837,ORD_001052,PROD_0004,1,49.99
ITEM_0001838,ORD_001053,PROD_0018,1,22.99
ITEM_0001839,ORD_001053,PROD_0020,2,85.0
ITEM_0001840,ORD_001053,PROD_0007,3,24.99
ITEM_0001841,ORD_001053,PROD_0001,2,79.99
ITEM_0001842,ORD_001054,PROD_0015,2,29.99
ITEM_0001843,ORD_001055,PROD_0005,2,39.99
ITEM_0001844,ORD_001056,PROD_0003,2,129.99
ITEM_0001845,ORD_001056,PROD_0011,2,149.99
ITEM_0001846,ORD_001057,PROD_0011,2,149.99
ITEM_0001847,ORD_001057,PROD_0002,1,199.99
ITEM_0001848,ORD_001058,PROD_0008,3,119.99
ITEM_0001849,ORD_001058,PROD_0005,1,39.99
ITEM_0001850,ORD_001059,PROD_0006,1,89.99
ITEM_0001851,ORD_001060,PROD_0007,3,24.99
ITEM_0001852,ORD_001060,PROD_0001,1,79.99
ITEM_0001853,ORD_001060,PROD_0014,3,19.99
ITEM_0001854,ORD_001061,PROD_0020,3,85.0
ITEM_0001855,ORD_001061,PROD_0013,2,69.99
ITEM_0001856,ORD_001062,PROD_0010,3,59.99
ITEM_0001857,ORD_001062,PROD_0008,2,119.99
ITEM_0001858,ORD_001062,PROD_0020,3,85.0
ITEM_0001859,ORD_001062,PROD_0016,2,39.99
ITEM_0001860,ORD_001063,PROD_0010,1,59.99
ITEM_0001861,ORD_001064,PROD_0011,3,149.99
ITEM_0001862,ORD_001065,PROD_0016,1,39.99
ITEM_0001863,ORD_001065,PROD_0020,2,85.0
ITEM_0001864,ORD_001066,PROD_0014,2,19.99
ITEM_0001865,ORD_001066,PROD_0002,2,199.99
ITEM_0001866,ORD_001066,PROD_0018,2,22.99
ITEM_0001867,ORD_001067,PROD_0009,2,34.99
ITEM_0001868,ORD_001067,PROD_0016,2,39.99
ITEM_0001869,ORD_001067,PROD_0008,2,119.99
ITEM_0001870,ORD_001068,PROD_0004,1,49.99
ITEM_0001871,ORD_001068,PROD_0011,3,149.99
ITEM_0001872,ORD_001069,PROD_0011,3,149.99
ITEM_0001873,ORD_001070,PROD_0007,3,24.99
ITEM_0001874,ORD_001071,PROD_0011,1,149.99
ITEM_0001875,ORD_001071,PROD_0014,1,19.99
ITEM_0001876,ORD_001071,PROD_0007,1,24.99
ITEM_0001877,ORD_001072,PROD_0016,1,39.99
ITEM_0001878,ORD_001072,PROD_0002,1,199.99
ITEM_0001879,ORD_001073,PROD_0009,3,34.99
ITEM_0001880,ORD_001074,PROD_0003,1,129.99
ITEM_0001881,ORD_001074,PROD_0020,1,85.0
ITEM_0001882,ORD_001074,PROD_0019,3,34.99
ITEM_0001883,ORD_001075,PROD_0013,2,69.99
ITEM_0001884,ORD_001075,PROD_0007,3,24.99
ITEM_0001885,ORD_001076,PROD_0007,2,24.99
ITEM_0001886,ORD_001077,PROD_0014,2,19.99
ITEM_0001887,ORD_001078,PROD_0001,2,79.99
ITEM_0001888,ORD_001079,PROD_0008,1,119.99
ITEM_0001889,ORD_001080,PROD_0010,1,59.99
ITEM_0001890,ORD_001080,PROD_0011,3,149.99
ITEM_0001891,ORD_001081,PROD_0003,3,129.99
ITEM_0001892,ORD_001081,PROD_0005,3,39.99
ITEM_0001893,ORD_001082,PROD_0016,3,39.99
ITEM_0001894,ORD_001083,PROD_0019,2,34.99
ITEM_0001895,ORD_001084,PROD_0018,2,22.99
ITEM_0001896,ORD_001084,PROD_0016,2,39.99
ITEM_0001897,ORD_001085,PROD_0003,2,129.99
ITEM_0001898,ORD_001085,PROD_0004,1,49.99
ITEM_0001899,ORD_001086,PROD_0004,1,49.99
ITEM_0001900,ORD_001086,PROD_0006,2,89.99
ITEM_0001901,ORD_001087,PROD_0016,2,39.99
ITEM_0001902,ORD_001087,PROD_0005,1,39.99
ITEM_0001903,ORD_001087,PROD_0018,2,22.99
ITEM_0001904,ORD_001088,PROD_0012,1,110.0
ITEM_0001905,ORD_001089,PROD_0020,3,85.0
ITEM_0001906,ORD_001090,PROD_0011,1,149.99
ITEM_0001907,ORD_001091,PROD_0006,1,89.99
ITEM_0001908,ORD_001092,PROD_0004,1,49.99
ITEM_0001909,ORD_001093,PROD_0012,2,110.0
ITEM_0001910,ORD_001094,PROD_0014,2,19.99
ITEM_0001911,ORD_001095,PROD_0007,3,24.99
ITEM_0001912,ORD_001095,PROD_0003,1,129.99
ITEM_0001913,ORD_001096,PROD_0005,2,39.99
ITEM_0001914,ORD_001096,PROD_0017,3,29.99
ITEM_0001915,ORD_001097,PROD_0020,1,85.0
ITEM_0001916,ORD_001097,PROD_0016,1,39.99
ITEM_0001917,ORD_001098,PROD_0006,1,89.99
ITEM_0001918,ORD_001099,PROD_0015,2,29.99
ITEM_0001919,ORD_001099,PROD_0014,3,19.99
ITEM_0001920,ORD_001100,PROD_0013,2,69.99
ITEM_0001921,ORD_001100,PROD_0020,3,85.0
ITEM_0001922,ORD_001101,PROD_0007,3,24.99
ITEM_0001923,ORD_001101,PROD_0006,2,89.99
ITEM_0001924,ORD_001101,PROD_0009,2,34.99
ITEM_0001925,ORD_001102,PROD_0018,1,22.99
ITEM_0001926,ORD_001102,PROD_0014,2,19.99
ITEM_0001927,ORD_001103,PROD_0014,1,19.99
ITEM_0001928,ORD_001104,PROD_0001,1,79.99
ITEM_0001929,ORD_001104,PROD_0007,3,24.99
ITEM_0001930,ORD_001104,PROD_0015,2,29.99
ITEM_0001931,ORD_001105,PROD_0017,3,29.99
ITEM_0001932,ORD_001105,PROD_0001,2,79.99
ITEM_0001933,ORD_001105,PROD_0009,2,34.99
ITEM_0001934,ORD_001106,PROD_0019,3,34.99
ITEM_0001935,ORD_001106,PROD_0001,2,79.99
ITEM_0001936,ORD_001107,PROD_0018,3,22.99
ITEM_0001937,ORD_001107,PROD_0004,3,49.99
ITEM_0001938,ORD_001108,PROD_0004,2,49.99
ITEM_0001939,ORD_001109,PROD_0007,3,24.99
ITEM_0001940,ORD_001109,PROD_0001,2,79.99
ITEM_0001941,ORD_001109,PROD_0011,3,149.99
ITEM_0001942,ORD_001109,PROD_0018,1,22.99
ITEM_0001943,ORD_001110,PROD_0002,1,199.99
ITEM_0001944,ORD_001111,PROD_0002,3,199.99
ITEM_0001945,ORD_001112,PROD_0001,1,79.99
ITEM_0001946,ORD_001112,PROD_0010,2,59.99
ITEM_0001947,ORD_001113,PROD_0015,1,29.99
ITEM_0001948,ORD_001114,PROD_0001,3,79.99
ITEM_0001949,ORD_001115,PROD_0008,2,119.99
ITEM_0001950,ORD_001115,PROD_0010,1,59.99
ITEM_0001951,ORD_001115,PROD_0007,2,24.99
ITEM_0001952,ORD_001116,PROD_0019,1,34.99
ITEM_0001953,ORD_001117,PROD_0010,2,59.99
ITEM_0001954,ORD_001118,PROD_0012,1,110.0
ITEM_0001955,ORD_001118,PROD_0017,3,29.99
ITEM_0001956,ORD_001119,PROD_0014,1,19.99
ITEM_0001957,ORD_001119,PROD_0012,2,110.0
ITEM_0001958,ORD_001120,PROD_0007,1,24.99
ITEM_0001959,ORD_001120,PROD_0009,1,34.99
ITEM_0001960,ORD_001121,PROD_0019,2,34.99
ITEM_0001961,ORD_001122,PROD_0004,1,49.99
ITEM_0001962,ORD_001123,PROD_0004,1,49.99
ITEM_0001963,ORD_001124,PROD_0015,3,29.99
ITEM_0001964,ORD_001124,PROD_0020,2,85.0
ITEM_0001965,ORD_001125,PROD_0012,3,110.0
ITEM_0001966,ORD_001126,PROD_0008,2,119.99
ITEM_0001967,ORD_001126,PROD_0017,3,29.99
ITEM_0001968,ORD_001126,PROD_0004,1,49.99
ITEM_0001969,ORD_001126,PROD_0014,1,19.99
ITEM_0001970,ORD_001127,PROD_0017,1,29.99
ITEM_0001971,ORD_001127,PROD_0007,1,24.99
ITEM_0001972,ORD_001127,PROD_0005,2,39.99
ITEM_0001973,ORD_001128,PROD_0006,1,89.99
ITEM_0001974,ORD_001129,PROD_0006,1,89.99
ITEM_0001975,ORD_001130,PROD_0012,1,110.0
ITEM_0001976,ORD_001130,PROD_0001,2,79.99
ITEM_0001977,ORD_001131,PROD_0016,1,39.99
ITEM_0001978,ORD_001131,PROD_0013,2,69.99
ITEM_0001979,ORD_001132,PROD_0011,3,149.99
ITEM_0001980,ORD_001133,PROD_0019,1,34.99
ITEM_0001981,ORD_001134,PROD_0017,2,29.99
ITEM_0001982,ORD_001135,PROD_0016,2,39.99
ITEM_0001983,ORD_001136,PROD_0006,2,89.99
ITEM_0001984,ORD_001137,PROD_0014,3,19.99
ITEM_0001985,ORD_001138,PROD_0012,1,110.0
ITEM_0001986,ORD_001138,PROD_0004,3,49.99
ITEM_0001987,ORD_001138,PROD_0013,3,69.99
ITEM_0001988,ORD_001139,PROD_0013,2,69.99
ITEM_0001989,ORD_001140,PROD_0015,3,29.99
ITEM_0001990,ORD_001140,PROD_0017,2,29.99
ITEM_0001991,ORD_001141,PROD_0013,3,69.99
ITEM_0001992,ORD_001141,PROD_0003,3,129.99
ITEM_0001993,ORD_001142,PROD_0015,1,29.99
ITEM_0001994,ORD_001142,PROD_0014,2,19.99
ITEM_0001995,ORD_001142,PROD_0002,2,199.99
ITEM_0001996,ORD_001143,PROD_0009,1,34.99
ITEM_0001997,ORD_001143,PROD_0014,3,19.99
ITEM_0001998,ORD_001144,PROD_0001,3,79.99
ITEM_0001999,ORD_001145,PROD_0018,3,22.99
ITEM_0002000,ORD_001145,PROD_0013,1,69.99
ITEM_0002001,ORD_001146,PROD_0014,1,19.99
ITEM_0002002,ORD_001146,PROD_0009,3,34.99
ITEM_0002003,ORD_001147,PROD_0003,1,129.99
ITEM_0002004,ORD_001148,PROD_0004,3,49.99
ITEM_0002005,ORD_001148,PROD_0013,3,69.99
ITEM_0002006,ORD_001148,PROD_0017,2,29.99
ITEM_0002007,ORD_001149,PROD_0009,2,34.99
ITEM_0002008,ORD_001150,PROD_0010,2,59.99
ITEM_0002009,ORD_001150,PROD_0017,3,29.99
ITEM_0002010,ORD_001151,PROD_0006,3,89.99
ITEM_0002011,ORD_001152,PROD_0009,2,34.99
ITEM_0002012,ORD_001152,PROD_0001,3,79.99
ITEM_0002013,ORD_001153,PROD_0011,1,149.99
ITEM_0002014,ORD_001154,PROD_0010,2,59.99
ITEM_0002015,ORD_001155,PROD_0018,2,22.99
ITEM_0002016,ORD_001155,PROD_0013,2,69.99
ITEM_0002017,ORD_001156,PROD_0016,3,39.99
ITEM_0002018,ORD_001157,PROD_0019,3,34.99
ITEM_0002019,ORD_001158,PROD_0017,2,29.99
ITEM_0002020,ORD_001158,PROD_0012,3,110.0
ITEM_0002021,ORD_001159,PROD_0006,1,89.99
ITEM_0002022,ORD_001159,PROD_0012,2,110.0
ITEM_0002023,ORD_001160,PROD_0018,1,22.99
ITEM_0002024,ORD_001161,PROD_0004,1,49.99
ITEM_0002025,ORD_001162,PROD_0018,2,22.99
ITEM_0002026,ORD_001162,PROD_0014,2,19.99
ITEM_0002027,ORD_001162,PROD_0012,3,110.0
ITEM_0002028,ORD_001162,PROD_0007,1,24.99
ITEM_0002029,ORD_001163,PROD_0011,2,149.99
ITEM_0002030,ORD_001163,PROD_0017,2,29.99
ITEM_0002031,ORD_001163,PROD_0018,2,22.99
ITEM_0002032,ORD_001163,PROD_0013,1,69.99
ITEM_0002033,ORD_001164,PROD_0018,3,22.99
ITEM_0002034,ORD_001165,PROD_0014,3,19.99
ITEM_0002035,ORD_001165,PROD_0020,1,85.0
ITEM_0002036,ORD_001166,PROD_0014,1,19.99
ITEM_0002037,ORD_001166,PROD_0001,3,79.99
ITEM_0002038,ORD_001167,PROD_0012,3,110.0
ITEM_0002039,ORD_001168,PROD_0006,2,89.99
ITEM_0002040,ORD_001168,PROD_0015,3,29.99
ITEM_0002041,ORD_001168,PROD_0012,1,110.0
ITEM_0002042,ORD_001169,PROD_0001,2,79.99
ITEM_0002043,ORD_001170,PROD_0015,2,29.99
ITEM_0002044,ORD_001170,PROD_0017,1,29.99
ITEM_0002045,ORD_001171,PROD_0001,2,79.99
ITEM_0002046,ORD_001171,PROD_0002,2,199.99
ITEM_0002047,ORD_001171,PROD_0014,3,19.99
ITEM_0002048,ORD_001171,PROD_0017,3,29.99
ITEM_0002049,ORD_001172,PROD_0016,2,39.99
ITEM_0002050,ORD_001173,PROD_0012,2,110.0
ITEM_0002051,ORD_001173,PROD_0013,1,69.99
ITEM_0002052,ORD_001174,PROD_0019,2,34.99
ITEM_0002053,ORD_001174,PROD_0004,3,49.99
ITEM_0002054,ORD_001175,PROD_0007,2,24.99
ITEM_0002055,ORD_001175,PROD_0009,3,34.99
ITEM_0002056,ORD_001176,PROD_0011,2,149.99
ITEM_0002057,ORD_001176,PROD_0010,3,59.99
ITEM_0002058,ORD_001177,PROD_0005,1,39.99
ITEM_0002059,ORD_001177,PROD_0020,2,85.0
ITEM_0002060,ORD_001178,PROD_0006,2,89.99
ITEM_0002061,ORD_001179,PROD_0005,2,39.99
ITEM_0002062,ORD_001180,PROD_0007,3,24.99
ITEM_0002063,ORD_001181,PROD_0017,2,29.99
ITEM_0002064,ORD_001181,PROD_0013,3,69.99
ITEM_0002065,ORD_001182,PROD_0012,3,110.0
ITEM_0002066,ORD_001183,PROD_0001,1,79.99
ITEM_0002067,ORD_001183,PROD_0003,1,129.99
ITEM_0002068,ORD_001183,PROD_0011,2,149.99
ITEM_0002069,ORD_001184,PROD_0007,3,24.99
ITEM_0002070,ORD_001184,PROD_0012,1,110.0
ITEM_0002071,ORD_001185,PROD_0012,2,110.0
ITEM_0002072,ORD_001185,PROD_0002,3,199.99
ITEM_0002073,ORD_001186,PROD_0018,1,22.99
ITEM_0002074,ORD_001186,PROD_0003,2,129.99
ITEM_0002075,ORD_001186,PROD_0002,3,199.99
ITEM_0002076,ORD_001186,PROD_0015,1,29.99
ITEM_0002077,ORD_001187,PROD_0015,3,29.99
ITEM_0002078,ORD_001187,PROD_0006,2,89.99
ITEM_0002079,ORD_001188,PROD_0003,1,129.99
ITEM_0002080,ORD_001188,PROD_0005,1,39.99
ITEM_0002081,ORD_001189,PROD_0004,3,49.99
ITEM_0002082,ORD_001190,PROD_0003,3,129.99
ITEM_0002083,ORD_001191,PROD_0019,1,34.99
ITEM_0002084,ORD_001192,PROD_0020,2,85.0
ITEM_0002085,ORD_001193,PROD_0011,3,149.99
ITEM_0002086,ORD_001193,PROD_0017,2,29.99
ITEM_0002087,ORD_001194,PROD_0009,2,34.99
ITEM_0002088,ORD_001195,PROD_0006,1,89.99
ITEM_0002089,ORD_001195,PROD_0016,1,39.99
ITEM_0002090,ORD_001195,PROD_0001,1,79.99
ITEM_0002091,ORD_001195,PROD_0011,2,149.99
ITEM_0002092,ORD_001196,PROD_0015,1,29.99
ITEM_0002093,ORD_001196,PROD_0011,1,149.99
ITEM_0002094,ORD_001196,PROD_0018,2,22.99
ITEM_0002095,ORD_001197,PROD_0016,1,39.99
ITEM_0002096,ORD_001197,PROD_0004,3,49.99
ITEM_0002097,ORD_001198,PROD_0013,3,69.99
ITEM_0002098,ORD_001199,PROD_0020,2,85.0
ITEM_0002099,ORD_001199,PROD_0014,1,19.99
ITEM_0002100,ORD_001199,PROD_0009,2,34.99
ITEM_0002101,ORD_001199,PROD_0008,2,119.99
ITEM_0002102,ORD_001200,PROD_0010,2,59.99
ITEM_0002103,ORD_001201,PROD_0012,1,110.0
ITEM_0002104,ORD_001201,PROD_0005,3,39.99
ITEM_0002105,ORD_001201,PROD_0015,3,29.99
ITEM_0002106,ORD_001201,PROD_0009,2,34.99
ITEM_0002107,ORD_001202,PROD_0013,3,69.99
ITEM_0002108,ORD_001203,PROD_0009,2,34.99
ITEM_0002109,ORD_001203,PROD_0004,3,49.99
ITEM_0002110,ORD_001204,PROD_0002,1,199.99
ITEM_0002111,ORD_001205,PROD_0004,2,49.99
ITEM_0002112,ORD_001206,PROD_0004,3,49.99
ITEM_0002113,ORD_001206,PROD_0016,2,39.99
ITEM_0002114,ORD_001206,PROD_0005,1,39.99
ITEM_0002115,ORD_001207,PROD_0007,1,24.99
ITEM_0002116,ORD_001208,PROD_0009,1,34.99
ITEM_0002117,ORD_001208,PROD_0018,1,22.99
ITEM_0002118,ORD_001209,PROD_0012,2,110.0
ITEM_0002119,ORD_001209,PROD_0015,2,29.99
ITEM_0002120,ORD_001210,PROD_0009,1,34.99
ITEM_0002121,ORD_001211,PROD_0016,3,39.99
ITEM_0002122,ORD_001212,PROD_0002,2,199.99
ITEM_0002123,ORD_001213,PROD_0003,3,129.99
ITEM_0002124,ORD_001213,PROD_0019,1,34.99
ITEM_0002125,ORD_001214,PROD_0015,2,29.99
ITEM_0002126,ORD_001214,PROD_0007,2,24.99
ITEM_0002127,ORD_001215,PROD_0011,2,149.99
ITEM_0002128,ORD_001216,PROD_0014,1,19.99
ITEM_0002129,ORD_001216,PROD_0001,3,79.99
ITEM_0002130,ORD_001217,PROD_0011,1,149.99
ITEM_0002131,ORD_001218,PROD_0007,1,24.99
ITEM_0002132,ORD_001218,PROD_0019,1,34.99
ITEM_0002133,ORD_001219,PROD_0004,1,49.99
ITEM_0002134,ORD_001220,PROD_0003,3,129.99
ITEM_0002135,ORD_001221,PROD_0009,1,34.99
ITEM_0002136,ORD_001222,PROD_0013,2,69.99
ITEM_0002137,ORD_001222,PROD_0001,1,79.99
ITEM_0002138,ORD_001222,PROD_0015,2,29.99
ITEM_0002139,ORD_001223,PROD_0013,1,69.99
ITEM_0002140,ORD_001224,PROD_0006,2,89.99
ITEM_0002141,ORD_001224,PROD_0007,3,24.99
ITEM_0002142,ORD_001225,PROD_0003,2,129.99
ITEM_0002143,ORD_001226,PROD_0013,2,69.99
ITEM_0002144,ORD_001227,PROD_0010,3,59.99
ITEM_0002145,ORD_001228,PROD_0001,1,79.99
ITEM_0002146,ORD_001228,PROD_0009,3,34.99
ITEM_0002147,ORD_001228,PROD_0011,1,149.99
ITEM_0002148,ORD_001229,PROD_0002,2,199.99
ITEM_0002149,ORD_001229,PROD_0020,3,85.0
ITEM_0002150,ORD_001230,PROD_0017,2,29.99
ITEM_0002151,ORD_001231,PROD_0007,2,24.99
ITEM_0002152,ORD_001232,PROD_0011,2,149.99
ITEM_0002153,ORD_001232,PROD_0001,1,79.99
ITEM_0002154,ORD_001233,PROD_0006,1,89.99
ITEM_0002155,ORD_001233,PROD_0020,1,85.0
ITEM_0002156,ORD_001234,PROD_0015,2,29.99
ITEM_0002157,ORD_001234,PROD_0014,2,19.99
ITEM_0002158,ORD_001234,PROD_0018,2,22.99
ITEM_0002159,ORD_001234,PROD_0020,2,85.0
ITEM_0002160,ORD_001235,PROD_0020,1,85.0
ITEM_0002161,ORD_001235,PROD_0004,1,49.99
ITEM_0002162,ORD_001236,PROD_0005,2,39.99
ITEM_0002163,ORD_001236,PROD_0008,3,119.99
ITEM_0002164,ORD_001236,PROD_0003,1,129.99
ITEM_0002165,ORD_001237,PROD_0010,3,59.99
ITEM_0002166,ORD_001238,PROD_0009,3,34.99
ITEM_0002167,ORD_001238,PROD_0005,1,39.99
ITEM_0002168,ORD_001239,PROD_0013,1,69.99
ITEM_0002169,ORD_001239,PROD_0002,3,199.99
ITEM_0002170,ORD_001240,PROD_0011,2,149.99
ITEM_0002171,ORD_001241,PROD_0019,3,34.99
ITEM_0002172,ORD_001241,PROD_0013,2,69.99
ITEM_0002173,ORD_001242,PROD_0017,2,29.99
ITEM_0002174,ORD_001242,PROD_0011,2,149.99
ITEM_0002175,ORD_001243,PROD_0011,2,149.99
ITEM_0002176,ORD_001243,PROD_0017,3,29.99
ITEM_0002177,ORD_001244,PROD_0015,3,29.99
ITEM_0002178,ORD_001245,PROD_0014,1,19.99
ITEM_0002179,ORD_001246,PROD_0008,3,119.99
ITEM_0002180,ORD_001247,PROD_0017,3,29.99
ITEM_0002181,ORD_001247,PROD_0002,3,199.99
ITEM_0002182,ORD_001247,PROD_0018,1,22.99
ITEM_0002183,ORD_001248,PROD_0020,3,85.0
ITEM_0002184,ORD_001248,PROD_0008,2,119.99
ITEM_0002185,ORD_001249,PROD_0013,2,69.99
ITEM_0002186,ORD_001250,PROD_0010,3,59.99
ITEM_0002187,ORD_001251,PROD_0020,2,85.0
ITEM_0002188,ORD_001252,PROD_0008,3,119.99
ITEM_0002189,ORD_001252,PROD_0013,1,69.99
ITEM_0002190,ORD_001252,PROD_0006,1,89.99
ITEM_0002191,ORD_001253,PROD_0009,3,34.99
ITEM_0002192,ORD_001254,PROD_0015,2,29.99
ITEM_0002193,ORD_001255,PROD_0017,1,29.99
ITEM_0002194,ORD_001255,PROD_0004,3,49.99
ITEM_0002195,ORD_001256,PROD_0020,2,85.0
ITEM_0002196,ORD_001256,PROD_0015,1,29.99
ITEM_0002197,ORD_001257,PROD_0014,2,19.99
ITEM_0002198,ORD_001257,PROD_0019,1,34.99
ITEM_0002199,ORD_001258,PROD_0020,1,85.0
ITEM_0002200,ORD_001258,PROD_0012,3,110.0
ITEM_0002201,ORD_001258,PROD_0008,1,119.99
ITEM_0002202,ORD_001258,PROD_0016,2,39.99
ITEM_0002203,ORD_001259,PROD_0011,1,149.99
ITEM_0002204,ORD_001259,PROD_0014,1,19.99
ITEM_0002205,ORD_001260,PROD_0016,3,39.99
ITEM_0002206,ORD_001261,PROD_0020,3,85.0
ITEM_0002207,ORD_001262,PROD_0004,3,49.99
ITEM_0002208,ORD_001263,PROD_0020,2,85.0
ITEM_0002209,ORD_001264,PROD_0017,3,29.99
ITEM_0002210,ORD_001264,PROD_0002,1,199.99
ITEM_0002211,ORD_001265,PROD_0011,3,149.99
ITEM_0002212,ORD_001265,PROD_0004,2,49.99
ITEM_0002213,ORD_001266,PROD_0012,2,110.0
ITEM_0002214,ORD_001267,PROD_0009,3,34.99
ITEM_0002215,ORD_001268,PROD_0012,2,110.0
ITEM_0002216,ORD_001269,PROD_0008,3,119.99
ITEM_0002217,ORD_001269,PROD_0011,2,149.99
ITEM_0002218,ORD_001270,PROD_0013,2,69.99
ITEM_0002219,ORD_001271,PROD_0006,3,89.99
ITEM_0002220,ORD_001271,PROD_0011,2,149.99
ITEM_0002221,ORD_001272,PROD_0010,3,59.99
ITEM_0002222,ORD_001272,PROD_0018,3,22.99
ITEM_0002223,ORD_001273,PROD_0020,1,85.0
ITEM_0002224,ORD_001274,PROD_0005,3,39.99
ITEM_0002225,ORD_001275,PROD_0015,2,29.99
ITEM_0002226,ORD_001275,PROD_0002,1,199.99
ITEM_0002227,ORD_001275,PROD_0008,3,119.99
ITEM_0002228,ORD_001275,PROD_0005,1,39.99
ITEM_0002229,ORD_001276,PROD_0007,1,24.99
ITEM_0002230,ORD_001276,PROD_0005,3,39.99
ITEM_0002231,ORD_001277,PROD_0019,3,34.99
ITEM_0002232,ORD_001277,PROD_0007,2,24.99
ITEM_0002233,ORD_001278,PROD_0012,2,110.0
ITEM_0002234,ORD_001279,PROD_0003,3,129.99
ITEM_0002235,ORD_001279,PROD_0005,3,39.99
ITEM_0002236,ORD_001280,PROD_0018,3,22.99
ITEM_0002237,ORD_001280,PROD_0011,2,149.99
ITEM_0002238,ORD_001281,PROD_0002,2,199.99
ITEM_0002239,ORD_001282,PROD_0006,2,89.99
ITEM_0002240,ORD_001282,PROD_0001,2,79.99
ITEM_0002241,ORD_001282,PROD_0018,3,22.99
ITEM_0002242,ORD_001282,PROD_0015,1,29.99
ITEM_0002243,ORD_001283,PROD_0009,3,34.99
ITEM_0002244,ORD_001284,PROD_0005,2,39.99
ITEM_0002245,ORD_001284,PROD_0013,3,69.99
ITEM_0002246,ORD_001285,PROD_0019,3,34.99
ITEM_0002247,ORD_001286,PROD_0002,2,199.99
ITEM_0002248,ORD_001286,PROD_0012,3,110.0
ITEM_0002249,ORD_001286,PROD_0004,1,49.99
ITEM_0002250,ORD_001286,PROD_0003,3,129.99
ITEM_0002251,ORD_001287,PROD_0006,3,89.99
ITEM_0002252,ORD_001287,PROD_0020,1,85.0
ITEM_0002253,ORD_001288,PROD_0019,1,34.99
ITEM_0002254,ORD_001288,PROD_0013,2,69.99
ITEM_0002255,ORD_001288,PROD_0014,1,19.99
ITEM_0002256,ORD_001289,PROD_0014,1,19.99
ITEM_0002257,ORD_001290,PROD_0003,3,129.99
ITEM_0002258,ORD_001291,PROD_0018,1,22.99
ITEM_0002259,ORD_001292,PROD_0011,3,149.99
ITEM_0002260,ORD_001293,PROD_0007,3,24.99
ITEM_0002261,ORD_001293,PROD_0016,2,39.99
ITEM_0002262,ORD_001293,PROD_0006,3,89.99
ITEM_0002263,ORD_001293,PROD_0020,1,85.0
ITEM_0002264,ORD_001294,PROD_0006,1,89.99
ITEM_0002265,ORD_001294,PROD_0017,3,29.99
ITEM_0002266,ORD_001294,PROD_0005,1,39.99
ITEM_0002267,ORD_001295,PROD_0006,1,89.99
ITEM_0002268,ORD_001296,PROD_0020,2,85.0
ITEM_0002269,ORD_001297,PROD_0003,1,129.99
ITEM_0002270,ORD_001297,PROD_0011,2,149.99
ITEM_0002271,ORD_001298,PROD_0002,1,199.99
ITEM_0002272,ORD_001299,PROD_0011,3,149.99
ITEM_0002273,ORD_001299,PROD_0017,2,29.99
ITEM_0002274,ORD_001300,PROD_0011,2,149.99
ITEM_0002275,ORD_001301,PROD_0013,2,69.99
ITEM_0002276,ORD_001302,PROD_0013,3,69.99
ITEM_0002277,ORD_001303,PROD_0007,3,24.99
ITEM_0002278,ORD_001303,PROD_0003,1,129.99
ITEM_0002279,ORD_001303,PROD_0010,3,59.99
ITEM_0002280,ORD_001304,PROD_0010,3,59.99
ITEM_0002281,ORD_001305,PROD_0017,1,29.99
ITEM_0002282,ORD_001305,PROD_0020,1,85.0
ITEM_0002283,ORD_001305,PROD_0006,2,89.99
ITEM_0002284,ORD_001306,PROD_0003,3,129.99
ITEM_0002285,ORD_001306,PROD_0007,3,24.99
ITEM_0002286,ORD_001307,PROD_0004,3,49.99
ITEM_0002287,ORD_001308,PROD_0008,1,119.99
ITEM_0002288,ORD_001308,PROD_0012,3,110.0
ITEM_0002289,ORD_001308,PROD_0013,3,69.99
ITEM_0002290,ORD_001308,PROD_0002,2,199.99
ITEM_0002291,ORD_001309,PROD_0010,2,59.99
ITEM_0002292,ORD_001309,PROD_0007,3,24.99
ITEM_0002293,ORD_001310,PROD_0007,1,24.99
ITEM_0002294,ORD_001311,PROD_0015,1,29.99
ITEM_0002295,ORD_001311,PROD_0005,3,39.99
ITEM_0002296,ORD_001312,PROD_0016,3,39.99
ITEM_0002297,ORD_001312,PROD_0003,2,129.99
ITEM_0002298,ORD_001312,PROD_0006,3,89.99
ITEM_0002299,ORD_001313,PROD_0010,1,59.99
ITEM_0002300,ORD_001314,PROD_0007,3,24.99
ITEM_0002301,ORD_001314,PROD_0003,1,129.99
ITEM_0002302,ORD_001314,PROD_0018,2,22.99
ITEM_0002303,ORD_001315,PROD_0013,1,69.99
ITEM_0002304,ORD_001316,PROD_0015,1,29.99
ITEM_0002305,ORD_001316,PROD_0002,3,199.99
ITEM_0002306,ORD_001317,PROD_0005,2,39.99
ITEM_0002307,ORD_001318,PROD_0013,1,69.99
ITEM_0002308,ORD_001319,PROD_0015,1,29.99
ITEM_0002309,ORD_001320,PROD_0005,3,39.99
ITEM_0002310,ORD_001320,PROD_0018,1,22.99
ITEM_0002311,ORD_001321,PROD_0006,1,89.99
ITEM_0002312,ORD_001322,PROD_0013,2,69.99
ITEM_0002313,ORD_001323,PROD_0002,3,199.99
ITEM_0002314,ORD_001323,PROD_0019,3,34.99
ITEM_0002315,ORD_001323,PROD_0018,2,22.99
ITEM_0002316,ORD_001324,PROD_0008,2,119.99
ITEM_0002317,ORD_001325,PROD_0005,2,39.99
ITEM_0002318,ORD_001325,PROD_0015,3,29.99
ITEM_0002319,ORD_001325,PROD_0018,3,22.99
ITEM_0002320,ORD_001326,PROD_0012,2,110.0
ITEM_0002321,ORD_001326,PROD_0001,2,79.99
ITEM_0002322,ORD_001326,PROD_0014,3,19.99
ITEM_0002323,ORD_001327,PROD_0005,3,39.99
ITEM_0002324,ORD_001327,PROD_0012,2,110.0
ITEM_0002325,ORD_001327,PROD_0007,2,24.99
ITEM_0002326,ORD_001327,PROD_0013,2,69.99
ITEM_0002327,ORD_001328,PROD_0013,1,69.99
ITEM_0002328,ORD_001329,PROD_0007,2,24.99
ITEM_0002329,ORD_001330,PROD_0014,2,19.99
ITEM_0002330,ORD_001330,PROD_0012,1,110.0
ITEM_0002331,ORD_001330,PROD_0010,3,59.99
ITEM_0002332,ORD_001331,PROD_0020,3,85.0
ITEM_0002333,ORD_001331,PROD_0014,1,19.99
ITEM_0002334,ORD_001331,PROD_0002,3,199.99
ITEM_0002335,ORD_001332,PROD_0015,2,29.99
ITEM_0002336,ORD_001333,PROD_0019,2,34.99
ITEM_0002337,ORD_001333,PROD_0005,1,39.99
ITEM_0002338,ORD_001333,PROD_0013,3,69.99
ITEM_0002339,ORD_001333,PROD_0007,1,24.99
ITEM_0002340,ORD_001334,PROD_0020,3,85.0
ITEM_0002341,ORD_001334,PROD_0017,1,29.99
ITEM_0002342,ORD_001335,PROD_0002,2,199.99
ITEM_0002343,ORD_001336,PROD_0003,3,129.99
ITEM_0002344,ORD_001337,PROD_0006,3,89.99
ITEM_0002345,ORD_001338,PROD_0018,3,22.99
ITEM_0002346,ORD_001339,PROD_0009,2,34.99
ITEM_0002347,ORD_001339,PROD_0008,1,119.99
ITEM_0002348,ORD_001340,PROD_0016,3,39.99
ITEM_0002349,ORD_001340,PROD_0013,2,69.99
ITEM_0002350,ORD_001340,PROD_0020,2,85.0
ITEM_0002351,ORD_001341,PROD_0001,2,79.99
ITEM_0002352,ORD_001342,PROD_0003,1,129.99
ITEM_0002353,ORD_001342,PROD_0006,1,89.99
ITEM_0002354,ORD_001342,PROD_0005,3,39.99
ITEM_0002355,ORD_001343,PROD_0003,1,129.99
ITEM_0002356,ORD_001344,PROD_0012,2,110.0
ITEM_0002357,ORD_001344,PROD_0009,2,34.99
ITEM_0002358,ORD_001344,PROD_0007,1,24.99
ITEM_0002359,ORD_001344,PROD_0017,1,29.99
ITEM_0002360,ORD_001345,PROD_0015,2,29.99
ITEM_0002361,ORD_001346,PROD_0018,1,22.99
ITEM_0002362,ORD_001347,PROD_0016,3,39.99
ITEM_0002363,ORD_001348,PROD_0012,3,110.0
ITEM_0002364,ORD_001349,PROD_0018,1,22.99
ITEM_0002365,ORD_001349,PROD_0007,2,24.99
ITEM_0002366,ORD_001350,PROD_0011,1,149.99
ITEM_0002367,ORD_001350,PROD_0017,1,29.99
ITEM_0002368,ORD_001350,PROD_0004,1,49.99
ITEM_0002369,ORD_001351,PROD_0008,3,119.99
ITEM_0002370,ORD_001351,PROD_0003,2,129.99
ITEM_0002371,ORD_001352,PROD_0015,3,29.99
ITEM_0002372,ORD_001353,PROD_0003,1,129.99
ITEM_0002373,ORD_001354,PROD_0002,2,199.99
ITEM_0002374,ORD_001355,PROD_0007,3,24.99
ITEM_0002375,ORD_001356,PROD_0019,1,34.99
ITEM_0002376,ORD_001356,PROD_0002,1,199.99
ITEM_0002377,ORD_001357,PROD_0018,3,22.99
ITEM_0002378,ORD_001358,PROD_0011,3,149.99
ITEM_0002379,ORD_001359,PROD_0010,2,59.99
ITEM_0002380,ORD_001360,PROD_0009,1,34.99
ITEM_0002381,ORD_001361,PROD_0002,1,199.99
ITEM_0002382,ORD_001361,PROD_0014,3,19.99
ITEM_0002383,ORD_001361,PROD_0003,3,129.99
ITEM_0002384,ORD_001362,PROD_0012,2,110.0
ITEM_0002385,ORD_001362,PROD_0003,2,129.99
ITEM_0002386,ORD_001363,PROD_0016,1,39.99
ITEM_0002387,ORD_001364,PROD_0014,2,19.99
ITEM_0002388,ORD_001364,PROD_0015,2,29.99
ITEM_0002389,ORD_001365,PROD_0013,2,69.99
ITEM_0002390,ORD_001365,PROD_0014,3,19.99
ITEM_0002391,ORD_001366,PROD_0006,1,89.99
ITEM_0002392,ORD_001367,PROD_0009,2,34.99
ITEM_0002393,ORD_001368,PROD_0018,3,22.99
ITEM_0002394,ORD_001368,PROD_0009,2,34.99
ITEM_0002395,ORD_001368,PROD_0008,2,119.99
ITEM_0002396,ORD_001369,PROD_0002,3,199.99
ITEM_0002397,ORD_001369,PROD_0012,2,110.0
ITEM_0002398,ORD_001369,PROD_0004,1,49.99
ITEM_0002399,ORD_001369,PROD_0003,1,129.99
ITEM_0002400,ORD_001370,PROD_0001,2,79.99
ITEM_0002401,ORD_001371,PROD_0020,2,85.0
ITEM_0002402,ORD_001371,PROD_0004,2,49.99
ITEM_0002403,ORD_001372,PROD_0012,2,110.0
ITEM_0002404,ORD_001372,PROD_0019,2,34.99
ITEM_0002405,ORD_001372,PROD_0016,1,39.99
ITEM_0002406,ORD_001373,PROD_0011,3,149.99
ITEM_0002407,ORD_001374,PROD_0005,3,39.99
ITEM_0002408,ORD_001374,PROD_0011,3,149.99
ITEM_0002409,ORD_001375,PROD_0016,1,39.99
ITEM_0002410,ORD_001376,PROD_0017,3,29.99
ITEM_0002411,ORD_001377,PROD_0007,2,24.99
ITEM_0002412,ORD_001378,PROD_0008,2,119.99
ITEM_0002413,ORD_001379,PROD_0009,3,34.99
ITEM_0002414,ORD_001379,PROD_0011,1,149.99
ITEM_0002415,ORD_001380,PROD_0020,3,85.0
ITEM_0002416,ORD_001380,PROD_0004,2,49.99
ITEM_0002417,ORD_001380,PROD_0010,1,59.99
ITEM_0002418,ORD_001380,PROD_0002,2,199.99
ITEM_0002419,ORD_001381,PROD_0005,3,39.99
ITEM_0002420,ORD_001382,PROD_0015,3,29.99
ITEM_0002421,ORD_001383,PROD_0009,3,34.99
ITEM_0002422,ORD_001384,PROD_0005,1,39.99
ITEM_0002423,ORD_001385,PROD_0005,3,39.99
ITEM_0002424,ORD_001386,PROD_0006,3,89.99
ITEM_0002425,ORD_001387,PROD_0002,2,199.99
ITEM_0002426,ORD_001387,PROD_0017,1,29.99
ITEM_0002427,ORD_001388,PROD_0017,1,29.99
ITEM_0002428,ORD_001389,PROD_0014,2,19.99
ITEM_0002429,ORD_001390,PROD_0013,1,69.99
ITEM_0002430,ORD_001391,PROD_0009,3,34.99
ITEM_0002431,ORD_001392,PROD_0008,1,119.99
ITEM_0002432,ORD_001393,PROD_0005,1,39.99
ITEM_0002433,ORD_001393,PROD_0017,3,29.99
ITEM_0002434,ORD_001393,PROD_0011,2,149.99
ITEM_0002435,ORD_001393,PROD_0018,2,22.99
ITEM_0002436,ORD_001394,PROD_0018,1,22.99
ITEM_0002437,ORD_001394,PROD_0003,1,129.99
ITEM_0002438,ORD_001395,PROD_0003,1,129.99
ITEM_0002439,ORD_001396,PROD_0020,3,85.0
ITEM_0002440,ORD_001396,PROD_0010,2,59.99
ITEM_0002441,ORD_001397,PROD_0007,1,24.99
ITEM_0002442,ORD_001398,PROD_0020,2,85.0
ITEM_0002443,ORD_001399,PROD_0004,3,49.99
ITEM_0002444,ORD_001400,PROD_0019,3,34.99
ITEM_0002445,ORD_001400,PROD_0010,3,59.99
ITEM_0002446,ORD_001401,PROD_0001,1,79.99
ITEM_0002447,ORD_001402,PROD_0013,2,69.99
ITEM_0002448,ORD_001403,PROD_0016,3,39.99
ITEM_0002449,ORD_001403,PROD_0018,1,22.99
ITEM_0002450,ORD_001403,PROD_0010,1,59.99
ITEM_0002451,ORD_001404,PROD_0001,2,79.99
ITEM_0002452,ORD_001405,PROD_0004,3,49.99
ITEM_0002453,ORD_001405,PROD_0002,2,199.99
ITEM_0002454,ORD_001405,PROD_0012,1,110.0
ITEM_0002455,ORD_001405,PROD_0007,2,24.99
ITEM_0002456,ORD_001406,PROD_0002,2,199.99
ITEM_0002457,ORD_001407,PROD_0001,3,79.99
ITEM_0002458,ORD_001407,PROD_0016,1,39.99
ITEM_0002459,ORD_001407,PROD_0006,2,89.99
ITEM_0002460,ORD_001408,PROD_0019,1,34.99
ITEM_0002461,ORD_001409,PROD_0002,2,199.99
ITEM_0002462,ORD_001410,PROD_0003,2,129.99
ITEM_0002463,ORD_001410,PROD_0009,1,34.99
ITEM_0002464,ORD_001410,PROD_0010,3,59.99
ITEM_0002465,ORD_001411,PROD_0015,3,29.99
ITEM_0002466,ORD_001412,PROD_0016,2,39.99
ITEM_0002467,ORD_001412,PROD_0008,2,119.99
ITEM_0002468,ORD_001413,PROD_0016,3,39.99
ITEM_0002469,ORD_001414,PROD_0005,2,39.99
ITEM_0002470,ORD_001414,PROD_0011,1,149.99
ITEM_0002471,ORD_001415,PROD_0012,3,110.0
ITEM_0002472,ORD_001416,PROD_0003,2,129.99
ITEM_0002473,ORD_001416,PROD_0009,3,34.99
ITEM_0002474,ORD_001416,PROD_0005,3,39.99
ITEM_0002475,ORD_001416,PROD_0011,1,149.99
ITEM_0002476,ORD_001417,PROD_0005,3,39.99
ITEM_0002477,ORD_001417,PROD_0011,1,149.99
ITEM_0002478,ORD_001418,PROD_0014,1,19.99
ITEM_0002479,ORD_001419,PROD_0018,3,22.99
ITEM_0002480,ORD_001420,PROD_0012,3,110.0
ITEM_0002481,ORD_001421,PROD_0014,1,19.99
ITEM_0002482,ORD_001421,PROD_0004,3,49.99
ITEM_0002483,ORD_001422,PROD_0017,3,29.99
ITEM_0002484,ORD_001422,PROD_0004,2,49.99
ITEM_0002485,ORD_001423,PROD_0018,2,22.99
ITEM_0002486,ORD_001423,PROD_0004,1,49.99
ITEM_0002487,ORD_001423,PROD_0007,1,24.99
ITEM_0002488,ORD_001424,PROD_0004,1,49.99
ITEM_0002489,ORD_001425,PROD_0012,3,110.0
ITEM_0002490,ORD_001426,PROD_0002,2,199.99
ITEM_0002491,ORD_001426,PROD_0016,1,39.99
ITEM_0002492,ORD_001427,PROD_0004,2,49.99
ITEM_0002493,ORD_001427,PROD_0014,3,19.99
ITEM_0002494,ORD_001428,PROD_0016,3,39.99
ITEM_0002495,ORD_001429,PROD_0004,1,49.99
ITEM_0002496,ORD_001429,PROD_0015,3,29.99
ITEM_0002497,ORD_001430,PROD_0015,1,29.99
ITEM_0002498,ORD_001431,PROD_0001,1,79.99
ITEM_0002499,ORD_001431,PROD_0017,2,29.99
ITEM_0002500,ORD_001432,PROD_0018,2,22.99
ITEM_0002501,ORD_001432,PROD_0002,1,199.99
ITEM_0002502,ORD_001432,PROD_0009,2,34.99
ITEM_0002503,ORD_001433,PROD_0011,1,149.99
ITEM_0002504,ORD_001434,PROD_0013,2,69.99
ITEM_0002505,ORD_001435,PROD_0019,3,34.99
ITEM_0002506,ORD_001436,PROD_0005,1,39.99
ITEM_0002507,ORD_001437,PROD_0014,3,19.99
ITEM_0002508,ORD_001437,PROD_0001,3,79.99
ITEM_0002509,ORD_001438,PROD_0014,1,19.99
ITEM_0002510,ORD_001439,PROD_0012,1,110.0
ITEM_0002511,ORD_001439,PROD_0016,1,39.99
ITEM_0002512,ORD_001439,PROD_0013,1,69.99
ITEM_0002513,ORD_001440,PROD_0015,2,29.99
ITEM_0002514,ORD_001440,PROD_0018,1,22.99
ITEM_0002515,ORD_001441,PROD_0018,1,22.99
ITEM_0002516,ORD_001442,PROD_0001,1,79.99
ITEM_0002517,ORD_001442,PROD_0012,3,110.0
ITEM_0002518,ORD_001443,PROD_0010,1,59.99
ITEM_0002519,ORD_001443,PROD_0005,1,39.99
ITEM_0002520,ORD_001444,PROD_0004,3,49.99
ITEM_0002521,ORD_001445,PROD_0005,2,39.99
ITEM_0002522,ORD_001446,PROD_0014,2,19.99
ITEM_0002523,ORD_001447,PROD_0011,3,149.99
ITEM_0002524,ORD_001448,PROD_0008,3,119.99
ITEM_0002525,ORD_001449,PROD_0006,2,89.99
ITEM_0002526,ORD_001449,PROD_0008,1,119.99
ITEM_0002527,ORD_001450,PROD_0018,3,22.99
ITEM_0002528,ORD_001451,PROD_0015,3,29.99
ITEM_0002529,ORD_001452,PROD_0016,3,39.99
ITEM_0002530,ORD_001452,PROD_0017,3,29.99
ITEM_0002531,ORD_001452,PROD_0020,3,85.0
ITEM_0002532,ORD_001453,PROD_0005,2,39.99
ITEM_0002533,ORD_001453,PROD_0016,3,39.99
ITEM_0002534,ORD_001454,PROD_0009,2,34.99
ITEM_0002535,ORD_001454,PROD_0010,2,59.99
ITEM_0002536,ORD_001455,PROD_0010,3,59.99
ITEM_0002537,ORD_001456,PROD_0007,3,24.99
ITEM_0002538,ORD_001456,PROD_0005,3,39.99
ITEM_0002539,ORD_001457,PROD_0007,1,24.99
ITEM_0002540,ORD_001457,PROD_0015,3,29.99
ITEM_0002541,ORD_001458,PROD_0020,3,85.0
ITEM_0002542,ORD_001459,PROD_0016,2,39.99
ITEM_0002543,ORD_001460,PROD_0003,3,129.99
ITEM_0002544,ORD_001461,PROD_0009,3,34.99
ITEM_0002545,ORD_001462,PROD_0007,3,24.99
ITEM_0002546,ORD_001462,PROD_0009,1,34.99
ITEM_0002547,ORD_001463,PROD_0005,1,39.99
ITEM_0002548,ORD_001464,PROD_0018,3,22.99
ITEM_0002549,ORD_001465,PROD_0019,2,34.99
ITEM_0002550,ORD_001466,PROD_0008,3,119.99
ITEM_0002551,ORD_001467,PROD_0008,3,119.99
ITEM_0002552,ORD_001468,PROD_0013,1,69.99
ITEM_0002553,ORD_001469,PROD_0020,1,85.0
ITEM_0002554,ORD_001469,PROD_0009,2,34.99
ITEM_0002555,ORD_001470,PROD_0006,1,89.99
ITEM_0002556,ORD_001470,PROD_0008,3,119.99
ITEM_0002557,ORD_001471,PROD_0013,2,69.99
ITEM_0002558,ORD_001471,PROD_0015,3,29.99
ITEM_0002559,ORD_001471,PROD_0007,2,24.99
ITEM_0002560,ORD_001472,PROD_0020,3,85.0
ITEM_0002561,ORD_001472,PROD_0013,2,69.99
ITEM_0002562,ORD_001472,PROD_0001,2,79.99
ITEM_0002563,ORD_001473,PROD_0001,2,79.99
ITEM_0002564,ORD_001474,PROD_0005,3,39.99
ITEM_0002565,ORD_001475,PROD_0007,2,24.99
ITEM_0002566,ORD_001475,PROD_0020,1,85.0
ITEM_0002567,ORD_001476,PROD_0016,1,39.99
ITEM_0002568,ORD_001477,PROD_0001,2,79.99
ITEM_0002569,ORD_001478,PROD_0015,2,29.99
ITEM_0002570,ORD_001479,PROD_0009,1,34.99
ITEM_0002571,ORD_001480,PROD_0017,1,29.99
ITEM_0002572,ORD_001480,PROD_0007,1,24.99
ITEM_0002573,ORD_001481,PROD_0018,3,22.99
ITEM_0002574,ORD_001482,PROD_0005,1,39.99
ITEM_0002575,ORD_001483,PROD_0008,3,119.99
ITEM_0002576,ORD_001483,PROD_0003,3,129.99
ITEM_0002577,ORD_001484,PROD_0014,1,19.99
ITEM_0002578,ORD_001485,PROD_0004,1,49.99
ITEM_0002579,ORD_001486,PROD_0006,1,89.99
ITEM_0002580,ORD_001486,PROD_0005,2,39.99
ITEM_0002581,ORD_001487,PROD_0001,1,79.99
ITEM_0002582,ORD_001487,PROD_0017,1,29.99
ITEM_0002583,ORD_001488,PROD_0008,1,119.99
ITEM_0002584,ORD_001488,PROD_0012,3,110.0
ITEM_0002585,ORD_001488,PROD_0009,1,34.99
ITEM_0002586,ORD_001489,PROD_0002,2,199.99
ITEM_0002587,ORD_001489,PROD_0003,2,129.99
ITEM_0002588,ORD_001490,PROD_0018,2,22.99
ITEM_0002589,ORD_001490,PROD_0020,3,85.0
ITEM_0002590,ORD_001491,PROD_0019,1,34.99
ITEM_0002591,ORD_001491,PROD_0013,3,69.99
ITEM_0002592,ORD_001492,PROD_0007,2,24.99
ITEM_0002593,ORD_001492,PROD_0003,2,129.99
ITEM_0002594,ORD_001492,PROD_0012,2,110.0
ITEM_0002595,ORD_001493,PROD_0007,3,24.99
ITEM_0002596,ORD_001494,PROD_0005,1,39.99
ITEM_0002597,ORD_001494,PROD_0010,2,59.99
ITEM_0002598,ORD_001494,PROD_0013,2,69.99
ITEM_0002599,ORD_001495,PROD_0012,1,110.0
ITEM_0002600,ORD_001495,PROD_0007,1,24.99
ITEM_0002601,ORD_001496,PROD_0010,3,59.99
ITEM_0002602,ORD_001496,PROD_0012,2,110.0
ITEM_0002603,ORD_001496,PROD_0002,1,199.99
ITEM_0002604,ORD_001497,PROD_0018,2,22.99
ITEM_0002605,ORD_001497,PROD_0016,1,39.99
ITEM_0002606,ORD_001497,PROD_0002,2,199.99
ITEM_0002607,ORD_001498,PROD_0004,2,49.99
ITEM_0002608,ORD_001499,PROD_0017,2,29.99
ITEM_0002609,ORD_001500,PROD_0020,1,85.0
ITEM_0002610,ORD_001501,PROD_0015,1,29.99
ITEM_0002611,ORD_001502,PROD_0005,1,39.99
ITEM_0002612,ORD_001502,PROD_0013,1,69.99
ITEM_0002613,ORD_001502,PROD_0011,1,149.99
ITEM_0002614,ORD_001502,PROD_0015,1,29.99
ITEM_0002615,ORD_001503,PROD_0002,1,199.99
ITEM_0002616,ORD_001504,PROD_0005,2,39.99
ITEM_0002617,ORD_001505,PROD_0006,1,89.99
ITEM_0002618,ORD_001505,PROD_0002,3,199.99
ITEM_0002619,ORD_001505,PROD_0009,2,34.99
ITEM_0002620,ORD_001505,PROD_0016,1,39.99
ITEM_0002621,ORD_001506,PROD_0011,3,149.99
ITEM_0002622,ORD_001506,PROD_0012,3,110.0
ITEM_0002623,ORD_001506,PROD_0016,2,39.99
ITEM_0002624,ORD_001507,PROD_0019,1,34.99
ITEM_0002625,ORD_001507,PROD_0017,1,29.99
ITEM_0002626,ORD_001508,PROD_0011,3,149.99
ITEM_0002627,ORD_001509,PROD_0009,1,34.99
ITEM_0002628,ORD_001510,PROD_0005,3,39.99
ITEM_0002629,ORD_001511,PROD_0019,1,34.99
ITEM_0002630,ORD_001512,PROD_0003,1,129.99
ITEM_0002631,ORD_001512,PROD_0011,2,149.99
ITEM_0002632,ORD_001512,PROD_0002,2,199.99
ITEM_0002633,ORD_001513,PROD_0008,3,119.99
ITEM_0002634,ORD_001514,PROD_0010,2,59.99
ITEM_0002635,ORD_001514,PROD_0008,3,119.99
ITEM_0002636,ORD_001514,PROD_0006,2,89.99
ITEM_0002637,ORD_001515,PROD_0001,2,79.99
ITEM_0002638,ORD_001516,PROD_0002,1,199.99
ITEM_0002639,ORD_001516,PROD_0001,2,79.99
ITEM_0002640,ORD_001517,PROD_0012,2,110.0
ITEM_0002641,ORD_001517,PROD_0019,2,34.99
ITEM_0002642,ORD_001518,PROD_0002,1,199.99
ITEM_0002643,ORD_001519,PROD_0019,1,34.99
ITEM_0002644,ORD_001520,PROD_0015,3,29.99
ITEM_0002645,ORD_001521,PROD_0008,2,119.99
ITEM_0002646,ORD_001522,PROD_0016,2,39.99
ITEM_0002647,ORD_001523,PROD_0008,1,119.99
ITEM_0002648,ORD_001523,PROD_0010,3,59.99
ITEM_0002649,ORD_001523,PROD_0011,1,149.99
ITEM_0002650,ORD_001524,PROD_0004,1,49.99
ITEM_0002651,ORD_001524,PROD_0005,3,39.99
ITEM_0002652,ORD_001525,PROD_0019,2,34.99
ITEM_0002653,ORD_001525,PROD_0008,1,119.99
ITEM_0002654,ORD_001526,PROD_0018,3,22.99
ITEM_0002655,ORD_001526,PROD_0019,1,34.99
ITEM_0002656,ORD_001526,PROD_0010,2,59.99
ITEM_0002657,ORD_001527,PROD_0002,1,199.99
ITEM_0002658,ORD_001528,PROD_0013,3,69.99
ITEM_0002659,ORD_001528,PROD_0011,3,149.99
ITEM_0002660,ORD_001529,PROD_0019,2,34.99
ITEM_0002661,ORD_001529,PROD_0006,2,89.99
ITEM_0002662,ORD_001529,PROD_0001,1,79.99
ITEM_0002663,ORD_001529,PROD_0020,1,85.0
ITEM_0002664,ORD_001530,PROD_0016,2,39.99
ITEM_0002665,ORD_001530,PROD_0009,1,34.99
ITEM_0002666,ORD_001531,PROD_0011,1,149.99
ITEM_0002667,ORD_001532,PROD_0005,2,39.99
ITEM_0002668,ORD_001533,PROD_0020,3,85.0
ITEM_0002669,ORD_001533,PROD_0007,2,24.99
ITEM_0002670,ORD_001533,PROD_0014,3,19.99
ITEM_0002671,ORD_001533,PROD_0002,2,199.99
ITEM_0002672,ORD_001534,PROD_0019,2,34.99
ITEM_0002673,ORD_001535,PROD_0011,2,149.99
ITEM_0002674,ORD_001535,PROD_0019,3,34.99
ITEM_0002675,ORD_001536,PROD_0019,3,34.99
ITEM_0002676,ORD_001536,PROD_0009,1,34.99
ITEM_0002677,ORD_001537,PROD_0001,2,79.99
ITEM_0002678,ORD_001538,PROD_0010,2,59.99
ITEM_0002679,ORD_001539,PROD_0010,3,59.99
ITEM_0002680,ORD_001539,PROD_0004,2,49.99
ITEM_0002681,ORD_001540,PROD_0014,2,19.99
ITEM_0002682,ORD_001541,PROD_0009,1,34.99
ITEM_0002683,ORD_001541,PROD_0006,2,89.99
ITEM_0002684,ORD_001541,PROD_0010,1,59.99
ITEM_0002685,ORD_001542,PROD_0010,3,59.99
ITEM_0002686,ORD_001543,PROD_0001,2,79.99
ITEM_0002687,ORD_001543,PROD_0008,2,119.99
ITEM_0002688,ORD_001543,PROD_0003,1,129.99
ITEM_0002689,ORD_001544,PROD_0016,2,39.99
ITEM_0002690,ORD_001544,PROD_0009,1,34.99
ITEM_0002691,ORD_001545,PROD_0009,1,34.99
ITEM_0002692,ORD_001545,PROD_0001,1,79.99
ITEM_0002693,ORD_001546,PROD_0018,2,22.99
ITEM_0002694,ORD_001546,PROD_0007,2,24.99
ITEM_0002695,ORD_001546,PROD_0016,2,39.99
ITEM_0002696,ORD_001547,PROD_0007,3,24.99
ITEM_0002697,ORD_001548,PROD_0016,2,39.99
ITEM_0002698,ORD_001549,PROD_0002,1,199.99
ITEM_0002699,ORD_001549,PROD_0015,3,29.99
ITEM_0002700,ORD_001549,PROD_0007,2,24.99
ITEM_0002701,ORD_001550,PROD_0001,1,79.99
ITEM_0002702,ORD_001550,PROD_0011,3,149.99
ITEM_0002703,ORD_001551,PROD_0016,1,39.99
ITEM_0002704,ORD_001552,PROD_0010,1,59.99
ITEM_0002705,ORD_001553,PROD_0005,2,39.99
ITEM_0002706,ORD_001553,PROD_0009,1,34.99
ITEM_0002707,ORD_001553,PROD_0013,3,69.99
ITEM_0002708,ORD_001554,PROD_0010,2,59.99
ITEM_0002709,ORD_001555,PROD_0005,1,39.99
ITEM_0002710,ORD_001556,PROD_0011,1,149.99
ITEM_0002711,ORD_001556,PROD_0020,1,85.0
ITEM_0002712,ORD_001556,PROD_0004,1,49.99
ITEM_0002713,ORD_001556,PROD_0006,2,89.99
ITEM_0002714,ORD_001557,PROD_0003,2,129.99
ITEM_0002715,ORD_001557,PROD_0018,3,22.99
ITEM_0002716,ORD_001558,PROD_0002,2,199.99
ITEM_0002717,ORD_001558,PROD_0010,3,59.99
ITEM_0002718,ORD_001558,PROD_0014,1,19.99
ITEM_0002719,ORD_001559,PROD_0019,2,34.99
ITEM_0002720,ORD_001559,PROD_0001,2,79.99
ITEM_0002721,ORD_001559,PROD_0004,3,49.99
ITEM_0002722,ORD_001560,PROD_0018,1,22.99
ITEM_0002723,ORD_001560,PROD_0008,3,119.99
ITEM_0002724,ORD_001561,PROD_0001,1,79.99
ITEM_0002725,ORD_001561,PROD_0016,3,39.99
ITEM_0002726,ORD_001561,PROD_0007,3,24.99
ITEM_0002727,ORD_001562,PROD_0017,2,29.99
ITEM_0002728,ORD_001563,PROD_0020,3,85.0
ITEM_0002729,ORD_001564,PROD_0019,2,34.99
ITEM_0002730,ORD_001565,PROD_0009,3,34.99
ITEM_0002731,ORD_001565,PROD_0016,1,39.99
ITEM_0002732,ORD_001566,PROD_0006,3,89.99
ITEM_0002733,ORD_001567,PROD_0008,3,119.99
ITEM_0002734,ORD_001568,PROD_0004,3,49.99
ITEM_0002735,ORD_001569,PROD_0004,1,49.99
ITEM_0002736,ORD_001570,PROD_0014,3,19.99
ITEM_0002737,ORD_001571,PROD_0005,1,39.99
ITEM_0002738,ORD_001572,PROD_0009,1,34.99
ITEM_0002739,ORD_001573,PROD_0002,2,199.99
ITEM_0002740,ORD_001574,PROD_0005,2,39.99
ITEM_0002741,ORD_001574,PROD_0010,3,59.99
ITEM_0002742,ORD_001574,PROD_0009,1,34.99
ITEM_0002743,ORD_001575,PROD_0008,2,119.99
ITEM_0002744,ORD_001576,PROD_0008,1,119.99
ITEM_0002745,ORD_001577,PROD_0018,1,22.99
ITEM_0002746,ORD_001578,PROD_0004,3,49.99
ITEM_0002747,ORD_001578,PROD_0009,2,34.99
ITEM_0002748,ORD_001579,PROD_0004,3,49.99
ITEM_0002749,ORD_001579,PROD_0008,3,119.99
ITEM_0002750,ORD_001579,PROD_0010,3,59.99
ITEM_0002751,ORD_001579,PROD_0009,1,34.99
ITEM_0002752,ORD_001580,PROD_0001,2,79.99
ITEM_0002753,ORD_001581,PROD_0006,3,89.99
ITEM_0002754,ORD_001582,PROD_0009,3,34.99
ITEM_0002755,ORD_001582,PROD_0019,3,34.99
ITEM_0002756,ORD_001583,PROD_0020,1,85.0
ITEM_0002757,ORD_001584,PROD_0008,1,119.99
ITEM_0002758,ORD_001585,PROD_0003,1,129.99
ITEM_0002759,ORD_001586,PROD_0014,1,19.99
ITEM_0002760,ORD_001587,PROD_0007,1,24.99
ITEM_0002761,ORD_001588,PROD_0009,1,34.99
ITEM_0002762,ORD_001589,PROD_0003,1,129.99
ITEM_0002763,ORD_001589,PROD_0009,2,34.99
ITEM_0002764,ORD_001590,PROD_0001,2,79.99
ITEM_0002765,ORD_001591,PROD_0019,2,34.99
ITEM_0002766,ORD_001591,PROD_0009,2,34.99
ITEM_0002767,ORD_001592,PROD_0004,3,49.99
ITEM_0002768,ORD_001593,PROD_0008,1,119.99
ITEM_0002769,ORD_001593,PROD_0002,2,199.99
ITEM_0002770,ORD_001593,PROD_0006,2,89.99
ITEM_0002771,ORD_001594,PROD_0002,2,199.99
ITEM_0002772,ORD_001594,PROD_0004,3,49.99
ITEM_0002773,ORD_001595,PROD_0014,1,19.99
ITEM_0002774,ORD_001595,PROD_0005,1,39.99
ITEM_0002775,ORD_001595,PROD_0003,2,129.99
ITEM_0002776,ORD_001596,PROD_0014,1,19.99
ITEM_0002777,ORD_001596,PROD_0004,1,49.99
ITEM_0002778,ORD_001597,PROD_0006,3,89.99
ITEM_0002779,ORD_001598,PROD_0019,3,34.99
ITEM_0002780,ORD_001598,PROD_0020,3,85.0
ITEM_0002781,ORD_001599,PROD_0020,2,85.0
ITEM_0002782,ORD_001600,PROD_0001,3,79.99
ITEM_0002783,ORD_001600,PROD_0007,2,24.99
ITEM_0002784,ORD_001601,PROD_0005,1,39.99
ITEM_0002785,ORD_001602,PROD_0019,1,34.99
ITEM_0002786,ORD_001602,PROD_0005,1,39.99
ITEM_0002787,ORD_001602,PROD_0002,1,199.99
ITEM_0002788,ORD_001603,PROD_0018,2,22.99
ITEM_0002789,ORD_001603,PROD_0003,3,129.99
ITEM_0002790,ORD_001603,PROD_0008,3,119.99
ITEM_0002791,ORD_001604,PROD_0005,2,39.99
ITEM_0002792,ORD_001605,PROD_0008,1,119.99
ITEM_0002793,ORD_001605,PROD_0003,2,129.99
ITEM_0002794,ORD_001605,PROD_0017,3,29.99
ITEM_0002795,ORD_001606,PROD_0015,1,29.99
ITEM_0002796,ORD_001606,PROD_0006,1,89.99
ITEM_0002797,ORD_001607,PROD_0001,3,79.99
ITEM_0002798,ORD_001607,PROD_0020,3,85.0
ITEM_0002799,ORD_001608,PROD_0016,1,39.99
ITEM_0002800,ORD_001608,PROD_0004,3,49.99
ITEM_0002801,ORD_001609,PROD_0012,3,110.0
ITEM_0002802,ORD_001609,PROD_0011,3,149.99
ITEM_0002803,ORD_001610,PROD_0018,3,22.99
ITEM_0002804,ORD_001611,PROD_0003,3,129.99
ITEM_0002805,ORD_001611,PROD_0005,1,39.99
ITEM_0002806,ORD_001612,PROD_0014,3,19.99
ITEM_0002807,ORD_001613,PROD_0008,1,119.99
ITEM_0002808,ORD_001614,PROD_0005,1,39.99
ITEM_0002809,ORD_001615,PROD_0017,2,29.99
ITEM_0002810,ORD_001615,PROD_0008,2,119.99
ITEM_0002811,ORD_001616,PROD_0002,3,199.99
ITEM_0002812,ORD_001617,PROD_0014,2,19.99
ITEM_0002813,ORD_001618,PROD_0017,2,29.99
ITEM_0002814,ORD_001618,PROD_0006,1,89.99
ITEM_0002815,ORD_001619,PROD_0017,3,29.99
ITEM_0002816,ORD_001620,PROD_0006,3,89.99
ITEM_0002817,ORD_001620,PROD_0018,1,22.99
ITEM_0002818,ORD_001621,PROD_0003,3,129.99
ITEM_0002819,ORD_001621,PROD_0013,1,69.99
ITEM_0002820,ORD_001622,PROD_0010,2,59.99
ITEM_0002821,ORD_001622,PROD_0006,2,89.99
ITEM_0002822,ORD_001623,PROD_0005,2,39.99
ITEM_0002823,ORD_001623,PROD_0012,2,110.0
ITEM_0002824,ORD_001623,PROD_0017,1,29.99
ITEM_0002825,ORD_001624,PROD_0013,2,69.99
ITEM_0002826,ORD_001625,PROD_0008,2,119.99
ITEM_0002827,ORD_001626,PROD_0001,2,79.99
ITEM_0002828,ORD_001627,PROD_0017,3,29.99
ITEM_0002829,ORD_001627,PROD_0019,1,34.99
ITEM_0002830,ORD_001627,PROD_0020,2,85.0
ITEM_0002831,ORD_001628,PROD_0006,2,89.99
ITEM_0002832,ORD_001628,PROD_0009,3,34.99
ITEM_0002833,ORD_001629,PROD_0011,2,149.99
ITEM_0002834,ORD_001629,PROD_0002,1,199.99
ITEM_0002835,ORD_001630,PROD_0012,2,110.0
ITEM_0002836,ORD_001630,PROD_0007,3,24.99
ITEM_0002837,ORD_001630,PROD_0017,1,29.99
ITEM_0002838,ORD_001630,PROD_0009,1,34.99
ITEM_0002839,ORD_001631,PROD_0020,3,85.0
ITEM_0002840,ORD_001632,PROD_0007,3,24.99
ITEM_0002841,ORD_001633,PROD_0013,1,69.99
ITEM_0002842,ORD_001634,PROD_0003,1,129.99
ITEM_0002843,ORD_001634,PROD_0017,2,29.99
ITEM_0002844,ORD_001635,PROD_0017,1,29.99
ITEM_0002845,ORD_001635,PROD_0001,1,79.99
ITEM_0002846,ORD_001636,PROD_0004,1,49.99
ITEM_0002847,ORD_001636,PROD_0018,1,22.99
ITEM_0002848,ORD_001637,PROD_0016,3,39.99
ITEM_0002849,ORD_001638,PROD_0001,1,79.99
ITEM_0002850,ORD_001638,PROD_0007,1,24.99
ITEM_0002851,ORD_001638,PROD_0013,1,69.99
ITEM_0002852,ORD_001639,PROD_0017,1,29.99
ITEM_0002853,ORD_001639,PROD_0019,1,34.99
ITEM_0002854,ORD_001639,PROD_0010,2,59.99
ITEM_0002855,ORD_001640,PROD_0019,1,34.99
ITEM_0002856,ORD_001640,PROD_0005,3,39.99
ITEM_0002857,ORD_001640,PROD_0014,3,19.99
ITEM_0002858,ORD_001641,PROD_0009,1,34.99
ITEM_0002859,ORD_001642,PROD_0010,3,59.99
ITEM_0002860,ORD_001642,PROD_0005,1,39.99
ITEM_0002861,ORD_001643,PROD_0011,2,149.99
ITEM_0002862,ORD_001644,PROD_0004,2,49.99
ITEM_0002863,ORD_001645,PROD_0007,2,24.99
ITEM_0002864,ORD_001645,PROD_0002,3,199.99
ITEM_0002865,ORD_001645,PROD_0017,1,29.99
ITEM_0002866,ORD_001646,PROD_0015,1,29.99
ITEM_0002867,ORD_001647,PROD_0011,3,149.99
ITEM_0002868,ORD_001648,PROD_0016,3,39.99
ITEM_0002869,ORD_001648,PROD_0020,1,85.0
ITEM_0002870,ORD_001649,PROD_0002,1,199.99
ITEM_0002871,ORD_001649,PROD_0004,3,49.99
ITEM_0002872,ORD_001650,PROD_0016,1,39.99
ITEM_0002873,ORD_001651,PROD_0012,1,110.0
ITEM_0002874,ORD_001652,PROD_0001,2,79.99
ITEM_0002875,ORD_001653,PROD_0006,2,89.99
ITEM_0002876,ORD_001654,PROD_0019,3,34.99
ITEM_0002877,ORD_001654,PROD_0014,2,19.99
ITEM_0002878,ORD_001655,PROD_0010,3,59.99
ITEM_0002879,ORD_001655,PROD_0005,3,39.99
ITEM_0002880,ORD_001655,PROD_0018,1,22.99
ITEM_0002881,ORD_001656,PROD_0001,3,79.99
ITEM_0002882,ORD_001657,PROD_0004,2,49.99
ITEM_0002883,ORD_001657,PROD_0006,3,89.99
ITEM_0002884,ORD_001657,PROD_0008,3,119.99
ITEM_0002885,ORD_001658,PROD_0001,3,79.99
ITEM_0002886,ORD_001658,PROD_0018,1,22.99
ITEM_0002887,ORD_001659,PROD_0006,3,89.99
ITEM_0002888,ORD_001659,PROD_0007,3,24.99
ITEM_0002889,ORD_001660,PROD_0012,1,110.0
ITEM_0002890,ORD_001660,PROD_0008,2,119.99
ITEM_0002891,ORD_001661,PROD_0004,2,49.99
ITEM_0002892,ORD_001661,PROD_0005,3,39.99
ITEM_0002893,ORD_001661,PROD_0014,2,19.99
ITEM_0002894,ORD_001661,PROD_0011,3,149.99
ITEM_0002895,ORD_001662,PROD_0003,2,129.99
ITEM_0002896,ORD_001662,PROD_0018,2,22.99
ITEM_0002897,ORD_001663,PROD_0016,1,39.99
ITEM_0002898,ORD_001664,PROD_0004,3,49.99
ITEM_0002899,ORD_001664,PROD_0009,1,34.99
ITEM_0002900,ORD_001665,PROD_0009,1,34.99
ITEM_0002901,ORD_001665,PROD_0002,1,199.99
ITEM_0002902,ORD_001665,PROD_0001,3,79.99
ITEM_0002903,ORD_001666,PROD_0013,2,69.99
ITEM_0002904,ORD_001667,PROD_0007,1,24.99
ITEM_0002905,ORD_001668,PROD_0020,1,85.0
ITEM_0002906,ORD_001668,PROD_0009,3,34.99
ITEM_0002907,ORD_001669,PROD_0006,3,89.99
ITEM_0002908,ORD_001670,PROD_0005,1,39.99
ITEM_0002909,ORD_001671,PROD_0016,2,39.99
ITEM_0002910,ORD_001672,PROD_0015,3,29.99
ITEM_0002911,ORD_001672,PROD_0005,1,39.99
ITEM_0002912,ORD_001673,PROD_0003,2,129.99
ITEM_0002913,ORD_001674,PROD_0020,3,85.0
ITEM_0002914,ORD_001674,PROD_0003,3,129.99
ITEM_0002915,ORD_001675,PROD_0007,2,24.99
ITEM_0002916,ORD_001675,PROD_0020,3,85.0
ITEM_0002917,ORD_001675,PROD_0015,1,29.99
ITEM_0002918,ORD_001675,PROD_0008,1,119.99
ITEM_0002919,ORD_001676,PROD_0003,1,129.99
ITEM_0002920,ORD_001677,PROD_0001,1,79.99
ITEM_0002921,ORD_001677,PROD_0013,3,69.99
ITEM_0002922,ORD_001678,PROD_0018,1,22.99
ITEM_0002923,ORD_001679,PROD_0018,3,22.99
ITEM_0002924,ORD_001680,PROD_0005,1,39.99
ITEM_0002925,ORD_001681,PROD_0002,3,199.99
ITEM_0002926,ORD_001682,PROD_0004,3,49.99
ITEM_0002927,ORD_001683,PROD_0006,3,89.99
ITEM_0002928,ORD_001684,PROD_0007,1,24.99
ITEM_0002929,ORD_001685,PROD_0016,3,39.99
ITEM_0002930,ORD_001685,PROD_0015,1,29.99
ITEM_0002931,ORD_001686,PROD_0011,1,149.99
ITEM_0002932,ORD_001687,PROD_0019,2,34.99
ITEM_0002933,ORD_001688,PROD_0002,2,199.99
ITEM_0002934,ORD_001689,PROD_0001,1,79.99
ITEM_0002935,ORD_001689,PROD_0012,3,110.0
ITEM_0002936,ORD_001689,PROD_0020,1,85.0
ITEM_0002937,ORD_001690,PROD_0006,1,89.99
ITEM_0002938,ORD_001691,PROD_0004,3,49.99
ITEM_0002939,ORD_001691,PROD_0009,1,34.99
ITEM_0002940,ORD_001691,PROD_0013,1,69.99
ITEM_0002941,ORD_001691,PROD_0005,3,39.99
ITEM_0002942,ORD_001692,PROD_0015,3,29.99
ITEM_0002943,ORD_001693,PROD_0014,2,19.99
ITEM_0002944,ORD_001694,PROD_0005,3,39.99
ITEM_0002945,ORD_001694,PROD_0002,3,199.99
ITEM_0002946,ORD_001694,PROD_0011,2,149.99
ITEM_0002947,ORD_001694,PROD_0019,3,34.99
ITEM_0002948,ORD_001695,PROD_0010,3,59.99
ITEM_0002949,ORD_001696,PROD_0003,3,129.99
ITEM_0002950,ORD_001696,PROD_0020,3,85.0
ITEM_0002951,ORD_001697,PROD_0015,3,29.99
ITEM_0002952,ORD_001697,PROD_0003,2,129.99
ITEM_0002953,ORD_001698,PROD_0006,2,89.99
ITEM_0002954,ORD_001699,PROD_0015,2,29.99
ITEM_0002955,ORD_001700,PROD_0019,1,34.99
ITEM_0002956,ORD_001700,PROD_0014,2,19.99
ITEM_0002957,ORD_001700,PROD_0017,3,29.99
ITEM_0002958,ORD_001701,PROD_0002,3,199.99
ITEM_0002959,ORD_001701,PROD_0018,3,22.99
ITEM_0002960,ORD_001701,PROD_0011,1,149.99
ITEM_0002961,ORD_001701,PROD_0017,2,29.99
ITEM_0002962,ORD_001702,PROD_0012,3,110.0
ITEM_0002963,ORD_001702,PROD_0013,2,69.99
ITEM_0002964,ORD_001702,PROD_0019,3,34.99
ITEM_0002965,ORD_001703,PROD_0009,2,34.99
ITEM_0002966,ORD_001704,PROD_0013,3,69.99
ITEM_0002967,ORD_001704,PROD_0015,2,29.99
ITEM_0002968,ORD_001704,PROD_0020,1,85.0
ITEM_0002969,ORD_001705,PROD_0018,3,22.99
ITEM_0002970,ORD_001705,PROD_0019,1,34.99
ITEM_0002971,ORD_001705,PROD_0009,2,34.99
ITEM_0002972,ORD_001705,PROD_0013,2,69.99
ITEM_0002973,ORD_001706,PROD_0011,1,149.99
ITEM_0002974,ORD_001706,PROD_0006,2,89.99
ITEM_0002975,ORD_001707,PROD_0019,2,34.99
ITEM_0002976,ORD_001708,PROD_0008,3,119.99
ITEM_0002977,ORD_001709,PROD_0016,3,39.99
ITEM_0002978,ORD_001710,PROD_0016,1,39.99
ITEM_0002979,ORD_001711,PROD_0004,2,49.99
ITEM_0002980,ORD_001711,PROD_0017,3,29.99
ITEM_0002981,ORD_001712,PROD_0011,1,149.99
ITEM_0002982,ORD_001713,PROD_0010,2,59.99
ITEM_0002983,ORD_001714,PROD_0007,3,24.99
ITEM_0002984,ORD_001715,PROD_0017,2,29.99
ITEM_0002985,ORD_001716,PROD_0020,2,85.0
ITEM_0002986,ORD_001717,PROD_0006,1,89.99
ITEM_0002987,ORD_001717,PROD_0015,3,29.99
ITEM_0002988,ORD_001718,PROD_0020,2,85.0
ITEM_0002989,ORD_001718,PROD_0005,1,39.99
ITEM_0002990,ORD_001719,PROD_0012,3,110.0
ITEM_0002991,ORD_001719,PROD_0013,2,69.99
ITEM_0002992,ORD_001720,PROD_0019,2,34.99
ITEM_0002993,ORD_001720,PROD_0017,2,29.99
ITEM_0002994,ORD_001720,PROD_0014,1,19.99
ITEM_0002995,ORD_001721,PROD_0011,3,149.99
ITEM_0002996,ORD_001722,PROD_0012,1,110.0
ITEM_0002997,ORD_001722,PROD_0011,3,149.99
ITEM_0002998,ORD_001723,PROD_0003,1,129.99
ITEM_0002999,ORD_001723,PROD_0014,1,19.99
ITEM_0003000,ORD_001723,PROD_0011,1,149.99
ITEM_0003001,ORD_001724,PROD_0019,3,34.99
ITEM_0003002,ORD_001724,PROD_0008,1,119.99
ITEM_0003003,ORD_001725,PROD_0001,1,79.99
ITEM_0003004,ORD_001726,PROD_0018,2,22.99
ITEM_0003005,ORD_001726,PROD_0006,2,89.99
ITEM_0003006,ORD_001727,PROD_0013,1,69.99
ITEM_0003007,ORD_001727,PROD_0019,2,34.99
ITEM_0003008,ORD_001728,PROD_0008,1,119.99
ITEM_0003009,ORD_001728,PROD_0014,3,19.99
ITEM_0003010,ORD_001728,PROD_0015,1,29.99
ITEM_0003011,ORD_001728,PROD_0018,1,22.99
ITEM_0003012,ORD_001729,PROD_0012,1,110.0
ITEM_0003013,ORD_001729,PROD_0010,1,59.99
ITEM_0003014,ORD_001730,PROD_0007,1,24.99
ITEM_0003015,ORD_001730,PROD_0003,3,129.99
ITEM_0003016,ORD_001731,PROD_0013,3,69.99
ITEM_0003017,ORD_001732,PROD_0007,2,24.99
ITEM_0003018,ORD_001733,PROD_0013,1,69.99
ITEM_0003019,ORD_001733,PROD_0017,1,29.99
ITEM_0003020,ORD_001734,PROD_0009,3,34.99
ITEM_0003021,ORD_001735,PROD_0019,3,34.99
ITEM_0003022,ORD_001736,PROD_0013,2,69.99
ITEM_0003023,ORD_001736,PROD_0018,1,22.99
ITEM_0003024,ORD_001737,PROD_0004,3,49.99
ITEM_0003025,ORD_001737,PROD_0016,1,39.99
ITEM_0003026,ORD_001738,PROD_0019,1,34.99
ITEM_0003027,ORD_001738,PROD_0020,1,85.0
ITEM_0003028,ORD_001739,PROD_0007,2,24.99
ITEM_0003029,ORD_001739,PROD_0014,3,19.99
ITEM_0003030,ORD_001739,PROD_0006,3,89.99
ITEM_0003031,ORD_001740,PROD_0018,2,22.99
ITEM_0003032,ORD_001741,PROD_0019,2,34.99
ITEM_0003033,ORD_001741,PROD_0018,1,22.99
ITEM_0003034,ORD_001741,PROD_0007,2,24.99
ITEM_0003035,ORD_001741,PROD_0011,3,149.99
ITEM_0003036,ORD_001742,PROD_0016,1,39.99
ITEM_0003037,ORD_001742,PROD_0008,1,119.99
ITEM_0003038,ORD_001743,PROD_0019,3,34.99
ITEM_0003039,ORD_001743,PROD_0016,2,39.99
ITEM_0003040,ORD_001743,PROD_0004,1,49.99
ITEM_0003041,ORD_001744,PROD_0002,2,199.99
ITEM_0003042,ORD_001745,PROD_0016,3,39.99
ITEM_0003043,ORD_001746,PROD_0005,1,39.99
ITEM_0003044,ORD_001747,PROD_0002,1,199.99
ITEM_0003045,ORD_001747,PROD_0018,2,22.99
ITEM_0003046,ORD_001748,PROD_0015,2,29.99
ITEM_0003047,ORD_001748,PROD_0017,2,29.99
ITEM_0003048,ORD_001749,PROD_0012,3,110.0
ITEM_0003049,ORD_001749,PROD_0017,3,29.99
ITEM_0003050,ORD_001750,PROD_0009,3,34.99
ITEM_0003051,ORD_001751,PROD_0019,1,34.99
ITEM_0003052,ORD_001751,PROD_0011,1,149.99
ITEM_0003053,ORD_001751,PROD_0004,3,49.99
ITEM_0003054,ORD_001752,PROD_0019,3,34.99
ITEM_0003055,ORD_001752,PROD_0006,1,89.99
ITEM_0003056,ORD_001753,PROD_0017,1,29.99
ITEM_0003057,ORD_001754,PROD_0016,2,39.99
ITEM_0003058,ORD_001755,PROD_0005,1,39.99
ITEM_0003059,ORD_001756,PROD_0015,1,29.99
ITEM_0003060,ORD_001756,PROD_0014,3,19.99
ITEM_0003061,ORD_001756,PROD_0020,3,85.0
ITEM_0003062,ORD_001757,PROD_0013,1,69.99
ITEM_0003063,ORD_001758,PROD_0011,2,149.99
ITEM_0003064,ORD_001759,PROD_0007,2,24.99
ITEM_0003065,ORD_001759,PROD_0002,2,199.99
ITEM_0003066,ORD_001759,PROD_0010,1,59.99
ITEM_0003067,ORD_001760,PROD_0010,2,59.99
ITEM_0003068,ORD_001761,PROD_0018,1,22.99
ITEM_0003069,ORD_001762,PROD_0011,2,149.99
ITEM_0003070,ORD_001762,PROD_0005,1,39.99
ITEM_0003071,ORD_001763,PROD_0012,1,110.0
ITEM_0003072,ORD_001763,PROD_0013,3,69.99
ITEM_0003073,ORD_001763,PROD_0003,3,129.99
ITEM_0003074,ORD_001764,PROD_0019,1,34.99
ITEM_0003075,ORD_001765,PROD_0007,2,24.99
ITEM_0003076,ORD_001766,PROD_0005,1,39.99
ITEM_0003077,ORD_001767,PROD_0016,2,39.99
ITEM_0003078,ORD_001768,PROD_0016,3,39.99
ITEM_0003079,ORD_001769,PROD_0003,2,129.99
ITEM_0003080,ORD_001769,PROD_0014,1,19.99
ITEM_0003081,ORD_001770,PROD_0004,3,49.99
ITEM_0003082,ORD_001770,PROD_0011,3,149.99
ITEM_0003083,ORD_001771,PROD_0010,1,59.99
ITEM_0003084,ORD_001771,PROD_0002,3,199.99
ITEM_0003085,ORD_001772,PROD_0015,1,29.99
ITEM_0003086,ORD_001772,PROD_0012,2,110.0
ITEM_0003087,ORD_001773,PROD_0012,1,110.0
ITEM_0003088,ORD_001773,PROD_0020,2,85.0
ITEM_0003089,ORD_001774,PROD_0009,1,34.99
ITEM_0003090,ORD_001775,PROD_0017,3,29.99
ITEM_0003091,ORD_001775,PROD_0004,2,49.99
ITEM_0003092,ORD_001776,PROD_0009,2,34.99
ITEM_0003093,ORD_001777,PROD_0004,2,49.99
ITEM_0003094,ORD_001778,PROD_0004,2,49.99
ITEM_0003095,ORD_001779,PROD_0015,2,29.99
ITEM_0003096,ORD_001780,PROD_0002,2,199.99
ITEM_0003097,ORD_001781,PROD_0006,2,89.99
ITEM_0003098,ORD_001781,PROD_0004,1,49.99
ITEM_0003099,ORD_001781,PROD_0007,2,24.99
ITEM_0003100,ORD_001782,PROD_0015,2,29.99
ITEM_0003101,ORD_001782,PROD_0014,2,19.99
ITEM_0003102,ORD_001783,PROD_0011,2,149.99
ITEM_0003103,ORD_001783,PROD_0007,1,24.99
ITEM_0003104,ORD_001784,PROD_0013,1,69.99
ITEM_0003105,ORD_001784,PROD_0014,3,19.99
ITEM_0003106,ORD_001784,PROD_0005,1,39.99
ITEM_0003107,ORD_001785,PROD_0001,2,79.99
ITEM_0003108,ORD_001785,PROD_0002,1,199.99
ITEM_0003109,ORD_001785,PROD_0019,2,34.99
ITEM_0003110,ORD_001786,PROD_0003,2,129.99
ITEM_0003111,ORD_001786,PROD_0004,3,49.99
ITEM_0003112,ORD_001787,PROD_0009,3,34.99
ITEM_0003113,ORD_001788,PROD_0009,3,34.99
ITEM_0003114,ORD_001788,PROD_0019,3,34.99
ITEM_0003115,ORD_001789,PROD_0020,3,85.0
ITEM_0003116,ORD_001790,PROD_0017,1,29.99
ITEM_0003117,ORD_001790,PROD_0016,2,39.99
ITEM_0003118,ORD_001791,PROD_0014,3,19.99
ITEM_0003119,ORD_001792,PROD_0004,2,49.99
ITEM_0003120,ORD_001792,PROD_0005,2,39.99
ITEM_0003121,ORD_001792,PROD_0007,3,24.99
ITEM_0003122,ORD_001793,PROD_0011,3,149.99
ITEM_0003123,ORD_001793,PROD_0014,3,19.99
ITEM_0003124,ORD_001793,PROD_0006,3,89.99
ITEM_0003125,ORD_001794,PROD_0020,1,85.0
ITEM_0003126,ORD_001794,PROD_0015,2,29.99
ITEM_0003127,ORD_001794,PROD_0001,3,79.99
ITEM_0003128,ORD_001795,PROD_0017,1,29.99
ITEM_0003129,ORD_001796,PROD_0001,2,79.99
ITEM_0003130,ORD_001796,PROD_0009,3,34.99
ITEM_0003131,ORD_001796,PROD_0004,3,49.99
ITEM_0003132,ORD_001797,PROD_0017,1,29.99
ITEM_0003133,ORD_001797,PROD_0019,2,34.99
ITEM_0003134,ORD_001798,PROD_0017,1,29.99
ITEM_0003135,ORD_001798,PROD_0019,3,34.99
ITEM_0003136,ORD_001798,PROD_0010,2,59.99
ITEM_0003137,ORD_001799,PROD_0006,3,89.99
ITEM_0003138,ORD_001799,PROD_0004,3,49.99
ITEM_0003139,ORD_001800,PROD_0017,1,29.99
ITEM_0003140,ORD_001800,PROD_0012,2,110.0
ITEM_0003141,ORD_001800,PROD_0015,3,29.99
ITEM_0003142,ORD_001800,PROD_0001,1,79.99
ITEM_0003143,ORD_001801,PROD_0003,3,129.99
ITEM_0003144,ORD_001802,PROD_0003,3,129.99
ITEM_0003145,ORD_001803,PROD_0020,2,85.0
ITEM_0003146,ORD_001803,PROD_0014,3,19.99
ITEM_0003147,ORD_001804,PROD_0016,1,39.99
ITEM_0003148,ORD_001804,PROD_0002,3,199.99
ITEM_0003149,ORD_001804,PROD_0009,1,34.99
ITEM_0003150,ORD_001805,PROD_0012,3,110.0
ITEM_0003151,ORD_001806,PROD_0018,3,22.99
ITEM_0003152,ORD_001807,PROD_0015,1,29.99
ITEM_0003153,ORD_001807,PROD_0019,2,34.99
ITEM_0003154,ORD_001808,PROD_0010,3,59.99
ITEM_0003155,ORD_001808,PROD_0013,2,69.99
ITEM_0003156,ORD_001808,PROD_0019,1,34.99
ITEM_0003157,ORD_001809,PROD_0003,3,129.99
ITEM_0003158,ORD_001810,PROD_0012,2,110.0
ITEM_0003159,ORD_001811,PROD_0019,2,34.99
ITEM_0003160,ORD_001812,PROD_0014,1,19.99
ITEM_0003161,ORD_001812,PROD_0005,3,39.99
ITEM_0003162,ORD_001813,PROD_0001,2,79.99
ITEM_0003163,ORD_001814,PROD_0008,1,119.99
ITEM_0003164,ORD_001814,PROD_0012,3,110.0
ITEM_0003165,ORD_001815,PROD_0014,1,19.99
ITEM_0003166,ORD_001816,PROD_0004,1,49.99
ITEM_0003167,ORD_001816,PROD_0013,2,69.99
ITEM_0003168,ORD_001817,PROD_0009,2,34.99
ITEM_0003169,ORD_001818,PROD_0010,1,59.99
ITEM_0003170,ORD_001818,PROD_0009,2,34.99
ITEM_0003171,ORD_001818,PROD_0001,3,79.99
ITEM_0003172,ORD_001819,PROD_0017,3,29.99
ITEM_0003173,ORD_001820,PROD_0018,2,22.99
ITEM_0003174,ORD_001820,PROD_0020,3,85.0
ITEM_0003175,ORD_001821,PROD_0009,1,34.99
ITEM_0003176,ORD_001822,PROD_0013,3,69.99
ITEM_0003177,ORD_001823,PROD_0008,3,119.99
ITEM_0003178,ORD_001823,PROD_0019,2,34.99
ITEM_0003179,ORD_001824,PROD_0003,2,129.99
ITEM_0003180,ORD_001824,PROD_0011,3,149.99
ITEM_0003181,ORD_001825,PROD_0020,2,85.0
ITEM_0003182,ORD_001825,PROD_0006,1,89.99
ITEM_0003183,ORD_001826,PROD_0004,2,49.99
ITEM_0003184,ORD_001827,PROD_0018,1,22.99
ITEM_0003185,ORD_001827,PROD_0020,2,85.0
ITEM_0003186,ORD_001827,PROD_0013,3,69.99
ITEM_0003187,ORD_001828,PROD_0009,2,34.99
ITEM_0003188,ORD_001828,PROD_0011,2,149.99
ITEM_0003189,ORD_001829,PROD_0019,3,34.99
ITEM_0003190,ORD_001829,PROD_0010,2,59.99
ITEM_0003191,ORD_001830,PROD_0013,2,69.99
ITEM_0003192,ORD_001830,PROD_0009,2,34.99
ITEM_0003193,ORD_001830,PROD_0018,1,22.99
ITEM_0003194,ORD_001831,PROD_0001,2,79.99
ITEM_0003195,ORD_001832,PROD_0001,1,79.99
ITEM_0003196,ORD_001832,PROD_0019,1,34.99
ITEM_0003197,ORD_001833,PROD_0005,2,39.99
ITEM_0003198,ORD_001834,PROD_0006,1,89.99
ITEM_0003199,ORD_001834,PROD_0014,2,19.99
ITEM_0003200,ORD_001834,PROD_0011,3,149.99
ITEM_0003201,ORD_001835,PROD_0002,1,199.99
ITEM_0003202,ORD_001836,PROD_0010,2,59.99
ITEM_0003203,ORD_001837,PROD_0011,1,149.99
ITEM_0003204,ORD_001838,PROD_0004,2,49.99
ITEM_0003205,ORD_001839,PROD_0002,2,199.99
ITEM_0003206,ORD_001839,PROD_0001,3,79.99
ITEM_0003207,ORD_001840,PROD_0018,3,22.99
ITEM_0003208,ORD_001840,PROD_0005,3,39.99
ITEM_0003209,ORD_001841,PROD_0001,2,79.99
ITEM_0003210,ORD_001841,PROD_0009,1,34.99
ITEM_0003211,ORD_001841,PROD_0015,3,29.99
ITEM_0003212,ORD_001842,PROD_0004,3,49.99
ITEM_0003213,ORD_001843,PROD_0016,3,39.99
ITEM_0003214,ORD_001843,PROD_0011,3,149.99
ITEM_0003215,ORD_001844,PROD_0018,2,22.99
ITEM_0003216,ORD_001845,PROD_0004,3,49.99
ITEM_0003217,ORD_001846,PROD_0009,2,34.99
ITEM_0003218,ORD_001846,PROD_0002,2,199.99
ITEM_0003219,ORD_001847,PROD_0011,1,149.99
ITEM_0003220,ORD_001847,PROD_0005,1,39.99
ITEM_0003221,ORD_001848,PROD_0010,1,59.99
ITEM_0003222,ORD_001848,PROD_0018,1,22.99
ITEM_0003223,ORD_001848,PROD_0016,3,39.99
ITEM_0003224,ORD_001848,PROD_0003,2,129.99
ITEM_0003225,ORD_001849,PROD_0016,3,39.99
ITEM_0003226,ORD_001849,PROD_0006,2,89.99
ITEM_0003227,ORD_001850,PROD_0012,2,110.0
ITEM_0003228,ORD_001850,PROD_0001,1,79.99
ITEM_0003229,ORD_001850,PROD_0018,1,22.99
ITEM_0003230,ORD_001851,PROD_0002,3,199.99
ITEM_0003231,ORD_001851,PROD_0013,3,69.99
ITEM_0003232,ORD_001852,PROD_0008,1,119.99
ITEM_0003233,ORD_001852,PROD_0011,3,149.99
ITEM_0003234,ORD_001853,PROD_0013,2,69.99
ITEM_0003235,ORD_001854,PROD_0006,3,89.99
ITEM_0003236,ORD_001855,PROD_0002,2,199.99
ITEM_0003237,ORD_001856,PROD_0007,1,24.99
ITEM_0003238,ORD_001856,PROD_0015,3,29.99
ITEM_0003239,ORD_001857,PROD_0004,3,49.99
ITEM_0003240,ORD_001857,PROD_0005,3,39.99
ITEM_0003241,ORD_001858,PROD_0020,3,85.0
ITEM_0003242,ORD_001859,PROD_0020,3,85.0
ITEM_0003243,ORD_001859,PROD_0002,1,199.99
ITEM_0003244,ORD_001859,PROD_0010,2,59.99
ITEM_0003245,ORD_001860,PROD_0009,3,34.99
ITEM_0003246,ORD_001860,PROD_0013,3,69.99
ITEM_0003247,ORD_001861,PROD_0006,3,89.99
ITEM_0003248,ORD_001861,PROD_0009,1,34.99
ITEM_0003249,ORD_001862,PROD_0008,3,119.99
ITEM_0003250,ORD_001862,PROD_0019,3,34.99
ITEM_0003251,ORD_001863,PROD_0006,3,89.99
ITEM_0003252,ORD_001864,PROD_0018,1,22.99
ITEM_0003253,ORD_001864,PROD_0007,1,24.99
ITEM_0003254,ORD_001865,PROD_0001,2,79.99
ITEM_0003255,ORD_001866,PROD_0001,3,79.99
ITEM_0003256,ORD_001867,PROD_0001,1,79.99
ITEM_0003257,ORD_001868,PROD_0008,3,119.99
ITEM_0003258,ORD_001869,PROD_0002,3,199.99
ITEM_0003259,ORD_001869,PROD_0016,1,39.99
ITEM_0003260,ORD_001870,PROD_0019,1,34.99
ITEM_0003261,ORD_001871,PROD_0001,2,79.99
ITEM_0003262,ORD_001871,PROD_0015,2,29.99
ITEM_0003263,ORD_001872,PROD_0015,2,29.99
ITEM_0003264,ORD_001872,PROD_0003,2,129.99
ITEM_0003265,ORD_001873,PROD_0003,2,129.99
ITEM_0003266,ORD_001874,PROD_0008,3,119.99
ITEM_0003267,ORD_001875,PROD_0019,3,34.99
ITEM_0003268,ORD_001875,PROD_0009,3,34.99
ITEM_0003269,ORD_001876,PROD_0014,3,19.99
ITEM_0003270,ORD_001876,PROD_0020,1,85.0
ITEM_0003271,ORD_001877,PROD_0020,2,85.0
ITEM_0003272,ORD_001877,PROD_0013,1,69.99
ITEM_0003273,ORD_001878,PROD_0018,1,22.99
ITEM_0003274,ORD_001879,PROD_0001,1,79.99
ITEM_0003275,ORD_001880,PROD_0013,1,69.99
ITEM_0003276,ORD_001880,PROD_0001,1,79.99
ITEM_0003277,ORD_001881,PROD_0012,3,110.0
ITEM_0003278,ORD_001882,PROD_0003,2,129.99
ITEM_0003279,ORD_001883,PROD_0012,2,110.0
ITEM_0003280,ORD_001883,PROD_0011,2,149.99
ITEM_0003281,ORD_001884,PROD_0005,3,39.99
ITEM_0003282,ORD_001885,PROD_0018,3,22.99
ITEM_0003283,ORD_001886,PROD_0006,2,89.99
ITEM_0003284,ORD_001887,PROD_0002,2,199.99
ITEM_0003285,ORD_001888,PROD_0012,2,110.0
ITEM_0003286,ORD_001888,PROD_0010,3,59.99
ITEM_0003287,ORD_001888,PROD_0020,1,85.0
ITEM_0003288,ORD_001889,PROD_0012,1,110.0
ITEM_0003289,ORD_001890,PROD_0008,2,119.99
ITEM_0003290,ORD_001890,PROD_0011,1,149.99
ITEM_0003291,ORD_001891,PROD_0016,2,39.99
ITEM_0003292,ORD_001891,PROD_0006,3,89.99
ITEM_0003293,ORD_001891,PROD_0017,2,29.99
ITEM_0003294,ORD_001892,PROD_0017,3,29.99
ITEM_0003295,ORD_001893,PROD_0014,2,19.99
ITEM_0003296,ORD_001894,PROD_0012,1,110.0
ITEM_0003297,ORD_001895,PROD_0020,1,85.0
ITEM_0003298,ORD_001895,PROD_0006,2,89.99
ITEM_0003299,ORD_001895,PROD_0015,1,29.99
ITEM_0003300,ORD_001895,PROD_0004,3,49.99
ITEM_0003301,ORD_001896,PROD_0015,1,29.99
ITEM_0003302,ORD_001897,PROD_0014,1,19.99
ITEM_0003303,ORD_001898,PROD_0003,3,129.99
ITEM_0003304,ORD_001898,PROD_0017,2,29.99
ITEM_0003305,ORD_001898,PROD_0010,1,59.99
ITEM_0003306,ORD_001899,PROD_0014,2,19.99
ITEM_0003307,ORD_001899,PROD_0019,2,34.99
ITEM_0003308,ORD_001900,PROD_0004,2,49.99
ITEM_0003309,ORD_001900,PROD_0014,3,19.99
ITEM_0003310,ORD_001900,PROD_0003,1,129.99
ITEM_0003311,ORD_001900,PROD_0017,1,29.99
ITEM_0003312,ORD_001901,PROD_0002,3,199.99
ITEM_0003313,ORD_001902,PROD_0003,2,129.99
ITEM_0003314,ORD_001902,PROD_0015,2,29.99
ITEM_0003315,ORD_001903,PROD_0005,3,39.99
ITEM_0003316,ORD_001903,PROD_0014,2,19.99
ITEM_0003317,ORD_001903,PROD_0017,1,29.99
ITEM_0003318,ORD_001904,PROD_0018,2,22.99
ITEM_0003319,ORD_001905,PROD_0010,2,59.99
ITEM_0003320,ORD_001906,PROD_0010,2,59.99
ITEM_0003321,ORD_001906,PROD_0013,2,69.99
ITEM_0003322,ORD_001906,PROD_0005,2,39.99
ITEM_0003323,ORD_001906,PROD_0002,3,199.99
ITEM_0003324,ORD_001907,PROD_0011,2,149.99
ITEM_0003325,ORD_001908,PROD_0001,2,79.99
ITEM_0003326,ORD_001909,PROD_0010,1,59.99
ITEM_0003327,ORD_001910,PROD_0004,1,49.99
ITEM_0003328,ORD_001910,PROD_0015,2,29.99
ITEM_0003329,ORD_001910,PROD_0017,2,29.99
ITEM_0003330,ORD_001910,PROD_0013,3,69.99
ITEM_0003331,ORD_001911,PROD_0006,2,89.99
ITEM_0003332,ORD_001912,PROD_0009,1,34.99
ITEM_0003333,ORD_001913,PROD_0015,1,29.99
ITEM_0003334,ORD_001914,PROD_0002,1,199.99
ITEM_0003335,ORD_001914,PROD_0003,3,129.99
ITEM_0003336,ORD_001915,PROD_0019,1,34.99
ITEM_0003337,ORD_001915,PROD_0009,2,34.99
ITEM_0003338,ORD_001915,PROD_0015,1,29.99
ITEM_0003339,ORD_001915,PROD_0011,2,149.99
ITEM_0003340,ORD_001916,PROD_0018,3,22.99
ITEM_0003341,ORD_001917,PROD_0003,1,129.99
ITEM_0003342,ORD_001917,PROD_0002,2,199.99
ITEM_0003343,ORD_001917,PROD_0001,3,79.99
ITEM_0003344,ORD_001918,PROD_0004,1,49.99
ITEM_0003345,ORD_001918,PROD_0001,2,79.99
ITEM_0003346,ORD_001918,PROD_0009,1,34.99
ITEM_0003347,ORD_001919,PROD_0010,1,59.99
ITEM_0003348,ORD_001919,PROD_0003,3,129.99
ITEM_0003349,ORD_001919,PROD_0019,2,34.99
ITEM_0003350,ORD_001919,PROD_0020,3,85.0
ITEM_0003351,ORD_001920,PROD_0008,2,119.99
ITEM_0003352,ORD_001921,PROD_0002,3,199.99
ITEM_0003353,ORD_001922,PROD_0013,1,69.99
ITEM_0003354,ORD_001922,PROD_0019,3,34.99
ITEM_0003355,ORD_001923,PROD_0008,3,119.99
ITEM_0003356,ORD_001924,PROD_0007,1,24.99
ITEM_0003357,ORD_001924,PROD_0020,1,85.0
ITEM_0003358,ORD_001924,PROD_0010,1,59.99
ITEM_0003359,ORD_001925,PROD_0006,1,89.99
ITEM_0003360,ORD_001926,PROD_0003,1,129.99
ITEM_0003361,ORD_001926,PROD_0016,2,39.99
ITEM_0003362,ORD_001926,PROD_0007,1,24.99
ITEM_0003363,ORD_001927,PROD_0006,3,89.99
ITEM_0003364,ORD_001927,PROD_0019,3,34.99
ITEM_0003365,ORD_001928,PROD_0008,1,119.99
ITEM_0003366,ORD_001929,PROD_0014,1,19.99
ITEM_0003367,ORD_001930,PROD_0014,1,19.99
ITEM_0003368,ORD_001930,PROD_0017,1,29.99
ITEM_0003369,ORD_001931,PROD_0005,3,39.99
ITEM_0003370,ORD_001932,PROD_0019,3,34.99
ITEM_0003371,ORD_001932,PROD_0018,1,22.99
ITEM_0003372,ORD_001933,PROD_0014,1,19.99
ITEM_0003373,ORD_001933,PROD_0010,1,59.99
ITEM_0003374,ORD_001934,PROD_0005,1,39.99
ITEM_0003375,ORD_001934,PROD_0015,2,29.99
ITEM_0003376,ORD_001934,PROD_0012,2,110.0
ITEM_0003377,ORD_001935,PROD_0001,1,79.99
ITEM_0003378,ORD_001935,PROD_0015,1,29.99
ITEM_0003379,ORD_001936,PROD_0014,3,19.99
ITEM_0003380,ORD_001937,PROD_0017,2,29.99
ITEM_0003381,ORD_001938,PROD_0004,3,49.99
ITEM_0003382,ORD_001939,PROD_0018,2,22.99
ITEM_0003383,ORD_001940,PROD_0006,2,89.99
ITEM_0003384,ORD_001940,PROD_0004,1,49.99
ITEM_0003385,ORD_001940,PROD_0013,2,69.99
ITEM_0003386,ORD_001940,PROD_0017,3,29.99
ITEM_0003387,ORD_001941,PROD_0013,1,69.99
ITEM_0003388,ORD_001941,PROD_0005,3,39.99
ITEM_0003389,ORD_001942,PROD_0004,1,49.99
ITEM_0003390,ORD_001942,PROD_0017,1,29.99
ITEM_0003391,ORD_001942,PROD_0005,1,39.99
ITEM_0003392,ORD_001943,PROD_0018,3,22.99
ITEM_0003393,ORD_001943,PROD_0005,1,39.99
ITEM_0003394,ORD_001944,PROD_0016,3,39.99
ITEM_0003395,ORD_001945,PROD_0014,3,19.99
ITEM_0003396,ORD_001946,PROD_0001,1,79.99
ITEM_0003397,ORD_001947,PROD_0008,2,119.99
ITEM_0003398,ORD_001947,PROD_0005,2,39.99
ITEM_0003399,ORD_001948,PROD_0008,1,119.99
ITEM_0003400,ORD_001948,PROD_0012,2,110.0
ITEM_0003401,ORD_001948,PROD_0007,2,24.99
ITEM_0003402,ORD_001949,PROD_0007,2,24.99
ITEM_0003403,ORD_001950,PROD_0015,1,29.99
ITEM_0003404,ORD_001950,PROD_0020,3,85.0
ITEM_0003405,ORD_001950,PROD_0019,3,34.99
ITEM_0003406,ORD_001951,PROD_0006,2,89.99
ITEM_0003407,ORD_001951,PROD_0003,2,129.99
ITEM_0003408,ORD_001952,PROD_0006,1,89.99
ITEM_0003409,ORD_001953,PROD_0018,2,22.99
ITEM_0003410,ORD_001954,PROD_0007,3,24.99
ITEM_0003411,ORD_001954,PROD_0004,1,49.99
ITEM_0003412,ORD_001955,PROD_0014,3,19.99
ITEM_0003413,ORD_001955,PROD_0013,2,69.99
ITEM_0003414,ORD_001955,PROD_0015,1,29.99
ITEM_0003415,ORD_001956,PROD_0012,2,110.0
ITEM_0003416,ORD_001956,PROD_0020,2,85.0
ITEM_0003417,ORD_001956,PROD_0002,3,199.99
ITEM_0003418,ORD_001957,PROD_0007,1,24.99
ITEM_0003419,ORD_001958,PROD_0001,2,79.99
ITEM_0003420,ORD_001959,PROD_0006,1,89.99
ITEM_0003421,ORD_001960,PROD_0014,3,19.99
ITEM_0003422,ORD_001961,PROD_0005,3,39.99
ITEM_0003423,ORD_001962,PROD_0020,1,85.0
ITEM_0003424,ORD_001962,PROD_0004,3,49.99
ITEM_0003425,ORD_001963,PROD_0020,2,85.0
ITEM_0003426,ORD_001964,PROD_0008,2,119.99
ITEM_0003427,ORD_001965,PROD_0012,2,110.0
ITEM_0003428,ORD_001965,PROD_0018,1,22.99
ITEM_0003429,ORD_001966,PROD_0003,2,129.99
ITEM_0003430,ORD_001967,PROD_0009,2,34.99
ITEM_0003431,ORD_001967,PROD_0012,2,110.0
ITEM_0003432,ORD_001967,PROD_0015,2,29.99
ITEM_0003433,ORD_001967,PROD_0013,2,69.99
ITEM_0003434,ORD_001968,PROD_0009,2,34.99
ITEM_0003435,ORD_001968,PROD_0011,2,149.99
ITEM_0003436,ORD_001969,PROD_0020,2,85.0
ITEM_0003437,ORD_001970,PROD_0011,3,149.99
ITEM_0003438,ORD_001971,PROD_0020,2,85.0
ITEM_0003439,ORD_001972,PROD_0011,2,149.99
ITEM_0003440,ORD_001972,PROD_0012,2,110.0
ITEM_0003441,ORD_001973,PROD_0009,3,34.99
ITEM_0003442,ORD_001974,PROD_0004,3,49.99
ITEM_0003443,ORD_001975,PROD_0006,2,89.99
ITEM_0003444,ORD_001976,PROD_0002,3,199.99
ITEM_0003445,ORD_001976,PROD_0015,2,29.99
ITEM_0003446,ORD_001977,PROD_0001,1,79.99
ITEM_0003447,ORD_001977,PROD_0018,1,22.99
ITEM_0003448,ORD_001977,PROD_0004,1,49.99
ITEM_0003449,ORD_001978,PROD_0003,1,129.99
ITEM_0003450,ORD_001978,PROD_0018,2,22.99
ITEM_0003451,ORD_001979,PROD_0014,1,19.99
ITEM_0003452,ORD_001979,PROD_0017,1,29.99
ITEM_0003453,ORD_001979,PROD_0015,2,29.99
ITEM_0003454,ORD_001980,PROD_0001,1,79.99
ITEM_0003455,ORD_001980,PROD_0017,2,29.99
ITEM_0003456,ORD_001980,PROD_0014,2,19.99
ITEM_0003457,ORD_001981,PROD_0011,2,149.99
ITEM_0003458,ORD_001982,PROD_0002,1,199.99
ITEM_0003459,ORD_001982,PROD_0012,2,110.0
ITEM_0003460,ORD_001982,PROD_0005,2,39.99
ITEM_0003461,ORD_001983,PROD_0002,1,199.99
ITEM_0003462,ORD_001983,PROD_0001,2,79.99
ITEM_0003463,ORD_001983,PROD_0005,1,39.99
ITEM_0003464,ORD_001983,PROD_0016,2,39.99
ITEM_0003465,ORD_001984,PROD_0020,3,85.0
ITEM_0003466,ORD_001985,PROD_0017,1,29.99
ITEM_0003467,ORD_001985,PROD_0003,1,129.99
ITEM_0003468,ORD_001986,PROD_0005,3,39.99
ITEM_0003469,ORD_001987,PROD_0016,3,39.99
ITEM_0003470,ORD_001988,PROD_0008,1,119.99
ITEM_0003471,ORD_001988,PROD_0005,3,39.99
ITEM_0003472,ORD_001989,PROD_0006,3,89.99
ITEM_0003473,ORD_001989,PROD_0001,3,79.99
ITEM_0003474,ORD_001990,PROD_0008,1,119.99
ITEM_0003475,ORD_001990,PROD_0005,3,39.99
ITEM_0003476,ORD_001991,PROD_0002,3,199.99
ITEM_0003477,ORD_001992,PROD_0004,2,49.99
ITEM_0003478,ORD_001993,PROD_0005,3,39.99
ITEM_0003479,ORD_001994,PROD_0018,3,22.99
ITEM_0003480,ORD_001994,PROD_0020,3,85.0
ITEM_0003481,ORD_001994,PROD_0006,2,89.99
ITEM_0003482,ORD_001995,PROD_0009,2,34.99
ITEM_0003483,ORD_001995,PROD_0013,2,69.99
ITEM_0003484,ORD_001996,PROD_0007,3,24.99
ITEM_0003485,ORD_001996,PROD_0005,1,39.99
ITEM_0003486,ORD_001996,PROD_0019,3,34.99
ITEM_0003487,ORD_001996,PROD_0006,2,89.99
ITEM_0003488,ORD_001997,PROD_0019,1,34.99
ITEM_0003489,ORD_001997,PROD_0005,3,39.99
ITEM_0003490,ORD_001998,PROD_0006,2,89.99
ITEM_0003491,ORD_001999,PROD_0016,3,39.99
ITEM_0003492,ORD_002000,PROD_0016,2,39.99
ITEM_0003493,ORD_002000,PROD_0009,3,34.99
ITEM_0003494,ORD_002001,PROD_0004,1,49.99
ITEM_0003495,ORD_002001,PROD_0018,2,22.99
ITEM_0003496,ORD_002001,PROD_0011,1,149.99
ITEM_0003497,ORD_002002,PROD_0013,3,69.99
ITEM_0003498,ORD_002002,PROD_0008,2,119.99
ITEM_0003499,ORD_002003,PROD_0016,3,39.99
ITEM_0003500,ORD_002003,PROD_0002,1,199.99
ITEM_0003501,ORD_002004,PROD_0012,1,110.0
ITEM_0003502,ORD_002004,PROD_0003,1,129.99
ITEM_0003503,ORD_002005,PROD_0014,3,19.99
ITEM_0003504,ORD_002006,PROD_0007,3,24.99
ITEM_0003505,ORD_002007,PROD_0001,1,79.99
ITEM_0003506,ORD_002008,PROD_0020,1,85.0
ITEM_0003507,ORD_002009,PROD_0003,3,129.99
ITEM_0003508,ORD_002010,PROD_0018,2,22.99
ITEM_0003509,ORD_002011,PROD_0003,2,129.99
ITEM_0003510,ORD_002012,PROD_0006,2,89.99
ITEM_0003511,ORD_002012,PROD_0005,3,39.99
ITEM_0003512,ORD_002012,PROD_0015,3,29.99
ITEM_0003513,ORD_002012,PROD_0013,3,69.99
ITEM_0003514,ORD_002013,PROD_0014,3,19.99
ITEM_0003515,ORD_002013,PROD_0012,3,110.0
ITEM_0003516,ORD_002014,PROD_0007,2,24.99
ITEM_0003517,ORD_002014,PROD_0004,2,49.99
ITEM_0003518,ORD_002015,PROD_0019,1,34.99
ITEM_0003519,ORD_002015,PROD_0011,1,149.99
ITEM_0003520,ORD_002016,PROD_0001,2,79.99
ITEM_0003521,ORD_002017,PROD_0010,1,59.99
ITEM_0003522,ORD_002018,PROD_0010,2,59.99
ITEM_0003523,ORD_002019,PROD_0015,1,29.99
ITEM_0003524,ORD_002020,PROD_0002,2,199.99
ITEM_0003525,ORD_002020,PROD_0009,1,34.99
ITEM_0003526,ORD_002021,PROD_0007,2,24.99
ITEM_0003527,ORD_002022,PROD_0015,3,29.99
ITEM_0003528,ORD_002023,PROD_0013,1,69.99
ITEM_0003529,ORD_002024,PROD_0001,1,79.99
ITEM_0003530,ORD_002025,PROD_0007,1,24.99
ITEM_0003531,ORD_002026,PROD_0017,2,29.99
ITEM_0003532,ORD_002027,PROD_0014,2,19.99
ITEM_0003533,ORD_002027,PROD_0020,3,85.0
ITEM_0003534,ORD_002027,PROD_0008,1,119.99
ITEM_0003535,ORD_002028,PROD_0010,3,59.99
ITEM_0003536,ORD_002028,PROD_0004,1,49.99
ITEM_0003537,ORD_002029,PROD_0009,2,34.99
ITEM_0003538,ORD_002029,PROD_0020,2,85.0
ITEM_0003539,ORD_002029,PROD_0015,2,29.99
ITEM_0003540,ORD_002030,PROD_0019,1,34.99
ITEM_0003541,ORD_002031,PROD_0007,3,24.99
ITEM_0003542,ORD_002031,PROD_0019,2,34.99
ITEM_0003543,ORD_002032,PROD_0001,1,79.99
ITEM_0003544,ORD_002033,PROD_0002,1,199.99
ITEM_0003545,ORD_002033,PROD_0016,2,39.99
ITEM_0003546,ORD_002033,PROD_0011,3,149.99
ITEM_0003547,ORD_002034,PROD_0019,1,34.99
ITEM_0003548,ORD_002035,PROD_0014,1,19.99
ITEM_0003549,ORD_002036,PROD_0001,1,79.99
ITEM_0003550,ORD_002036,PROD_0005,1,39.99
ITEM_0003551,ORD_002037,PROD_0012,2,110.0
ITEM_0003552,ORD_002037,PROD_0017,3,29.99
ITEM_0003553,ORD_002037,PROD_0013,3,69.99
ITEM_0003554,ORD_002038,PROD_0014,1,19.99
ITEM_0003555,ORD_002038,PROD_0003,2,129.99
ITEM_0003556,ORD_002039,PROD_0009,2,34.99
ITEM_0003557,ORD_002040,PROD_0018,1,22.99
ITEM_0003558,ORD_002041,PROD_0006,2,89.99
ITEM_0003559,ORD_002041,PROD_0005,2,39.99
ITEM_0003560,ORD_002041,PROD_0002,1,199.99
ITEM_0003561,ORD_002042,PROD_0001,3,79.99
ITEM_0003562,ORD_002042,PROD_0010,3,59.99
ITEM_0003563,ORD_002043,PROD_0013,3,69.99
ITEM_0003564,ORD_002043,PROD_0018,2,22.99
ITEM_0003565,ORD_002044,PROD_0013,3,69.99
ITEM_0003566,ORD_002044,PROD_0019,3,34.99
ITEM_0003567,ORD_002044,PROD_0002,2,199.99
ITEM_0003568,ORD_002045,PROD_0007,2,24.99
ITEM_0003569,ORD_002046,PROD_0012,3,110.0
ITEM_0003570,ORD_002046,PROD_0002,2,199.99
ITEM_0003571,ORD_002047,PROD_0011,1,149.99
ITEM_0003572,ORD_002048,PROD_0008,2,119.99
ITEM_0003573,ORD_002048,PROD_0001,2,79.99
ITEM_0003574,ORD_002049,PROD_0001,1,79.99
ITEM_0003575,ORD_002050,PROD_0004,2,49.99
ITEM_0003576,ORD_002051,PROD_0005,1,39.99
ITEM_0003577,ORD_002051,PROD_0016,2,39.99
ITEM_0003578,ORD_002051,PROD_0012,3,110.0
ITEM_0003579,ORD_002052,PROD_0006,3,89.99
ITEM_0003580,ORD_002053,PROD_0001,1,79.99
ITEM_0003581,ORD_002054,PROD_0019,2,34.99
ITEM_0003582,ORD_002055,PROD_0005,2,39.99
ITEM_0003583,ORD_002055,PROD_0010,3,59.99
ITEM_0003584,ORD_002056,PROD_0015,2,29.99
ITEM_0003585,ORD_002056,PROD_0004,2,49.99
ITEM_0003586,ORD_002056,PROD_0016,2,39.99
ITEM_0003587,ORD_002057,PROD_0006,1,89.99
ITEM_0003588,ORD_002057,PROD_0009,3,34.99
ITEM_0003589,ORD_002057,PROD_0002,2,199.99
ITEM_0003590,ORD_002058,PROD_0005,1,39.99
ITEM_0003591,ORD_002059,PROD_0019,2,34.99
ITEM_0003592,ORD_002060,PROD_0017,3,29.99
ITEM_0003593,ORD_002060,PROD_0005,1,39.99
ITEM_0003594,ORD_002061,PROD_0004,1,49.99
ITEM_0003595,ORD_002061,PROD_0005,3,39.99
ITEM_0003596,ORD_002062,PROD_0012,3,110.0
ITEM_0003597,ORD_002063,PROD_0003,3,129.99
ITEM_0003598,ORD_002063,PROD_0015,1,29.99
ITEM_0003599,ORD_002063,PROD_0002,3,199.99
ITEM_0003600,ORD_002064,PROD_0020,3,85.0
ITEM_0003601,ORD_002064,PROD_0009,2,34.99
ITEM_0003602,ORD_002065,PROD_0006,3,89.99
ITEM_0003603,ORD_002066,PROD_0006,1,89.99
ITEM_0003604,ORD_002066,PROD_0020,1,85.0
ITEM_0003605,ORD_002067,PROD_0011,3,149.99
ITEM_0003606,ORD_002068,PROD_0001,2,79.99
ITEM_0003607,ORD_002068,PROD_0018,2,22.99
ITEM_0003608,ORD_002068,PROD_0007,1,24.99
ITEM_0003609,ORD_002069,PROD_0020,2,85.0
ITEM_0003610,ORD_002070,PROD_0012,3,110.0
ITEM_0003611,ORD_002071,PROD_0011,2,149.99
ITEM_0003612,ORD_002071,PROD_0007,3,24.99
ITEM_0003613,ORD_002072,PROD_0007,2,24.99
ITEM_0003614,ORD_002073,PROD_0016,1,39.99
ITEM_0003615,ORD_002074,PROD_0014,3,19.99
ITEM_0003616,ORD_002075,PROD_0012,1,110.0
ITEM_0003617,ORD_002076,PROD_0014,3,19.99
ITEM_0003618,ORD_002077,PROD_0013,3,69.99
ITEM_0003619,ORD_002077,PROD_0008,3,119.99
ITEM_0003620,ORD_002078,PROD_0020,1,85.0
ITEM_0003621,ORD_002079,PROD_0009,3,34.99
ITEM_0003622,ORD_002080,PROD_0007,3,24.99
ITEM_0003623,ORD_002081,PROD_0018,1,22.99
ITEM_0003624,ORD_002082,PROD_0005,2,39.99
ITEM_0003625,ORD_002083,PROD_0004,3,49.99
ITEM_0003626,ORD_002083,PROD_0012,2,110.0
ITEM_0003627,ORD_002084,PROD_0001,3,79.99
ITEM_0003628,ORD_002085,PROD_0013,1,69.99
ITEM_0003629,ORD_002085,PROD_0010,2,59.99
ITEM_0003630,ORD_002086,PROD_0016,3,39.99
ITEM_0003631,ORD_002086,PROD_0015,2,29.99
ITEM_0003632,ORD_002086,PROD_0017,3,29.99
ITEM_0003633,ORD_002087,PROD_0013,3,69.99
ITEM_0003634,ORD_002088,PROD_0006,3,89.99
ITEM_0003635,ORD_002089,PROD_0007,3,24.99
ITEM_0003636,ORD_002090,PROD_0009,2,34.99
ITEM_0003637,ORD_002091,PROD_0019,1,34.99
ITEM_0003638,ORD_002091,PROD_0004,2,49.99
ITEM_0003639,ORD_002091,PROD_0003,3,129.99
ITEM_0003640,ORD_002092,PROD_0017,3,29.99
ITEM_0003641,ORD_002093,PROD_0001,2,79.99
ITEM_0003642,ORD_002093,PROD_0002,1,199.99
ITEM_0003643,ORD_002094,PROD_0001,3,79.99
ITEM_0003644,ORD_002095,PROD_0004,2,49.99
ITEM_0003645,ORD_002096,PROD_0017,2,29.99
ITEM_0003646,ORD_002097,PROD_0020,3,85.0
ITEM_0003647,ORD_002097,PROD_0006,3,89.99
ITEM_0003648,ORD_002097,PROD_0002,2,199.99
ITEM_0003649,ORD_002098,PROD_0008,3,119.99
ITEM_0003650,ORD_002098,PROD_0020,3,85.0
ITEM_0003651,ORD_002099,PROD_0007,3,24.99
ITEM_0003652,ORD_002099,PROD_0020,2,85.0
ITEM_0003653,ORD_002100,PROD_0013,3,69.99
ITEM_0003654,ORD_002100,PROD_0006,2,89.99
ITEM_0003655,ORD_002100,PROD_0020,1,85.0
ITEM_0003656,ORD_002100,PROD_0015,1,29.99
ITEM_0003657,ORD_002101,PROD_0017,3,29.99
ITEM_0003658,ORD_002102,PROD_0017,3,29.99
ITEM_0003659,ORD_002102,PROD_0008,3,119.99
ITEM_0003660,ORD_002103,PROD_0001,2,79.99
ITEM_0003661,ORD_002104,PROD_0012,3,110.0
ITEM_0003662,ORD_002105,PROD_0009,1,34.99
ITEM_0003663,ORD_002106,PROD_0004,3,49.99
ITEM_0003664,ORD_002106,PROD_0015,3,29.99
ITEM_0003665,ORD_002106,PROD_0017,3,29.99
ITEM_0003666,ORD_002106,PROD_0020,1,85.0
ITEM_0003667,ORD_002107,PROD_0006,3,89.99
ITEM_0003668,ORD_002107,PROD_0001,2,79.99
ITEM_0003669,ORD_002108,PROD_0013,1,69.99
ITEM_0003670,ORD_002108,PROD_0018,1,22.99
ITEM_0003671,ORD_002108,PROD_0020,2,85.0
ITEM_0003672,ORD_002108,PROD_0006,2,89.99
ITEM_0003673,ORD_002109,PROD_0019,3,34.99
ITEM_0003674,ORD_002109,PROD_0006,2,89.99
ITEM_0003675,ORD_002110,PROD_0015,1,29.99
ITEM_0003676,ORD_002110,PROD_0010,2,59.99
ITEM_0003677,ORD_002111,PROD_0020,2,85.0
ITEM_0003678,ORD_002112,PROD_0013,3,69.99
ITEM_0003679,ORD_002112,PROD_0016,3,39.99
ITEM_0003680,ORD_002113,PROD_0009,3,34.99
ITEM_0003681,ORD_002113,PROD_0018,2,22.99
ITEM_0003682,ORD_002114,PROD_0007,2,24.99
ITEM_0003683,ORD_002114,PROD_0017,2,29.99
ITEM_0003684,ORD_002114,PROD_0010,3,59.99
ITEM_0003685,ORD_002114,PROD_0004,3,49.99
ITEM_0003686,ORD_002115,PROD_0018,3,22.99
ITEM_0003687,ORD_002115,PROD_0020,3,85.0
ITEM_0003688,ORD_002116,PROD_0020,2,85.0
ITEM_0003689,ORD_002117,PROD_0004,2,49.99
ITEM_0003690,ORD_002117,PROD_0002,2,199.99
ITEM_0003691,ORD_002117,PROD_0006,2,89.99
ITEM_0003692,ORD_002117,PROD_0013,3,69.99
ITEM_0003693,ORD_002118,PROD_0006,1,89.99
ITEM_0003694,ORD_002118,PROD_0009,1,34.99
ITEM_0003695,ORD_002118,PROD_0018,1,22.99
ITEM_0003696,ORD_002119,PROD_0002,3,199.99
ITEM_0003697,ORD_002119,PROD_0011,1,149.99
ITEM_0003698,ORD_002120,PROD_0004,1,49.99
ITEM_0003699,ORD_002121,PROD_0001,3,79.99
ITEM_0003700,ORD_002121,PROD_0002,2,199.99
ITEM_0003701,ORD_002122,PROD_0019,1,34.99
ITEM_0003702,ORD_002123,PROD_0018,2,22.99
ITEM_0003703,ORD_002124,PROD_0002,3,199.99
ITEM_0003704,ORD_002125,PROD_0002,2,199.99
ITEM_0003705,ORD_002126,PROD_0010,3,59.99
ITEM_0003706,ORD_002127,PROD_0011,2,149.99
ITEM_0003707,ORD_002128,PROD_0005,3,39.99
ITEM_0003708,ORD_002129,PROD_0014,1,19.99
ITEM_0003709,ORD_002130,PROD_0010,2,59.99
ITEM_0003710,ORD_002131,PROD_0010,3,59.99
ITEM_0003711,ORD_002132,PROD_0008,1,119.99
ITEM_0003712,ORD_002133,PROD_0012,3,110.0
ITEM_0003713,ORD_002134,PROD_0008,1,119.99
ITEM_0003714,ORD_002135,PROD_0008,1,119.99
ITEM_0003715,ORD_002135,PROD_0005,2,39.99
ITEM_0003716,ORD_002136,PROD_0008,3,119.99
ITEM_0003717,ORD_002136,PROD_0012,2,110.0
ITEM_0003718,ORD_002137,PROD_0006,1,89.99
ITEM_0003719,ORD_002137,PROD_0012,2,110.0
ITEM_0003720,ORD_002138,PROD_0020,1,85.0
ITEM_0003721,ORD_002139,PROD_0002,2,199.99
ITEM_0003722,ORD_002139,PROD_0012,2,110.0
ITEM_0003723,ORD_002139,PROD_0010,2,59.99
ITEM_0003724,ORD_002140,PROD_0007,3,24.99
ITEM_0003725,ORD_002140,PROD_0012,3,110.0
ITEM_0003726,ORD_002141,PROD_0015,2,29.99
ITEM_0003727,ORD_002141,PROD_0004,1,49.99
ITEM_0003728,ORD_002141,PROD_0012,2,110.0
ITEM_0003729,ORD_002142,PROD_0008,1,119.99
ITEM_0003730,ORD_002143,PROD_0014,1,19.99
ITEM_0003731,ORD_002143,PROD_0003,3,129.99
ITEM_0003732,ORD_002144,PROD_0017,1,29.99
ITEM_0003733,ORD_002144,PROD_0016,2,39.99
ITEM_0003734,ORD_002144,PROD_0020,1,85.0
ITEM_0003735,ORD_002145,PROD_0010,2,59.99
ITEM_0003736,ORD_002146,PROD_0015,2,29.99
ITEM_0003737,ORD_002147,PROD_0008,3,119.99
ITEM_0003738,ORD_002147,PROD_0016,1,39.99
ITEM_0003739,ORD_002147,PROD_0017,2,29.99
ITEM_0003740,ORD_002148,PROD_0009,3,34.99
ITEM_0003741,ORD_002149,PROD_0006,1,89.99
ITEM_0003742,ORD_002150,PROD_0005,2,39.99
ITEM_0003743,ORD_002150,PROD_0019,2,34.99
ITEM_0003744,ORD_002150,PROD_0009,1,34.99
ITEM_0003745,ORD_002151,PROD_0001,3,79.99
ITEM_0003746,ORD_002151,PROD_0002,3,199.99
ITEM_0003747,ORD_002152,PROD_0018,1,22.99
ITEM_0003748,ORD_002152,PROD_0008,1,119.99
ITEM_0003749,ORD_002153,PROD_0017,2,29.99
ITEM_0003750,ORD_002153,PROD_0010,2,59.99
ITEM_0003751,ORD_002154,PROD_0020,2,85.0
ITEM_0003752,ORD_002155,PROD_0012,2,110.0
ITEM_0003753,ORD_002155,PROD_0016,3,39.99
ITEM_0003754,ORD_002155,PROD_0011,1,149.99
ITEM_0003755,ORD_002156,PROD_0019,1,34.99
ITEM_0003756,ORD_002157,PROD_0020,3,85.0
ITEM_0003757,ORD_002157,PROD_0003,1,129.99
ITEM_0003758,ORD_002158,PROD_0015,2,29.99
ITEM_0003759,ORD_002158,PROD_0001,2,79.99
ITEM_0003760,ORD_002158,PROD_0011,1,149.99
ITEM_0003761,ORD_002159,PROD_0006,1,89.99
ITEM_0003762,ORD_002160,PROD_0001,2,79.99
ITEM_0003763,ORD_002161,PROD_0003,2,129.99
ITEM_0003764,ORD_002162,PROD_0011,3,149.99
ITEM_0003765,ORD_002163,PROD_0019,1,34.99
ITEM_0003766,ORD_002164,PROD_0019,3,34.99
ITEM_0003767,ORD_002164,PROD_0007,3,24.99
ITEM_0003768,ORD_002164,PROD_0008,3,119.99
ITEM_0003769,ORD_002165,PROD_0001,1,79.99
ITEM_0003770,ORD_002166,PROD_0004,1,49.99
ITEM_0003771,ORD_002166,PROD_0020,1,85.0
ITEM_0003772,ORD_002167,PROD_0019,3,34.99
ITEM_0003773,ORD_002168,PROD_0014,3,19.99
ITEM_0003774,ORD_002169,PROD_0017,1,29.99
ITEM_0003775,ORD_002169,PROD_0004,1,49.99
ITEM_0003776,ORD_002170,PROD_0013,2,69.99
ITEM_0003777,ORD_002171,PROD_0015,3,29.99
ITEM_0003778,ORD_002172,PROD_0007,3,24.99
ITEM_0003779,ORD_002172,PROD_0012,1,110.0
ITEM_0003780,ORD_002173,PROD_0014,2,19.99
ITEM_0003781,ORD_002174,PROD_0013,3,69.99
ITEM_0003782,ORD_002174,PROD_0020,1,85.0
ITEM_0003783,ORD_002175,PROD_0010,1,59.99
ITEM_0003784,ORD_002176,PROD_0016,3,39.99
ITEM_0003785,ORD_002176,PROD_0020,3,85.0
ITEM_0003786,ORD_002176,PROD_0006,2,89.99
ITEM_0003787,ORD_002177,PROD_0011,3,149.99
ITEM_0003788,ORD_002178,PROD_0014,3,19.99
ITEM_0003789,ORD_002179,PROD_0007,2,24.99
ITEM_0003790,ORD_002179,PROD_0011,2,149.99
ITEM_0003791,ORD_002180,PROD_0018,2,22.99
ITEM_0003792,ORD_002181,PROD_0014,3,19.99
ITEM_0003793,ORD_002182,PROD_0009,1,34.99
ITEM_0003794,ORD_002182,PROD_0015,3,29.99
ITEM_0003795,ORD_002183,PROD_0019,2,34.99
ITEM_0003796,ORD_002183,PROD_0014,3,19.99
ITEM_0003797,ORD_002183,PROD_0002,3,199.99
ITEM_0003798,ORD_002184,PROD_0001,3,79.99
ITEM_0003799,ORD_002184,PROD_0019,3,34.99
ITEM_0003800,ORD_002184,PROD_0006,2,89.99
ITEM_0003801,ORD_002184,PROD_0018,2,22.99
ITEM_0003802,ORD_002185,PROD_0008,1,119.99
ITEM_0003803,ORD_002186,PROD_0007,3,24.99
ITEM_0003804,ORD_002187,PROD_0013,2,69.99
ITEM_0003805,ORD_002187,PROD_0009,1,34.99
ITEM_0003806,ORD_002188,PROD_0017,3,29.99
ITEM_0003807,ORD_002188,PROD_0016,3,39.99
ITEM_0003808,ORD_002188,PROD_0007,2,24.99
ITEM_0003809,ORD_002189,PROD_0007,1,24.99
ITEM_0003810,ORD_002189,PROD_0013,2,69.99
ITEM_0003811,ORD_002190,PROD_0001,1,79.99
ITEM_0003812,ORD_002191,PROD_0005,2,39.99
ITEM_0003813,ORD_002192,PROD_0003,3,129.99
ITEM_0003814,ORD_002192,PROD_0006,3,89.99
ITEM_0003815,ORD_002192,PROD_0008,2,119.99
ITEM_0003816,ORD_002193,PROD_0009,3,34.99
ITEM_0003817,ORD_002194,PROD_0009,2,34.99
ITEM_0003818,ORD_002194,PROD_0004,2,49.99
ITEM_0003819,ORD_002195,PROD_0002,1,199.99
ITEM_0003820,ORD_002195,PROD_0016,3,39.99
ITEM_0003821,ORD_002196,PROD_0018,2,22.99
ITEM_0003822,ORD_002196,PROD_0015,1,29.99
ITEM_0003823,ORD_002197,PROD_0019,1,34.99
ITEM_0003824,ORD_002197,PROD_0014,2,19.99
ITEM_0003825,ORD_002197,PROD_0007,2,24.99
ITEM_0003826,ORD_002198,PROD_0009,1,34.99
ITEM_0003827,ORD_002199,PROD_0020,2,85.0
ITEM_0003828,ORD_002199,PROD_0002,3,199.99
ITEM_0003829,ORD_002200,PROD_0002,3,199.99
ITEM_0003830,ORD_002201,PROD_0002,2,199.99
ITEM_0003831,ORD_002201,PROD_0005,1,39.99
ITEM_0003832,ORD_002202,PROD_0019,3,34.99
ITEM_0003833,ORD_002203,PROD_0016,1,39.99
ITEM_0003834,ORD_002204,PROD_0019,1,34.99
ITEM_0003835,ORD_002205,PROD_0002,1,199.99
ITEM_0003836,ORD_002206,PROD_0013,2,69.99
ITEM_0003837,ORD_002206,PROD_0019,1,34.99
ITEM_0003838,ORD_002207,PROD_0004,3,49.99
ITEM_0003839,ORD_002208,PROD_0004,1,49.99
ITEM_0003840,ORD_002209,PROD_0015,1,29.99
ITEM_0003841,ORD_002209,PROD_0009,1,34.99
ITEM_0003842,ORD_002209,PROD_0010,2,59.99
ITEM_0003843,ORD_002210,PROD_0003,1,129.99
ITEM_0003844,ORD_002211,PROD_0009,3,34.99
ITEM_0003845,ORD_002211,PROD_0003,2,129.99
ITEM_0003846,ORD_002211,PROD_0005,2,39.99
ITEM_0003847,ORD_002212,PROD_0016,1,39.99
ITEM_0003848,ORD_002212,PROD_0006,3,89.99
ITEM_0003849,ORD_002213,PROD_0011,2,149.99
ITEM_0003850,ORD_002213,PROD_0004,1,49.99
ITEM_0003851,ORD_002214,PROD_0018,3,22.99
ITEM_0003852,ORD_002214,PROD_0001,3,79.99
ITEM_0003853,ORD_002214,PROD_0005,2,39.99
ITEM_0003854,ORD_002215,PROD_0004,2,49.99
ITEM_0003855,ORD_002216,PROD_0003,3,129.99
ITEM_0003856,ORD_002216,PROD_0006,3,89.99
ITEM_0003857,ORD_002216,PROD_0014,3,19.99
ITEM_0003858,ORD_002217,PROD_0014,1,19.99
ITEM_0003859,ORD_002218,PROD_0001,1,79.99
ITEM_0003860,ORD_002218,PROD_0017,3,29.99
ITEM_0003861,ORD_002218,PROD_0019,3,34.99
ITEM_0003862,ORD_002218,PROD_0009,1,34.99
ITEM_0003863,ORD_002219,PROD_0002,3,199.99
ITEM_0003864,ORD_002220,PROD_0002,1,199.99
ITEM_0003865,ORD_002221,PROD_0007,2,24.99
ITEM_0003866,ORD_002221,PROD_0011,3,149.99
ITEM_0003867,ORD_002222,PROD_0002,3,199.99
ITEM_0003868,ORD_002222,PROD_0017,2,29.99
ITEM_0003869,ORD_002222,PROD_0006,2,89.99
ITEM_0003870,ORD_002223,PROD_0001,1,79.99
ITEM_0003871,ORD_002224,PROD_0005,1,39.99
ITEM_0003872,ORD_002224,PROD_0001,1,79.99
ITEM_0003873,ORD_002224,PROD_0012,1,110.0
ITEM_0003874,ORD_002225,PROD_0008,2,119.99
ITEM_0003875,ORD_002225,PROD_0010,1,59.99
ITEM_0003876,ORD_002226,PROD_0017,1,29.99
ITEM_0003877,ORD_002227,PROD_0001,2,79.99
ITEM_0003878,ORD_002228,PROD_0016,3,39.99
ITEM_0003879,ORD_002229,PROD_0020,3,85.0
ITEM_0003880,ORD_002229,PROD_0002,2,199.99
ITEM_0003881,ORD_002230,PROD_0009,1,34.99
ITEM_0003882,ORD_002231,PROD_0008,3,119.99
ITEM_0003883,ORD_002231,PROD_0020,1,85.0
ITEM_0003884,ORD_002232,PROD_0017,3,29.99
ITEM_0003885,ORD_002232,PROD_0003,3,129.99
ITEM_0003886,ORD_002232,PROD_0011,2,149.99
ITEM_0003887,ORD_002233,PROD_0019,3,34.99
ITEM_0003888,ORD_002233,PROD_0010,2,59.99
ITEM_0003889,ORD_002234,PROD_0011,2,149.99
ITEM_0003890,ORD_002235,PROD_0019,2,34.99
ITEM_0003891,ORD_002236,PROD_0014,1,19.99
ITEM_0003892,ORD_002236,PROD_0015,3,29.99
ITEM_0003893,ORD_002236,PROD_0005,1,39.99
ITEM_0003894,ORD_002237,PROD_0018,1,22.99
ITEM_0003895,ORD_002237,PROD_0003,3,129.99
ITEM_0003896,ORD_002238,PROD_0010,1,59.99
ITEM_0003897,ORD_002238,PROD_0001,3,79.99
ITEM_0003898,ORD_002239,PROD_0011,2,149.99
ITEM_0003899,ORD_002240,PROD_0008,1,119.99
ITEM_0003900,ORD_002241,PROD_0018,1,22.99
ITEM_0003901,ORD_002241,PROD_0005,3,39.99
ITEM_0003902,ORD_002242,PROD_0006,3,89.99
ITEM_0003903,ORD_002242,PROD_0011,2,149.99
ITEM_0003904,ORD_002242,PROD_0012,1,110.0
ITEM_0003905,ORD_002243,PROD_0006,2,89.99
ITEM_0003906,ORD_002244,PROD_0018,2,22.99
ITEM_0003907,ORD_002245,PROD_0006,1,89.99
ITEM_0003908,ORD_002245,PROD_0007,2,24.99
ITEM_0003909,ORD_002246,PROD_0009,2,34.99
ITEM_0003910,ORD_002246,PROD_0018,3,22.99
ITEM_0003911,ORD_002247,PROD_0009,2,34.99
ITEM_0003912,ORD_002248,PROD_0014,1,19.99
ITEM_0003913,ORD_002248,PROD_0008,2,119.99
ITEM_0003914,ORD_002248,PROD_0010,1,59.99
ITEM_0003915,ORD_002248,PROD_0013,1,69.99
ITEM_0003916,ORD_002249,PROD_0007,1,24.99
ITEM_0003917,ORD_002249,PROD_0010,2,59.99
ITEM_0003918,ORD_002250,PROD_0014,2,19.99
ITEM_0003919,ORD_002251,PROD_0015,3,29.99
ITEM_0003920,ORD_002251,PROD_0006,2,89.99
ITEM_0003921,ORD_002252,PROD_0012,3,110.0
ITEM_0003922,ORD_002252,PROD_0013,2,69.99
ITEM_0003923,ORD_002252,PROD_0005,2,39.99
ITEM_0003924,ORD_002253,PROD_0009,3,34.99
ITEM_0003925,ORD_002253,PROD_0010,1,59.99
ITEM_0003926,ORD_002253,PROD_0016,3,39.99
ITEM_0003927,ORD_002254,PROD_0004,3,49.99
ITEM_0003928,ORD_002255,PROD_0011,1,149.99
ITEM_0003929,ORD_002256,PROD_0013,2,69.99
ITEM_0003930,ORD_002256,PROD_0018,3,22.99
ITEM_0003931,ORD_002256,PROD_0005,2,39.99
ITEM_0003932,ORD_002257,PROD_0012,1,110.0
ITEM_0003933,ORD_002257,PROD_0006,1,89.99
ITEM_0003934,ORD_002258,PROD_0010,2,59.99
ITEM_0003935,ORD_002258,PROD_0003,1,129.99
ITEM_0003936,ORD_002259,PROD_0015,1,29.99
ITEM_0003937,ORD_002259,PROD_0008,2,119.99
ITEM_0003938,ORD_002260,PROD_0010,3,59.99
ITEM_0003939,ORD_002260,PROD_0017,3,29.99
ITEM_0003940,ORD_002261,PROD_0013,1,69.99
ITEM_0003941,ORD_002261,PROD_0020,1,85.0
ITEM_0003942,ORD_002262,PROD_0012,1,110.0
ITEM_0003943,ORD_002263,PROD_0004,2,49.99
ITEM_0003944,ORD_002263,PROD_0013,1,69.99
ITEM_0003945,ORD_002263,PROD_0002,1,199.99
ITEM_0003946,ORD_002264,PROD_0017,1,29.99
ITEM_0003947,ORD_002264,PROD_0013,1,69.99
ITEM_0003948,ORD_002265,PROD_0018,1,22.99
ITEM_0003949,ORD_002265,PROD_0019,1,34.99
ITEM_0003950,ORD_002266,PROD_0007,3,24.99
ITEM_0003951,ORD_002266,PROD_0010,2,59.99
ITEM_0003952,ORD_002266,PROD_0016,3,39.99
ITEM_0003953,ORD_002267,PROD_0002,2,199.99
ITEM_0003954,ORD_002267,PROD_0004,3,49.99
ITEM_0003955,ORD_002268,PROD_0009,3,34.99
ITEM_0003956,ORD_002268,PROD_0004,2,49.99
ITEM_0003957,ORD_002269,PROD_0001,1,79.99
ITEM_0003958,ORD_002269,PROD_0004,2,49.99
ITEM_0003959,ORD_002269,PROD_0003,3,129.99
ITEM_0003960,ORD_002270,PROD_0006,3,89.99
ITEM_0003961,ORD_002271,PROD_0015,2,29.99
ITEM_0003962,ORD_002272,PROD_0018,3,22.99
ITEM_0003963,ORD_002273,PROD_0020,1,85.0
ITEM_0003964,ORD_002273,PROD_0019,3,34.99
ITEM_0003965,ORD_002273,PROD_0013,1,69.99
ITEM_0003966,ORD_002274,PROD_0014,1,19.99
ITEM_0003967,ORD_002275,PROD_0018,3,22.99
ITEM_0003968,ORD_002276,PROD_0010,1,59.99
ITEM_0003969,ORD_002276,PROD_0007,1,24.99
ITEM_0003970,ORD_002277,PROD_0002,3,199.99
ITEM_0003971,ORD_002278,PROD_0016,3,39.99
ITEM_0003972,ORD_002279,PROD_0004,3,49.99
ITEM_0003973,ORD_002280,PROD_0004,2,49.99
ITEM_0003974,ORD_002281,PROD_0007,2,24.99
ITEM_0003975,ORD_002281,PROD_0020,1,85.0
ITEM_0003976,ORD_002281,PROD_0012,2,110.0
ITEM_0003977,ORD_002282,PROD_0004,2,49.99
ITEM_0003978,ORD_002282,PROD_0018,3,22.99
ITEM_0003979,ORD_002283,PROD_0001,3,79.99
ITEM_0003980,ORD_002284,PROD_0011,1,149.99
ITEM_0003981,ORD_002284,PROD_0008,2,119.99
ITEM_0003982,ORD_002284,PROD_0002,2,199.99
ITEM_0003983,ORD_002285,PROD_0013,1,69.99
ITEM_0003984,ORD_002285,PROD_0010,3,59.99
ITEM_0003985,ORD_002286,PROD_0003,1,129.99
ITEM_0003986,ORD_002287,PROD_0014,2,19.99
ITEM_0003987,ORD_002287,PROD_0009,1,34.99
ITEM_0003988,ORD_002287,PROD_0005,2,39.99
ITEM_0003989,ORD_002288,PROD_0004,2,49.99
ITEM_0003990,ORD_002289,PROD_0005,1,39.99
ITEM_0003991,ORD_002289,PROD_0008,2,119.99
ITEM_0003992,ORD_002289,PROD_0012,2,110.0
ITEM_0003993,ORD_002290,PROD_0002,1,199.99
ITEM_0003994,ORD_002290,PROD_0015,1,29.99
ITEM_0003995,ORD_002290,PROD_0006,2,89.99
ITEM_0003996,ORD_002291,PROD_0012,1,110.0
ITEM_0003997,ORD_002291,PROD_0009,1,34.99
ITEM_0003998,ORD_002292,PROD_0015,2,29.99
ITEM_0003999,ORD_002293,PROD_0016,1,39.99
ITEM_0004000,ORD_002293,PROD_0018,1,22.99
ITEM_0004001,ORD_002293,PROD_0008,2,119.99
ITEM_0004002,ORD_002294,PROD_0006,3,89.99
ITEM_0004003,ORD_002294,PROD_0015,2,29.99
ITEM_0004004,ORD_002295,PROD_0002,2,199.99
ITEM_0004005,ORD_002296,PROD_0013,3,69.99
ITEM_0004006,ORD_002296,PROD_0005,2,39.99
ITEM_0004007,ORD_002297,PROD_0005,3,39.99
ITEM_0004008,ORD_002298,PROD_0007,2,24.99
ITEM_0004009,ORD_002298,PROD_0011,2,149.99
ITEM_0004010,ORD_002298,PROD_0020,3,85.0
ITEM_0004011,ORD_002299,PROD_0017,2,29.99
ITEM_0004012,ORD_002300,PROD_0001,3,79.99
ITEM_0004013,ORD_002300,PROD_0009,1,34.99
ITEM_0004014,ORD_002300,PROD_0017,1,29.99
ITEM_0004015,ORD_002301,PROD_0008,3,119.99
ITEM_0004016,ORD_002301,PROD_0009,3,34.99
ITEM_0004017,ORD_002302,PROD_0016,2,39.99
ITEM_0004018,ORD_002302,PROD_0007,3,24.99
ITEM_0004019,ORD_002303,PROD_0001,3,79.99
ITEM_0004020,ORD_002303,PROD_0011,2,149.99
ITEM_0004021,ORD_002303,PROD_0007,3,24.99
ITEM_0004022,ORD_002303,PROD_0019,3,34.99
ITEM_0004023,ORD_002304,PROD_0012,3,110.0
ITEM_0004024,ORD_002304,PROD_0009,3,34.99
ITEM_0004025,ORD_002305,PROD_0017,2,29.99
ITEM_0004026,ORD_002305,PROD_0009,3,34.99
ITEM_0004027,ORD_002305,PROD_0005,1,39.99
ITEM_0004028,ORD_002306,PROD_0006,2,89.99
ITEM_0004029,ORD_002307,PROD_0012,1,110.0
ITEM_0004030,ORD_002307,PROD_0016,2,39.99
ITEM_0004031,ORD_002307,PROD_0014,1,19.99
ITEM_0004032,ORD_002308,PROD_0018,2,22.99
ITEM_0004033,ORD_002309,PROD_0008,2,119.99
ITEM_0004034,ORD_002309,PROD_0002,3,199.99
ITEM_0004035,ORD_002310,PROD_0006,3,89.99
ITEM_0004036,ORD_002310,PROD_0020,3,85.0
ITEM_0004037,ORD_002310,PROD_0001,1,79.99
ITEM_0004038,ORD_002311,PROD_0013,1,69.99
ITEM_0004039,ORD_002312,PROD_0015,1,29.99
ITEM_0004040,ORD_002312,PROD_0020,2,85.0
ITEM_0004041,ORD_002312,PROD_0001,1,79.99
ITEM_0004042,ORD_002313,PROD_0002,1,199.99
ITEM_0004043,ORD_002314,PROD_0009,1,34.99
ITEM_0004044,ORD_002315,PROD_0015,3,29.99
ITEM_0004045,ORD_002315,PROD_0014,1,19.99
ITEM_0004046,ORD_002316,PROD_0011,2,149.99
ITEM_0004047,ORD_002317,PROD_0008,2,119.99
ITEM_0004048,ORD_002317,PROD_0020,1,85.0
ITEM_0004049,ORD_002318,PROD_0019,2,34.99
ITEM_0004050,ORD_002319,PROD_0019,2,34.99
ITEM_0004051,ORD_002319,PROD_0014,2,19.99
ITEM_0004052,ORD_002319,PROD_0002,3,199.99
ITEM_0004053,ORD_002319,PROD_0005,2,39.99
ITEM_0004054,ORD_002320,PROD_0018,2,22.99
ITEM_0004055,ORD_002320,PROD_0010,3,59.99
ITEM_0004056,ORD_002320,PROD_0012,3,110.0
ITEM_0004057,ORD_002321,PROD_0001,2,79.99
ITEM_0004058,ORD_002322,PROD_0012,3,110.0
ITEM_0004059,ORD_002322,PROD_0014,1,19.99
ITEM_0004060,ORD_002323,PROD_0006,2,89.99
ITEM_0004061,ORD_002323,PROD_0002,2,199.99
ITEM_0004062,ORD_002324,PROD_0009,3,34.99
ITEM_0004063,ORD_002324,PROD_0020,1,85.0
ITEM_0004064,ORD_002325,PROD_0008,1,119.99
ITEM_0004065,ORD_002325,PROD_0007,1,24.99
ITEM_0004066,ORD_002325,PROD_0006,1,89.99
ITEM_0004067,ORD_002325,PROD_0001,2,79.99
ITEM_0004068,ORD_002326,PROD_0002,2,199.99
ITEM_0004069,ORD_002327,PROD_0002,3,199.99
ITEM_0004070,ORD_002327,PROD_0008,3,119.99
ITEM_0004071,ORD_002328,PROD_0008,1,119.99
ITEM_0004072,ORD_002329,PROD_0001,3,79.99
ITEM_0004073,ORD_002330,PROD_0008,3,119.99
ITEM_0004074,ORD_002330,PROD_0004,1,49.99
ITEM_0004075,ORD_002330,PROD_0005,2,39.99
ITEM_0004076,ORD_002330,PROD_0009,2,34.99
ITEM_0004077,ORD_002331,PROD_0020,2,85.0
ITEM_0004078,ORD_002331,PROD_0005,2,39.99
ITEM_0004079,ORD_002331,PROD_0002,1,199.99
ITEM_0004080,ORD_002332,PROD_0012,1,110.0
ITEM_0004081,ORD_002333,PROD_0009,2,34.99
ITEM_0004082,ORD_002333,PROD_0003,3,129.99
ITEM_0004083,ORD_002334,PROD_0013,1,69.99
ITEM_0004084,ORD_002335,PROD_0005,1,39.99
ITEM_0004085,ORD_002335,PROD_0014,3,19.99
ITEM_0004086,ORD_002336,PROD_0009,3,34.99
ITEM_0004087,ORD_002336,PROD_0013,2,69.99
ITEM_0004088,ORD_002336,PROD_0004,1,49.99
ITEM_0004089,ORD_002337,PROD_0019,2,34.99
ITEM_0004090,ORD_002338,PROD_0006,2,89.99
ITEM_0004091,ORD_002339,PROD_0011,3,149.99
ITEM_0004092,ORD_002340,PROD_0004,3,49.99
ITEM_0004093,ORD_002340,PROD_0010,2,59.99
ITEM_0004094,ORD_002341,PROD_0009,3,34.99
ITEM_0004095,ORD_002341,PROD_0015,3,29.99
ITEM_0004096,ORD_002342,PROD_0003,3,129.99
ITEM_0004097,ORD_002343,PROD_0011,3,149.99
ITEM_0004098,ORD_002343,PROD_0018,1,22.99
ITEM_0004099,ORD_002344,PROD_0014,3,19.99
ITEM_0004100,ORD_002345,PROD_0019,1,34.99
ITEM_0004101,ORD_002345,PROD_0020,2,85.0
ITEM_0004102,ORD_002346,PROD_0018,2,22.99
ITEM_0004103,ORD_002347,PROD_0012,1,110.0
ITEM_0004104,ORD_002347,PROD_0017,2,29.99
ITEM_0004105,ORD_002348,PROD_0005,2,39.99
ITEM_0004106,ORD_002348,PROD_0013,2,69.99
ITEM_0004107,ORD_002349,PROD_0006,3,89.99
ITEM_0004108,ORD_002349,PROD_0012,2,110.0
ITEM_0004109,ORD_002350,PROD_0006,1,89.99
ITEM_0004110,ORD_002351,PROD_0013,1,69.99
ITEM_0004111,ORD_002352,PROD_0009,1,34.99
ITEM_0004112,ORD_002352,PROD_0006,1,89.99
ITEM_0004113,ORD_002353,PROD_0019,1,34.99
ITEM_0004114,ORD_002354,PROD_0006,1,89.99
ITEM_0004115,ORD_002355,PROD_0011,2,149.99
ITEM_0004116,ORD_002356,PROD_0010,3,59.99
ITEM_0004117,ORD_002357,PROD_0003,2,129.99
ITEM_0004118,ORD_002358,PROD_0005,1,39.99
ITEM_0004119,ORD_002358,PROD_0006,3,89.99
ITEM_0004120,ORD_002359,PROD_0014,2,19.99
ITEM_0004121,ORD_002359,PROD_0001,3,79.99
ITEM_0004122,ORD_002360,PROD_0004,1,49.99
ITEM_0004123,ORD_002361,PROD_0007,1,24.99
ITEM_0004124,ORD_002362,PROD_0006,1,89.99
ITEM_0004125,ORD_002363,PROD_0008,1,119.99
ITEM_0004126,ORD_002364,PROD_0020,2,85.0
ITEM_0004127,ORD_002365,PROD_0013,3,69.99
ITEM_0004128,ORD_002365,PROD_0012,1,110.0
ITEM_0004129,ORD_002366,PROD_0013,2,69.99
ITEM_0004130,ORD_002367,PROD_0007,2,24.99
ITEM_0004131,ORD_002367,PROD_0009,2,34.99
ITEM_0004132,ORD_002367,PROD_0010,1,59.99
ITEM_0004133,ORD_002368,PROD_0018,2,22.99
ITEM_0004134,ORD_002369,PROD_0006,3,89.99
ITEM_0004135,ORD_002370,PROD_0009,1,34.99
ITEM_0004136,ORD_002371,PROD_0007,2,24.99
ITEM_0004137,ORD_002371,PROD_0017,3,29.99
ITEM_0004138,ORD_002372,PROD_0010,2,59.99
ITEM_0004139,ORD_002373,PROD_0002,1,199.99
ITEM_0004140,ORD_002373,PROD_0009,3,34.99
ITEM_0004141,ORD_002374,PROD_0001,1,79.99
ITEM_0004142,ORD_002375,PROD_0016,1,39.99
ITEM_0004143,ORD_002375,PROD_0009,2,34.99
ITEM_0004144,ORD_002375,PROD_0006,3,89.99
ITEM_0004145,ORD_002376,PROD_0008,3,119.99
ITEM_0004146,ORD_002376,PROD_0016,2,39.99
ITEM_0004147,ORD_002377,PROD_0014,3,19.99
ITEM_0004148,ORD_002377,PROD_0004,2,49.99
ITEM_0004149,ORD_002377,PROD_0010,2,59.99
ITEM_0004150,ORD_002378,PROD_0013,3,69.99
ITEM_0004151,ORD_002379,PROD_0009,1,34.99
ITEM_0004152,ORD_002379,PROD_0014,2,19.99
ITEM_0004153,ORD_002379,PROD_0015,3,29.99
ITEM_0004154,ORD_002380,PROD_0010,2,59.99
ITEM_0004155,ORD_002381,PROD_0002,3,199.99
ITEM_0004156,ORD_002381,PROD_0020,1,85.0
ITEM_0004157,ORD_002382,PROD_0010,3,59.99
ITEM_0004158,ORD_002382,PROD_0011,3,149.99
ITEM_0004159,ORD_002383,PROD_0012,3,110.0
ITEM_0004160,ORD_002383,PROD_0014,1,19.99
ITEM_0004161,ORD_002383,PROD_0019,2,34.99
ITEM_0004162,ORD_002383,PROD_0002,2,199.99
ITEM_0004163,ORD_002384,PROD_0007,3,24.99
ITEM_0004164,ORD_002384,PROD_0001,1,79.99
ITEM_0004165,ORD_002385,PROD_0004,2,49.99
ITEM_0004166,ORD_002385,PROD_0018,2,22.99
ITEM_0004167,ORD_002386,PROD_0003,3,129.99
ITEM_0004168,ORD_002386,PROD_0001,3,79.99
ITEM_0004169,ORD_002387,PROD_0011,3,149.99
ITEM_0004170,ORD_002387,PROD_0002,2,199.99
ITEM_0004171,ORD_002388,PROD_0017,3,29.99
ITEM_0004172,ORD_002388,PROD_0020,2,85.0
ITEM_0004173,ORD_002388,PROD_0016,1,39.99
ITEM_0004174,ORD_002389,PROD_0005,2,39.99
ITEM_0004175,ORD_002389,PROD_0004,3,49.99
ITEM_0004176,ORD_002390,PROD_0003,1,129.99
ITEM_0004177,ORD_002390,PROD_0018,2,22.99
ITEM_0004178,ORD_002391,PROD_0003,2,129.99
ITEM_0004179,ORD_002391,PROD_0013,1,69.99
ITEM_0004180,ORD_002391,PROD_0006,3,89.99
ITEM_0004181,ORD_002392,PROD_0003,3,129.99
ITEM_0004182,ORD_002392,PROD_0019,1,34.99
ITEM_0004183,ORD_002392,PROD_0018,2,22.99
ITEM_0004184,ORD_002393,PROD_0008,3,119.99
ITEM_0004185,ORD_002393,PROD_0015,2,29.99
ITEM_0004186,ORD_002394,PROD_0013,1,69.99
ITEM_0004187,ORD_002395,PROD_0008,2,119.99
ITEM_0004188,ORD_002395,PROD_0003,3,129.99
ITEM_0004189,ORD_002396,PROD_0010,2,59.99
ITEM_0004190,ORD_002397,PROD_0003,1,129.99
ITEM_0004191,ORD_002397,PROD_0011,2,149.99
ITEM_0004192,ORD_002398,PROD_0009,3,34.99
ITEM_0004193,ORD_002399,PROD_0002,2,199.99
ITEM_0004194,ORD_002399,PROD_0005,3,39.99
ITEM_0004195,ORD_002400,PROD_0001,3,79.99
ITEM_0004196,ORD_002401,PROD_0017,2,29.99
ITEM_0004197,ORD_002402,PROD_0019,1,34.99
ITEM_0004198,ORD_002402,PROD_0005,2,39.99
ITEM_0004199,ORD_002402,PROD_0017,1,29.99
ITEM_0004200,ORD_002403,PROD_0005,1,39.99
ITEM_0004201,ORD_002403,PROD_0014,1,19.99
ITEM_0004202,ORD_002403,PROD_0010,3,59.99
ITEM_0004203,ORD_002404,PROD_0003,3,129.99
ITEM_0004204,ORD_002404,PROD_0015,1,29.99
ITEM_0004205,ORD_002405,PROD_0010,1,59.99
ITEM_0004206,ORD_002406,PROD_0017,3,29.99
ITEM_0004207,ORD_002407,PROD_0003,2,129.99
ITEM_0004208,ORD_002408,PROD_0020,2,85.0
ITEM_0004209,ORD_002409,PROD_0002,1,199.99
ITEM_0004210,ORD_002410,PROD_0006,2,89.99
ITEM_0004211,ORD_002411,PROD_0013,1,69.99
ITEM_0004212,ORD_002411,PROD_0006,1,89.99
ITEM_0004213,ORD_002411,PROD_0009,1,34.99
ITEM_0004214,ORD_002412,PROD_0005,2,39.99
ITEM_0004215,ORD_002412,PROD_0010,3,59.99
ITEM_0004216,ORD_002412,PROD_0006,1,89.99
ITEM_0004217,ORD_002413,PROD_0015,3,29.99
ITEM_0004218,ORD_002413,PROD_0012,2,110.0
ITEM_0004219,ORD_002413,PROD_0008,2,119.99
ITEM_0004220,ORD_002413,PROD_0001,3,79.99
ITEM_0004221,ORD_002414,PROD_0015,1,29.99
ITEM_0004222,ORD_002415,PROD_0010,2,59.99
ITEM_0004223,ORD_002415,PROD_0002,3,199.99
ITEM_0004224,ORD_002415,PROD_0012,1,110.0
ITEM_0004225,ORD_002416,PROD_0009,3,34.99
ITEM_0004226,ORD_002416,PROD_0001,3,79.99
ITEM_0004227,ORD_002417,PROD_0019,2,34.99
ITEM_0004228,ORD_002417,PROD_0015,3,29.99
ITEM_0004229,ORD_002417,PROD_0016,2,39.99
ITEM_0004230,ORD_002418,PROD_0008,3,119.99
ITEM_0004231,ORD_002418,PROD_0014,3,19.99
ITEM_0004232,ORD_002418,PROD_0002,2,199.99
ITEM_0004233,ORD_002418,PROD_0013,2,69.99
ITEM_0004234,ORD_002419,PROD_0010,1,59.99
ITEM_0004235,ORD_002420,PROD_0017,2,29.99
ITEM_0004236,ORD_002421,PROD_0014,3,19.99
ITEM_0004237,ORD_002422,PROD_0012,3,110.0
ITEM_0004238,ORD_002423,PROD_0020,3,85.0
ITEM_0004239,ORD_002423,PROD_0018,2,22.99
ITEM_0004240,ORD_002423,PROD_0008,2,119.99
ITEM_0004241,ORD_002424,PROD_0015,2,29.99
ITEM_0004242,ORD_002424,PROD_0006,1,89.99
ITEM_0004243,ORD_002425,PROD_0017,1,29.99
ITEM_0004244,ORD_002426,PROD_0007,1,24.99
ITEM_0004245,ORD_002426,PROD_0003,1,129.99
ITEM_0004246,ORD_002427,PROD_0015,3,29.99
ITEM_0004247,ORD_002428,PROD_0010,1,59.99
ITEM_0004248,ORD_002428,PROD_0008,2,119.99
ITEM_0004249,ORD_002428,PROD_0002,1,199.99
ITEM_0004250,ORD_002428,PROD_0020,1,85.0
ITEM_0004251,ORD_002429,PROD_0005,1,39.99
ITEM_0004252,ORD_002430,PROD_0011,2,149.99
ITEM_0004253,ORD_002430,PROD_0013,1,69.99
ITEM_0004254,ORD_002431,PROD_0002,1,199.99
ITEM_0004255,ORD_002431,PROD_0017,1,29.99
ITEM_0004256,ORD_002432,PROD_0004,3,49.99
ITEM_0004257,ORD_002433,PROD_0018,1,22.99
ITEM_0004258,ORD_002433,PROD_0002,1,199.99
ITEM_0004259,ORD_002433,PROD_0012,2,110.0
ITEM_0004260,ORD_002434,PROD_0001,1,79.99
ITEM_0004261,ORD_002434,PROD_0015,3,29.99
ITEM_0004262,ORD_002435,PROD_0005,2,39.99
ITEM_0004263,ORD_002435,PROD_0010,1,59.99
ITEM_0004264,ORD_002435,PROD_0001,3,79.99
ITEM_0004265,ORD_002435,PROD_0019,1,34.99
ITEM_0004266,ORD_002436,PROD_0016,1,39.99
ITEM_0004267,ORD_002436,PROD_0011,2,149.99
ITEM_0004268,ORD_002437,PROD_0003,2,129.99
ITEM_0004269,ORD_002437,PROD_0016,1,39.99
ITEM_0004270,ORD_002438,PROD_0002,3,199.99
ITEM_0004271,ORD_002439,PROD_0016,1,39.99
ITEM_0004272,ORD_002440,PROD_0010,2,59.99
ITEM_0004273,ORD_002441,PROD_0016,2,39.99
ITEM_0004274,ORD_002441,PROD_0014,1,19.99
ITEM_0004275,ORD_002442,PROD_0001,2,79.99
ITEM_0004276,ORD_002442,PROD_0016,3,39.99
ITEM_0004277,ORD_002442,PROD_0014,1,19.99
ITEM_0004278,ORD_002442,PROD_0011,3,149.99
ITEM_0004279,ORD_002443,PROD_0008,3,119.99
ITEM_0004280,ORD_002444,PROD_0007,1,24.99
ITEM_0004281,ORD_002445,PROD_0012,3,110.0
ITEM_0004282,ORD_002446,PROD_0015,2,29.99
ITEM_0004283,ORD_002447,PROD_0004,2,49.99
ITEM_0004284,ORD_002447,PROD_0013,1,69.99
ITEM_0004285,ORD_002448,PROD_0001,3,79.99
ITEM_0004286,ORD_002448,PROD_0010,2,59.99
ITEM_0004287,ORD_002449,PROD_0018,3,22.99
ITEM_0004288,ORD_002449,PROD_0005,1,39.99
ITEM_0004289,ORD_002449,PROD_0006,3,89.99
ITEM_0004290,ORD_002450,PROD_0002,3,199.99
ITEM_0004291,ORD_002450,PROD_0008,2,119.99
ITEM_0004292,ORD_002451,PROD_0001,1,79.99
ITEM_0004293,ORD_002451,PROD_0015,2,29.99
ITEM_0004294,ORD_002452,PROD_0003,3,129.99
ITEM_0004295,ORD_002452,PROD_0013,3,69.99
ITEM_0004296,ORD_002453,PROD_0014,1,19.99
ITEM_0004297,ORD_002454,PROD_0001,2,79.99
ITEM_0004298,ORD_002455,PROD_0020,1,85.0
ITEM_0004299,ORD_002455,PROD_0018,1,22.99
ITEM_0004300,ORD_002456,PROD_0020,1,85.0
ITEM_0004301,ORD_002456,PROD_0003,1,129.99
ITEM_0004302,ORD_002457,PROD_0005,3,39.99
ITEM_0004303,ORD_002457,PROD_0013,2,69.99
ITEM_0004304,ORD_002457,PROD_0019,3,34.99
ITEM_0004305,ORD_002458,PROD_0013,1,69.99
ITEM_0004306,ORD_002459,PROD_0015,1,29.99
ITEM_0004307,ORD_002460,PROD_0016,2,39.99
ITEM_0004308,ORD_002460,PROD_0001,3,79.99
ITEM_0004309,ORD_002461,PROD_0002,3,199.99
ITEM_0004310,ORD_002461,PROD_0018,1,22.99
ITEM_0004311,ORD_002462,PROD_0003,3,129.99
ITEM_0004312,ORD_002463,PROD_0016,2,39.99
ITEM_0004313,ORD_002464,PROD_0019,1,34.99
ITEM_0004314,ORD_002464,PROD_0013,1,69.99
ITEM_0004315,ORD_002465,PROD_0010,3,59.99
ITEM_0004316,ORD_002465,PROD_0001,2,79.99
ITEM_0004317,ORD_002466,PROD_0002,1,199.99
ITEM_0004318,ORD_002466,PROD_0011,2,149.99
ITEM_0004319,ORD_002467,PROD_0012,3,110.0
ITEM_0004320,ORD_002467,PROD_0002,3,199.99
ITEM_0004321,ORD_002467,PROD_0005,2,39.99
ITEM_0004322,ORD_002468,PROD_0019,1,34.99
ITEM_0004323,ORD_002468,PROD_0004,3,49.99
ITEM_0004324,ORD_002469,PROD_0008,3,119.99
ITEM_0004325,ORD_002469,PROD_0001,2,79.99
ITEM_0004326,ORD_002469,PROD_0005,2,39.99
ITEM_0004327,ORD_002470,PROD_0019,1,34.99
ITEM_0004328,ORD_002470,PROD_0015,1,29.99
ITEM_0004329,ORD_002471,PROD_0002,2,199.99
ITEM_0004330,ORD_002471,PROD_0020,2,85.0
ITEM_0004331,ORD_002471,PROD_0018,2,22.99
ITEM_0004332,ORD_002471,PROD_0014,3,19.99
ITEM_0004333,ORD_002472,PROD_0019,3,34.99
ITEM_0004334,ORD_002472,PROD_0005,2,39.99
ITEM_0004335,ORD_002472,PROD_0002,3,199.99
ITEM_0004336,ORD_002472,PROD_0011,2,149.99
ITEM_0004337,ORD_002473,PROD_0004,1,49.99
ITEM_0004338,ORD_002473,PROD_0018,3,22.99
ITEM_0004339,ORD_002474,PROD_0012,2,110.0
ITEM_0004340,ORD_002475,PROD_0006,2,89.99
ITEM_0004341,ORD_002475,PROD_0020,1,85.0
ITEM_0004342,ORD_002475,PROD_0012,2,110.0
ITEM_0004343,ORD_002475,PROD_0005,3,39.99
ITEM_0004344,ORD_002476,PROD_0014,2,19.99
ITEM_0004345,ORD_002477,PROD_0010,2,59.99
ITEM_0004346,ORD_002478,PROD_0012,2,110.0
ITEM_0004347,ORD_002479,PROD_0001,2,79.99
ITEM_0004348,ORD_002479,PROD_0003,2,129.99
ITEM_0004349,ORD_002479,PROD_0015,1,29.99
ITEM_0004350,ORD_002479,PROD_0008,2,119.99
ITEM_0004351,ORD_002480,PROD_0019,2,34.99
ITEM_0004352,ORD_002480,PROD_0002,2,199.99
ITEM_0004353,ORD_002481,PROD_0010,3,59.99
ITEM_0004354,ORD_002481,PROD_0015,2,29.99
ITEM_0004355,ORD_002482,PROD_0007,3,24.99
ITEM_0004356,ORD_002482,PROD_0004,1,49.99
ITEM_0004357,ORD_002483,PROD_0003,3,129.99
ITEM_0004358,ORD_002484,PROD_0013,1,69.99
ITEM_0004359,ORD_002484,PROD_0019,3,34.99
ITEM_0004360,ORD_002484,PROD_0007,1,24.99
ITEM_0004361,ORD_002485,PROD_0009,1,34.99
ITEM_0004362,ORD_002485,PROD_0018,2,22.99
ITEM_0004363,ORD_002486,PROD_0008,3,119.99
ITEM_0004364,ORD_002486,PROD_0016,2,39.99
ITEM_0004365,ORD_002487,PROD_0006,2,89.99
ITEM_0004366,ORD_002488,PROD_0005,3,39.99
ITEM_0004367,ORD_002489,PROD_0019,1,34.99
ITEM_0004368,ORD_002490,PROD_0006,3,89.99
ITEM_0004369,ORD_002491,PROD_0006,3,89.99
ITEM_0004370,ORD_002492,PROD_0011,3,149.99
ITEM_0004371,ORD_002492,PROD_0005,1,39.99
ITEM_0004372,ORD_002493,PROD_0001,1,79.99
ITEM_0004373,ORD_002494,PROD_0005,3,39.99
ITEM_0004374,ORD_002495,PROD_0001,2,79.99
ITEM_0004375,ORD_002495,PROD_0016,3,39.99
ITEM_0004376,ORD_002495,PROD_0011,2,149.99
ITEM_0004377,ORD_002496,PROD_0015,3,29.99
ITEM_0004378,ORD_002496,PROD_0011,1,149.99
ITEM_0004379,ORD_002496,PROD_0014,1,19.99
ITEM_0004380,ORD_002497,PROD_0013,3,69.99
ITEM_0004381,ORD_002498,PROD_0005,1,39.99
ITEM_0004382,ORD_002498,PROD_0020,1,85.0
ITEM_0004383,ORD_002498,PROD_0016,2,39.99
ITEM_0004384,ORD_002498,PROD_0015,3,29.99
ITEM_0004385,ORD_002499,PROD_0013,3,69.99
ITEM_0004386,ORD_002499,PROD_0010,2,59.99
ITEM_0004387,ORD_002499,PROD_0016,1,39.99
ITEM_0004388,ORD_002499,PROD_0001,1,79.99
ITEM_0004389,ORD_002500,PROD_0011,2,149.99
ITEM_0004390,ORD_002501,PROD_0002,1,199.99
ITEM_0004391,ORD_002501,PROD_0016,2,39.99
ITEM_0004392,ORD_002502,PROD_0014,2,19.99
ITEM_0004393,ORD_002502,PROD_0016,2,39.99
ITEM_0004394,ORD_002503,PROD_0001,1,79.99
ITEM_0004395,ORD_002503,PROD_0014,3,19.99
ITEM_0004396,ORD_002504,PROD_0012,2,110.0
ITEM_0004397,ORD_002504,PROD_0013,3,69.99
ITEM_0004398,ORD_002505,PROD_0019,3,34.99
ITEM_0004399,ORD_002505,PROD_0007,3,24.99
ITEM_0004400,ORD_002506,PROD_0019,3,34.99
ITEM_0004401,ORD_002507,PROD_0017,2,29.99
ITEM_0004402,ORD_002507,PROD_0014,2,19.99
ITEM_0004403,ORD_002508,PROD_0007,1,24.99
ITEM_0004404,ORD_002508,PROD_0005,1,39.99
ITEM_0004405,ORD_002509,PROD_0013,1,69.99
ITEM_0004406,ORD_002510,PROD_0004,3,49.99
ITEM_0004407,ORD_002511,PROD_0001,3,79.99
ITEM_0004408,ORD_002512,PROD_0006,3,89.99
ITEM_0004409,ORD_002512,PROD_0005,2,39.99
ITEM_0004410,ORD_002513,PROD_0006,3,89.99
ITEM_0004411,ORD_002514,PROD_0017,3,29.99
ITEM_0004412,ORD_002514,PROD_0020,3,85.0
ITEM_0004413,ORD_002514,PROD_0005,3,39.99
ITEM_0004414,ORD_002515,PROD_0018,3,22.99
ITEM_0004415,ORD_002516,PROD_0007,3,24.99
ITEM_0004416,ORD_002517,PROD_0019,2,34.99
ITEM_0004417,ORD_002518,PROD_0014,2,19.99
ITEM_0004418,ORD_002519,PROD_0018,2,22.99
ITEM_0004419,ORD_002520,PROD_0002,1,199.99
ITEM_0004420,ORD_002520,PROD_0018,2,22.99
ITEM_0004421,ORD_002520,PROD_0020,2,85.0
ITEM_0004422,ORD_002521,PROD_0012,3,110.0
ITEM_0004423,ORD_002522,PROD_0017,2,29.99
ITEM_0004424,ORD_002523,PROD_0006,2,89.99
ITEM_0004425,ORD_002524,PROD_0015,3,29.99
ITEM_0004426,ORD_002525,PROD_0012,2,110.0
ITEM_0004427,ORD_002525,PROD_0003,2,129.99
ITEM_0004428,ORD_002526,PROD_0010,2,59.99
ITEM_0004429,ORD_002526,PROD_0009,2,34.99
ITEM_0004430,ORD_002526,PROD_0003,1,129.99
ITEM_0004431,ORD_002527,PROD_0018,2,22.99
ITEM_0004432,ORD_002527,PROD_0014,2,19.99
ITEM_0004433,ORD_002528,PROD_0001,1,79.99
ITEM_0004434,ORD_002529,PROD_0009,1,34.99
ITEM_0004435,ORD_002529,PROD_0005,1,39.99
ITEM_0004436,ORD_002529,PROD_0007,1,24.99
ITEM_0004437,ORD_002530,PROD_0020,1,85.0
ITEM_0004438,ORD_002531,PROD_0007,3,24.99
ITEM_0004439,ORD_002531,PROD_0009,2,34.99
ITEM_0004440,ORD_002532,PROD_0016,2,39.99
ITEM_0004441,ORD_002533,PROD_0007,2,24.99
ITEM_0004442,ORD_002534,PROD_0002,2,199.99
ITEM_0004443,ORD_002535,PROD_0001,3,79.99
ITEM_0004444,ORD_002535,PROD_0019,2,34.99
ITEM_0004445,ORD_002535,PROD_0011,3,149.99
ITEM_0004446,ORD_002535,PROD_0016,1,39.99
ITEM_0004447,ORD_002536,PROD_0018,1,22.99
ITEM_0004448,ORD_002536,PROD_0002,3,199.99
ITEM_0004449,ORD_002536,PROD_0005,3,39.99
ITEM_0004450,ORD_002537,PROD_0002,3,199.99
ITEM_0004451,ORD_002537,PROD_0008,1,119.99
ITEM_0004452,ORD_002538,PROD_0001,1,79.99
ITEM_0004453,ORD_002538,PROD_0015,1,29.99
ITEM_0004454,ORD_002539,PROD_0015,2,29.99
ITEM_0004455,ORD_002540,PROD_0004,3,49.99
ITEM_0004456,ORD_002541,PROD_0017,1,29.99
ITEM_0004457,ORD_002542,PROD_0020,2,85.0
ITEM_0004458,ORD_002543,PROD_0014,1,19.99
ITEM_0004459,ORD_002544,PROD_0012,2,110.0
ITEM_0004460,ORD_002544,PROD_0018,1,22.99
ITEM_0004461,ORD_002545,PROD_0017,1,29.99
ITEM_0004462,ORD_002546,PROD_0019,2,34.99
ITEM_0004463,ORD_002547,PROD_0003,1,129.99
ITEM_0004464,ORD_002547,PROD_0015,2,29.99
ITEM_0004465,ORD_002547,PROD_0018,2,22.99
ITEM_0004466,ORD_002548,PROD_0020,2,85.0
ITEM_0004467,ORD_002549,PROD_0005,1,39.99
ITEM_0004468,ORD_002550,PROD_0005,3,39.99
ITEM_0004469,ORD_002551,PROD_0014,3,19.99
ITEM_0004470,ORD_002552,PROD_0018,2,22.99
ITEM_0004471,ORD_002552,PROD_0009,3,34.99
ITEM_0004472,ORD_002553,PROD_0014,3,19.99
ITEM_0004473,ORD_002553,PROD_0016,3,39.99
ITEM_0004474,ORD_002554,PROD_0002,3,199.99
ITEM_0004475,ORD_002554,PROD_0015,1,29.99
ITEM_0004476,ORD_002555,PROD_0020,2,85.0
ITEM_0004477,ORD_002556,PROD_0013,3,69.99
ITEM_0004478,ORD_002556,PROD_0006,2,89.99
ITEM_0004479,ORD_002557,PROD_0017,3,29.99
ITEM_0004480,ORD_002558,PROD_0019,1,34.99
ITEM_0004481,ORD_002559,PROD_0011,1,149.99
ITEM_0004482,ORD_002559,PROD_0003,3,129.99
ITEM_0004483,ORD_002560,PROD_0004,1,49.99
ITEM_0004484,ORD_002560,PROD_0017,2,29.99
ITEM_0004485,ORD_002561,PROD_0004,1,49.99
ITEM_0004486,ORD_002562,PROD_0005,1,39.99
ITEM_0004487,ORD_002562,PROD_0013,2,69.99
ITEM_0004488,ORD_002563,PROD_0014,1,19.99
ITEM_0004489,ORD_002563,PROD_0010,3,59.99
ITEM_0004490,ORD_002564,PROD_0015,3,29.99
ITEM_0004491,ORD_002565,PROD_0007,1,24.99
ITEM_0004492,ORD_002565,PROD_0011,3,149.99
ITEM_0004493,ORD_002565,PROD_0012,1,110.0
ITEM_0004494,ORD_002565,PROD_0015,1,29.99
ITEM_0004495,ORD_002566,PROD_0011,3,149.99
ITEM_0004496,ORD_002567,PROD_0002,3,199.99
ITEM_0004497,ORD_002567,PROD_0012,2,110.0
ITEM_0004498,ORD_002568,PROD_0008,1,119.99
ITEM_0004499,ORD_002568,PROD_0017,2,29.99
ITEM_0004500,ORD_002568,PROD_0009,2,34.99
ITEM_0004501,ORD_002569,PROD_0003,2,129.99
ITEM_0004502,ORD_002570,PROD_0004,1,49.99
ITEM_0004503,ORD_002570,PROD_0005,2,39.99
ITEM_0004504,ORD_002570,PROD_0008,3,119.99
ITEM_0004505,ORD_002571,PROD_0013,3,69.99
ITEM_0004506,ORD_002571,PROD_0018,3,22.99
ITEM_0004507,ORD_002572,PROD_0002,3,199.99
ITEM_0004508,ORD_002573,PROD_0009,1,34.99
ITEM_0004509,ORD_002573,PROD_0014,1,19.99
ITEM_0004510,ORD_002574,PROD_0010,3,59.99
ITEM_0004511,ORD_002574,PROD_0001,2,79.99
ITEM_0004512,ORD_002574,PROD_0003,2,129.99
ITEM_0004513,ORD_002575,PROD_0007,2,24.99
ITEM_0004514,ORD_002575,PROD_0004,2,49.99
ITEM_0004515,ORD_002576,PROD_0005,2,39.99
ITEM_0004516,ORD_002576,PROD_0015,3,29.99
ITEM_0004517,ORD_002577,PROD_0019,2,34.99
ITEM_0004518,ORD_002578,PROD_0006,2,89.99
ITEM_0004519,ORD_002579,PROD_0018,3,22.99
ITEM_0004520,ORD_002580,PROD_0001,2,79.99
ITEM_0004521,ORD_002580,PROD_0015,2,29.99
ITEM_0004522,ORD_002581,PROD_0004,2,49.99
ITEM_0004523,ORD_002582,PROD_0016,1,39.99
ITEM_0004524,ORD_002583,PROD_0001,3,79.99
ITEM_0004525,ORD_002584,PROD_0003,2,129.99
ITEM_0004526,ORD_002584,PROD_0010,3,59.99
ITEM_0004527,ORD_002585,PROD_0019,2,34.99
ITEM_0004528,ORD_002585,PROD_0009,2,34.99
ITEM_0004529,ORD_002585,PROD_0018,1,22.99
ITEM_0004530,ORD_002586,PROD_0005,1,39.99
ITEM_0004531,ORD_002586,PROD_0018,1,22.99
ITEM_0004532,ORD_002586,PROD_0013,1,69.99
ITEM_0004533,ORD_002587,PROD_0019,1,34.99
ITEM_0004534,ORD_002588,PROD_0015,2,29.99
ITEM_0004535,ORD_002589,PROD_0011,2,149.99
ITEM_0004536,ORD_002590,PROD_0005,2,39.99
ITEM_0004537,ORD_002590,PROD_0020,3,85.0
ITEM_0004538,ORD_002591,PROD_0007,3,24.99
ITEM_0004539,ORD_002592,PROD_0001,3,79.99
ITEM_0004540,ORD_002593,PROD_0009,1,34.99
ITEM_0004541,ORD_002593,PROD_0013,3,69.99
ITEM_0004542,ORD_002594,PROD_0012,2,110.0
ITEM_0004543,ORD_002594,PROD_0003,2,129.99
ITEM_0004544,ORD_002595,PROD_0013,2,69.99
ITEM_0004545,ORD_002595,PROD_0002,1,199.99
ITEM_0004546,ORD_002595,PROD_0004,2,49.99
ITEM_0004547,ORD_002596,PROD_0012,2,110.0
ITEM_0004548,ORD_002596,PROD_0013,3,69.99
ITEM_0004549,ORD_002597,PROD_0015,2,29.99
ITEM_0004550,ORD_002598,PROD_0018,3,22.99
ITEM_0004551,ORD_002599,PROD_0007,3,24.99
ITEM_0004552,ORD_002600,PROD_0018,2,22.99
ITEM_0004553,ORD_002601,PROD_0003,2,129.99
ITEM_0004554,ORD_002601,PROD_0009,3,34.99
ITEM_0004555,ORD_002601,PROD_0012,2,110.0
ITEM_0004556,ORD_002601,PROD_0019,2,34.99
ITEM_0004557,ORD_002602,PROD_0004,2,49.99
ITEM_0004558,ORD_002603,PROD_0011,2,149.99
ITEM_0004559,ORD_002603,PROD_0007,1,24.99
ITEM_0004560,ORD_002604,PROD_0016,1,39.99
ITEM_0004561,ORD_002605,PROD_0012,3,110.0
ITEM_0004562,ORD_002605,PROD_0017,3,29.99
ITEM_0004563,ORD_002606,PROD_0007,1,24.99
ITEM_0004564,ORD_002607,PROD_0016,3,39.99
ITEM_0004565,ORD_002608,PROD_0003,3,129.99
ITEM_0004566,ORD_002608,PROD_0018,3,22.99
ITEM_0004567,ORD_002609,PROD_0011,3,149.99
ITEM_0004568,ORD_002610,PROD_0019,2,34.99
ITEM_0004569,ORD_002610,PROD_0007,1,24.99
ITEM_0004570,ORD_002610,PROD_0008,3,119.99
ITEM_0004571,ORD_002611,PROD_0002,1,199.99
ITEM_0004572,ORD_002612,PROD_0011,1,149.99
ITEM_0004573,ORD_002612,PROD_0001,2,79.99
ITEM_0004574,ORD_002612,PROD_0020,1,85.0
ITEM_0004575,ORD_002612,PROD_0005,1,39.99
ITEM_0004576,ORD_002613,PROD_0011,3,149.99
ITEM_0004577,ORD_002614,PROD_0013,3,69.99
ITEM_0004578,ORD_002615,PROD_0005,2,39.99
ITEM_0004579,ORD_002616,PROD_0006,1,89.99
ITEM_0004580,ORD_002617,PROD_0020,2,85.0
ITEM_0004581,ORD_002617,PROD_0002,1,199.99
ITEM_0004582,ORD_002617,PROD_0003,1,129.99
ITEM_0004583,ORD_002617,PROD_0004,3,49.99
ITEM_0004584,ORD_002618,PROD_0012,1,110.0
ITEM_0004585,ORD_002618,PROD_0006,1,89.99
ITEM_0004586,ORD_002619,PROD_0014,1,19.99
ITEM_0004587,ORD_002620,PROD_0010,1,59.99
ITEM_0004588,ORD_002620,PROD_0020,1,85.0
ITEM_0004589,ORD_002621,PROD_0007,3,24.99
ITEM_0004590,ORD_002622,PROD_0015,3,29.99
ITEM_0004591,ORD_002623,PROD_0018,1,22.99
ITEM_0004592,ORD_002623,PROD_0012,2,110.0
ITEM_0004593,ORD_002624,PROD_0013,1,69.99
ITEM_0004594,ORD_002624,PROD_0020,2,85.0
ITEM_0004595,ORD_002625,PROD_0008,3,119.99
ITEM_0004596,ORD_002626,PROD_0009,1,34.99
ITEM_0004597,ORD_002627,PROD_0015,3,29.99
ITEM_0004598,ORD_002628,PROD_0018,1,22.99
ITEM_0004599,ORD_002629,PROD_0011,3,149.99
ITEM_0004600,ORD_002629,PROD_0008,2,119.99
ITEM_0004601,ORD_002630,PROD_0016,3,39.99
ITEM_0004602,ORD_002631,PROD_0018,3,22.99
ITEM_0004603,ORD_002631,PROD_0008,2,119.99
ITEM_0004604,ORD_002632,PROD_0014,2,19.99
ITEM_0004605,ORD_002632,PROD_0008,1,119.99
ITEM_0004606,ORD_002633,PROD_0019,3,34.99
ITEM_0004607,ORD_002634,PROD_0003,3,129.99
ITEM_0004608,ORD_002634,PROD_0014,3,19.99
ITEM_0004609,ORD_002635,PROD_0017,1,29.99
ITEM_0004610,ORD_002635,PROD_0007,2,24.99
ITEM_0004611,ORD_002635,PROD_0015,1,29.99
ITEM_0004612,ORD_002636,PROD_0006,3,89.99
ITEM_0004613,ORD_002637,PROD_0001,1,79.99
ITEM_0004614,ORD_002637,PROD_0018,1,22.99
ITEM_0004615,ORD_002637,PROD_0005,1,39.99
ITEM_0004616,ORD_002637,PROD_0013,1,69.99
ITEM_0004617,ORD_002638,PROD_0010,3,59.99
ITEM_0004618,ORD_002638,PROD_0015,2,29.99
ITEM_0004619,ORD_002639,PROD_0006,2,89.99
ITEM_0004620,ORD_002639,PROD_0013,1,69.99
ITEM_0004621,ORD_002640,PROD_0005,3,39.99
ITEM_0004622,ORD_002641,PROD_0019,3,34.99
ITEM_0004623,ORD_002642,PROD_0013,2,69.99
ITEM_0004624,ORD_002643,PROD_0001,1,79.99
ITEM_0004625,ORD_002644,PROD_0002,2,199.99
ITEM_0004626,ORD_002644,PROD_0004,3,49.99
ITEM_0004627,ORD_002645,PROD_0008,1,119.99
ITEM_0004628,ORD_002645,PROD_0019,1,34.99
ITEM_0004629,ORD_002646,PROD_0009,2,34.99
ITEM_0004630,ORD_002647,PROD_0009,3,34.99
ITEM_0004631,ORD_002647,PROD_0018,2,22.99
ITEM_0004632,ORD_002647,PROD_0004,1,49.99
ITEM_0004633,ORD_002647,PROD_0010,3,59.99
ITEM_0004634,ORD_002648,PROD_0007,3,24.99
ITEM_0004635,ORD_002649,PROD_0010,3,59.99
ITEM_0004636,ORD_002650,PROD_0010,1,59.99
ITEM_0004637,ORD_002651,PROD_0004,3,49.99
ITEM_0004638,ORD_002651,PROD_0013,3,69.99
ITEM_0004639,ORD_002651,PROD_0018,1,22.99
ITEM_0004640,ORD_002652,PROD_0007,2,24.99
ITEM_0004641,ORD_002653,PROD_0007,3,24.99
ITEM_0004642,ORD_002653,PROD_0011,3,149.99
ITEM_0004643,ORD_002653,PROD_0020,1,85.0
ITEM_0004644,ORD_002653,PROD_0003,2,129.99
ITEM_0004645,ORD_002654,PROD_0018,2,22.99
ITEM_0004646,ORD_002655,PROD_0003,3,129.99
ITEM_0004647,ORD_002655,PROD_0016,3,39.99
ITEM_0004648,ORD_002655,PROD_0004,2,49.99
ITEM_0004649,ORD_002656,PROD_0010,2,59.99
ITEM_0004650,ORD_002656,PROD_0015,1,29.99
ITEM_0004651,ORD_002656,PROD_0001,1,79.99
ITEM_0004652,ORD_002656,PROD_0006,1,89.99
ITEM_0004653,ORD_002657,PROD_0010,3,59.99
ITEM_0004654,ORD_002657,PROD_0011,1,149.99
ITEM_0004655,ORD_002657,PROD_0005,2,39.99
ITEM_0004656,ORD_002658,PROD_0014,1,19.99
ITEM_0004657,ORD_002659,PROD_0016,3,39.99
ITEM_0004658,ORD_002660,PROD_0006,1,89.99
ITEM_0004659,ORD_002660,PROD_0008,3,119.99
ITEM_0004660,ORD_002660,PROD_0005,1,39.99
ITEM_0004661,ORD_002660,PROD_0004,1,49.99
ITEM_0004662,ORD_002661,PROD_0014,3,19.99
ITEM_0004663,ORD_002662,PROD_0009,2,34.99
ITEM_0004664,ORD_002663,PROD_0010,3,59.99
ITEM_0004665,ORD_002664,PROD_0003,3,129.99
ITEM_0004666,ORD_002664,PROD_0015,3,29.99
ITEM_0004667,ORD_002665,PROD_0012,3,110.0
ITEM_0004668,ORD_002665,PROD_0014,3,19.99
ITEM_0004669,ORD_002665,PROD_0013,1,69.99
ITEM_0004670,ORD_002666,PROD_0011,3,149.99
ITEM_0004671,ORD_002667,PROD_0017,2,29.99
ITEM_0004672,ORD_002668,PROD_0013,2,69.99
ITEM_0004673,ORD_002669,PROD_0001,1,79.99
ITEM_0004674,ORD_002670,PROD_0001,2,79.99
ITEM_0004675,ORD_002670,PROD_0013,1,69.99
ITEM_0004676,ORD_002670,PROD_0017,3,29.99
ITEM_0004677,ORD_002671,PROD_0001,3,79.99
ITEM_0004678,ORD_002671,PROD_0014,2,19.99
ITEM_0004679,ORD_002671,PROD_0019,1,34.99
ITEM_0004680,ORD_002672,PROD_0016,3,39.99
ITEM_0004681,ORD_002673,PROD_0006,3,89.99
ITEM_0004682,ORD_002674,PROD_0010,2,59.99
ITEM_0004683,ORD_002674,PROD_0001,1,79.99
ITEM_0004684,ORD_002675,PROD_0019,3,34.99
ITEM_0004685,ORD_002675,PROD_0010,3,59.99
ITEM_0004686,ORD_002675,PROD_0002,2,199.99
ITEM_0004687,ORD_002675,PROD_0001,2,79.99
ITEM_0004688,ORD_002676,PROD_0004,2,49.99
ITEM_0004689,ORD_002677,PROD_0015,3,29.99
ITEM_0004690,ORD_002678,PROD_0012,3,110.0
ITEM_0004691,ORD_002679,PROD_0005,1,39.99
ITEM_0004692,ORD_002680,PROD_0011,2,149.99
ITEM_0004693,ORD_002680,PROD_0008,1,119.99
ITEM_0004694,ORD_002681,PROD_0009,2,34.99
ITEM_0004695,ORD_002681,PROD_0010,3,59.99
ITEM_0004696,ORD_002681,PROD_0016,3,39.99
ITEM_0004697,ORD_002682,PROD_0017,1,29.99
ITEM_0004698,ORD_002683,PROD_0016,3,39.99
ITEM_0004699,ORD_002683,PROD_0018,1,22.99
ITEM_0004700,ORD_002684,PROD_0005,3,39.99
ITEM_0004701,ORD_002684,PROD_0004,3,49.99
ITEM_0004702,ORD_002685,PROD_0013,2,69.99
ITEM_0004703,ORD_002685,PROD_0019,2,34.99
ITEM_0004704,ORD_002685,PROD_0001,2,79.99
ITEM_0004705,ORD_002686,PROD_0001,3,79.99
ITEM_0004706,ORD_002686,PROD_0018,1,22.99
ITEM_0004707,ORD_002687,PROD_0019,3,34.99
ITEM_0004708,ORD_002687,PROD_0002,2,199.99
ITEM_0004709,ORD_002687,PROD_0010,1,59.99
ITEM_0004710,ORD_002687,PROD_0012,2,110.0
ITEM_0004711,ORD_002688,PROD_0015,2,29.99
ITEM_0004712,ORD_002689,PROD_0011,1,149.99
ITEM_0004713,ORD_002690,PROD_0003,1,129.99
ITEM_0004714,ORD_002690,PROD_0010,2,59.99
ITEM_0004715,ORD_002691,PROD_0007,3,24.99
ITEM_0004716,ORD_002691,PROD_0016,1,39.99
ITEM_0004717,ORD_002692,PROD_0010,2,59.99
ITEM_0004718,ORD_002693,PROD_0006,2,89.99
ITEM_0004719,ORD_002694,PROD_0002,2,199.99
ITEM_0004720,ORD_002694,PROD_0009,1,34.99
ITEM_0004721,ORD_002695,PROD_0013,3,69.99
ITEM_0004722,ORD_002696,PROD_0019,2,34.99
ITEM_0004723,ORD_002697,PROD_0006,1,89.99
ITEM_0004724,ORD_002698,PROD_0020,2,85.0
ITEM_0004725,ORD_002698,PROD_0011,1,149.99
ITEM_0004726,ORD_002699,PROD_0018,1,22.99
ITEM_0004727,ORD_002700,PROD_0005,3,39.99
ITEM_0004728,ORD_002700,PROD_0014,1,19.99
ITEM_0004729,ORD_002700,PROD_0013,2,69.99
ITEM_0004730,ORD_002701,PROD_0006,1,89.99
ITEM_0004731,ORD_002702,PROD_0006,3,89.99
ITEM_0004732,ORD_002703,PROD_0016,2,39.99
ITEM_0004733,ORD_002703,PROD_0001,1,79.99
ITEM_0004734,ORD_002704,PROD_0019,2,34.99
ITEM_0004735,ORD_002704,PROD_0006,1,89.99
ITEM_0004736,ORD_002704,PROD_0017,1,29.99
ITEM_0004737,ORD_002705,PROD_0019,1,34.99
ITEM_0004738,ORD_002706,PROD_0008,1,119.99
ITEM_0004739,ORD_002707,PROD_0001,3,79.99
ITEM_0004740,ORD_002708,PROD_0006,3,89.99
ITEM_0004741,ORD_002709,PROD_0012,3,110.0
ITEM_0004742,ORD_002709,PROD_0010,3,59.99
ITEM_0004743,ORD_002710,PROD_0010,1,59.99
ITEM_0004744,ORD_002711,PROD_0015,2,29.99
ITEM_0004745,ORD_002711,PROD_0020,2,85.0
ITEM_0004746,ORD_002711,PROD_0018,3,22.99
ITEM_0004747,ORD_002711,PROD_0003,2,129.99
ITEM_0004748,ORD_002712,PROD_0004,1,49.99
ITEM_0004749,ORD_002713,PROD_0003,2,129.99
ITEM_0004750,ORD_002713,PROD_0015,1,29.99
ITEM_0004751,ORD_002713,PROD_0016,2,39.99
ITEM_0004752,ORD_002714,PROD_0014,3,19.99
ITEM_0004753,ORD_002714,PROD_0003,1,129.99
ITEM_0004754,ORD_002714,PROD_0005,3,39.99
ITEM_0004755,ORD_002715,PROD_0014,1,19.99
ITEM_0004756,ORD_002715,PROD_0003,1,129.99
ITEM_0004757,ORD_002716,PROD_0016,1,39.99
ITEM_0004758,ORD_002717,PROD_0011,1,149.99
ITEM_0004759,ORD_002718,PROD_0019,3,34.99
ITEM_0004760,ORD_002718,PROD_0005,3,39.99
ITEM_0004761,ORD_002719,PROD_0014,2,19.99
ITEM_0004762,ORD_002719,PROD_0008,1,119.99
ITEM_0004763,ORD_002720,PROD_0001,2,79.99
ITEM_0004764,ORD_002721,PROD_0019,1,34.99
ITEM_0004765,ORD_002721,PROD_0005,1,39.99
ITEM_0004766,ORD_002722,PROD_0017,1,29.99
ITEM_0004767,ORD_002722,PROD_0013,2,69.99
ITEM_0004768,ORD_002723,PROD_0016,3,39.99
ITEM_0004769,ORD_002724,PROD_0011,1,149.99
ITEM_0004770,ORD_002724,PROD_0007,1,24.99
ITEM_0004771,ORD_002725,PROD_0013,2,69.99
ITEM_0004772,ORD_002725,PROD_0012,1,110.0
ITEM_0004773,ORD_002725,PROD_0006,2,89.99
ITEM_0004774,ORD_002726,PROD_0005,2,39.99
ITEM_0004775,ORD_002727,PROD_0008,2,119.99
ITEM_0004776,ORD_002727,PROD_0016,2,39.99
ITEM_0004777,ORD_002727,PROD_0012,2,110.0
ITEM_0004778,ORD_002727,PROD_0013,3,69.99
ITEM_0004779,ORD_002728,PROD_0006,3,89.99
ITEM_0004780,ORD_002728,PROD_0020,2,85.0
ITEM_0004781,ORD_002729,PROD_0005,3,39.99
ITEM_0004782,ORD_002730,PROD_0018,3,22.99
ITEM_0004783,ORD_002731,PROD_0014,3,19.99
ITEM_0004784,ORD_002731,PROD_0016,2,39.99
ITEM_0004785,ORD_002732,PROD_0007,1,24.99
ITEM_0004786,ORD_002733,PROD_0014,1,19.99
ITEM_0004787,ORD_002734,PROD_0015,3,29.99
ITEM_0004788,ORD_002734,PROD_0018,3,22.99
ITEM_0004789,ORD_002734,PROD_0001,2,79.99
ITEM_0004790,ORD_002735,PROD_0017,2,29.99
ITEM_0004791,ORD_002736,PROD_0017,3,29.99
ITEM_0004792,ORD_002736,PROD_0005,3,39.99
ITEM_0004793,ORD_002737,PROD_0005,3,39.99
ITEM_0004794,ORD_002738,PROD_0013,1,69.99
ITEM_0004795,ORD_002739,PROD_0005,1,39.99
ITEM_0004796,ORD_002739,PROD_0017,1,29.99
ITEM_0004797,ORD_002740,PROD_0002,2,199.99
ITEM_0004798,ORD_002740,PROD_0017,2,29.99
ITEM_0004799,ORD_002740,PROD_0010,3,59.99
ITEM_0004800,ORD_002741,PROD_0015,1,29.99
ITEM_0004801,ORD_002742,PROD_0018,3,22.99
ITEM_0004802,ORD_002742,PROD_0013,1,69.99
ITEM_0004803,ORD_002742,PROD_0016,2,39.99
ITEM_0004804,ORD_002743,PROD_0020,1,85.0
ITEM_0004805,ORD_002743,PROD_0010,3,59.99
ITEM_0004806,ORD_002744,PROD_0002,3,199.99
ITEM_0004807,ORD_002744,PROD_0004,2,49.99
ITEM_0004808,ORD_002745,PROD_0012,2,110.0
ITEM_0004809,ORD_002745,PROD_0002,2,199.99
ITEM_0004810,ORD_002745,PROD_0001,1,79.99
ITEM_0004811,ORD_002746,PROD_0002,3,199.99
ITEM_0004812,ORD_002746,PROD_0018,3,22.99
ITEM_0004813,ORD_002747,PROD_0003,2,129.99
ITEM_0004814,ORD_002748,PROD_0017,2,29.99
ITEM_0004815,ORD_002749,PROD_0009,2,34.99
ITEM_0004816,ORD_002749,PROD_0017,2,29.99
ITEM_0004817,ORD_002750,PROD_0002,1,199.99
ITEM_0004818,ORD_002751,PROD_0013,3,69.99
ITEM_0004819,ORD_002751,PROD_0010,2,59.99
ITEM_0004820,ORD_002751,PROD_0015,1,29.99
ITEM_0004821,ORD_002752,PROD_0015,3,29.99
ITEM_0004822,ORD_002753,PROD_0007,1,24.99
ITEM_0004823,ORD_002753,PROD_0016,1,39.99
ITEM_0004824,ORD_002754,PROD_0017,3,29.99
ITEM_0004825,ORD_002755,PROD_0019,1,34.99
ITEM_0004826,ORD_002756,PROD_0016,1,39.99
ITEM_0004827,ORD_002757,PROD_0009,1,34.99
ITEM_0004828,ORD_002758,PROD_0005,2,39.99
ITEM_0004829,ORD_002759,PROD_0019,2,34.99
ITEM_0004830,ORD_002759,PROD_0017,2,29.99
ITEM_0004831,ORD_002760,PROD_0016,1,39.99
ITEM_0004832,ORD_002761,PROD_0014,1,19.99
ITEM_0004833,ORD_002761,PROD_0020,1,85.0
ITEM_0004834,ORD_002761,PROD_0018,1,22.99
ITEM_0004835,ORD_002762,PROD_0006,2,89.99
ITEM_0004836,ORD_002763,PROD_0008,3,119.99
ITEM_0004837,ORD_002763,PROD_0009,3,34.99
ITEM_0004838,ORD_002763,PROD_0011,1,149.99
ITEM_0004839,ORD_002764,PROD_0012,3,110.0
ITEM_0004840,ORD_002764,PROD_0010,2,59.99
ITEM_0004841,ORD_002764,PROD_0014,1,19.99
ITEM_0004842,ORD_002765,PROD_0019,3,34.99
ITEM_0004843,ORD_002765,PROD_0016,2,39.99
ITEM_0004844,ORD_002766,PROD_0006,1,89.99
ITEM_0004845,ORD_002766,PROD_0016,3,39.99
ITEM_0004846,ORD_002766,PROD_0019,2,34.99
ITEM_0004847,ORD_002767,PROD_0016,3,39.99
ITEM_0004848,ORD_002767,PROD_0017,1,29.99
ITEM_0004849,ORD_002768,PROD_0002,1,199.99
ITEM_0004850,ORD_002769,PROD_0007,3,24.99
ITEM_0004851,ORD_002770,PROD_0016,1,39.99
ITEM_0004852,ORD_002770,PROD_0004,3,49.99
ITEM_0004853,ORD_002771,PROD_0013,2,69.99
ITEM_0004854,ORD_002772,PROD_0014,3,19.99
ITEM_0004855,ORD_002772,PROD_0010,3,59.99
ITEM_0004856,ORD_002773,PROD_0009,3,34.99
ITEM_0004857,ORD_002774,PROD_0010,1,59.99
ITEM_0004858,ORD_002774,PROD_0005,2,39.99
ITEM_0004859,ORD_002774,PROD_0013,3,69.99
ITEM_0004860,ORD_002775,PROD_0019,2,34.99
ITEM_0004861,ORD_002775,PROD_0003,1,129.99
ITEM_0004862,ORD_002775,PROD_0009,2,34.99
ITEM_0004863,ORD_002776,PROD_0014,3,19.99
ITEM_0004864,ORD_002776,PROD_0002,3,199.99
ITEM_0004865,ORD_002777,PROD_0004,3,49.99
ITEM_0004866,ORD_002778,PROD_0001,2,79.99
ITEM_0004867,ORD_002779,PROD_0009,3,34.99
ITEM_0004868,ORD_002779,PROD_0015,1,29.99
ITEM_0004869,ORD_002780,PROD_0007,1,24.99
ITEM_0004870,ORD_002780,PROD_0012,1,110.0
ITEM_0004871,ORD_002781,PROD_0009,2,34.99
ITEM_0004872,ORD_002781,PROD_0013,3,69.99
ITEM_0004873,ORD_002782,PROD_0005,3,39.99
ITEM_0004874,ORD_002782,PROD_0001,2,79.99
ITEM_0004875,ORD_002782,PROD_0007,2,24.99
ITEM_0004876,ORD_002783,PROD_0013,3,69.99
ITEM_0004877,ORD_002784,PROD_0005,1,39.99
ITEM_0004878,ORD_002785,PROD_0002,1,199.99
ITEM_0004879,ORD_002785,PROD_0003,2,129.99
ITEM_0004880,ORD_002786,PROD_0011,1,149.99
ITEM_0004881,ORD_002786,PROD_0009,2,34.99
ITEM_0004882,ORD_002787,PROD_0007,3,24.99
ITEM_0004883,ORD_002788,PROD_0007,3,24.99
ITEM_0004884,ORD_002788,PROD_0001,1,79.99
ITEM_0004885,ORD_002789,PROD_0019,1,34.99
ITEM_0004886,ORD_002789,PROD_0008,3,119.99
ITEM_0004887,ORD_002789,PROD_0003,1,129.99
ITEM_0004888,ORD_002790,PROD_0006,2,89.99
ITEM_0004889,ORD_002790,PROD_0017,3,29.99
ITEM_0004890,ORD_002790,PROD_0008,3,119.99
ITEM_0004891,ORD_002790,PROD_0011,1,149.99
ITEM_0004892,ORD_002791,PROD_0002,2,199.99
ITEM_0004893,ORD_002791,PROD_0009,2,34.99
ITEM_0004894,ORD_002792,PROD_0018,1,22.99
ITEM_0004895,ORD_002793,PROD_0017,2,29.99
ITEM_0004896,ORD_002793,PROD_0003,3,129.99
ITEM_0004897,ORD_002794,PROD_0008,1,119.99
ITEM_0004898,ORD_002794,PROD_0003,3,129.99
ITEM_0004899,ORD_002794,PROD_0019,3,34.99
ITEM_0004900,ORD_002795,PROD_0007,3,24.99
ITEM_0004901,ORD_002796,PROD_0004,3,49.99
ITEM_0004902,ORD_002796,PROD_0010,1,59.99
ITEM_0004903,ORD_002797,PROD_0001,3,79.99
ITEM_0004904,ORD_002797,PROD_0004,1,49.99
ITEM_0004905,ORD_002797,PROD_0013,3,69.99
ITEM_0004906,ORD_002798,PROD_0005,2,39.99
ITEM_0004907,ORD_002798,PROD_0017,3,29.99
ITEM_0004908,ORD_002798,PROD_0018,3,22.99
ITEM_0004909,ORD_002799,PROD_0003,3,129.99
ITEM_0004910,ORD_002800,PROD_0006,2,89.99
ITEM_0004911,ORD_002801,PROD_0019,1,34.99
ITEM_0004912,ORD_002801,PROD_0007,2,24.99
ITEM_0004913,ORD_002802,PROD_0020,3,85.0
ITEM_0004914,ORD_002803,PROD_0008,1,119.99
ITEM_0004915,ORD_002803,PROD_0011,2,149.99
ITEM_0004916,ORD_002804,PROD_0005,2,39.99
ITEM_0004917,ORD_002805,PROD_0007,1,24.99
ITEM_0004918,ORD_002805,PROD_0018,2,22.99
ITEM_0004919,ORD_002806,PROD_0010,2,59.99
ITEM_0004920,ORD_002806,PROD_0004,3,49.99
ITEM_0004921,ORD_002806,PROD_0015,3,29.99
ITEM_0004922,ORD_002807,PROD_0005,3,39.99
ITEM_0004923,ORD_002807,PROD_0019,2,34.99
ITEM_0004924,ORD_002807,PROD_0012,1,110.0
ITEM_0004925,ORD_002807,PROD_0013,3,69.99
ITEM_0004926,ORD_002808,PROD_0002,1,199.99
ITEM_0004927,ORD_002809,PROD_0006,2,89.99
ITEM_0004928,ORD_002810,PROD_0008,3,119.99
ITEM_0004929,ORD_002810,PROD_0001,1,79.99
ITEM_0004930,ORD_002810,PROD_0005,2,39.99
ITEM_0004931,ORD_002810,PROD_0007,3,24.99
ITEM_0004932,ORD_002811,PROD_0002,1,199.99
ITEM_0004933,ORD_002811,PROD_0016,2,39.99
ITEM_0004934,ORD_002812,PROD_0006,2,89.99
ITEM_0004935,ORD_002813,PROD_0001,2,79.99
ITEM_0004936,ORD_002813,PROD_0013,3,69.99
ITEM_0004937,ORD_002814,PROD_0006,2,89.99
ITEM_0004938,ORD_002814,PROD_0013,2,69.99
ITEM_0004939,ORD_002814,PROD_0014,1,19.99
ITEM_0004940,ORD_002815,PROD_0001,3,79.99
ITEM_0004941,ORD_002815,PROD_0011,2,149.99
ITEM_0004942,ORD_002816,PROD_0012,3,110.0
ITEM_0004943,ORD_002816,PROD_0014,2,19.99
ITEM_0004944,ORD_002816,PROD_0016,1,39.99
ITEM_0004945,ORD_002816,PROD_0009,2,34.99
ITEM_0004946,ORD_002817,PROD_0008,2,119.99
ITEM_0004947,ORD_002817,PROD_0009,3,34.99
ITEM_0004948,ORD_002817,PROD_0011,2,149.99
ITEM_0004949,ORD_002818,PROD_0014,3,19.99
ITEM_0004950,ORD_002818,PROD_0012,1,110.0
ITEM_0004951,ORD_002819,PROD_0008,3,119.99
ITEM_0004952,ORD_002819,PROD_0012,1,110.0
ITEM_0004953,ORD_002820,PROD_0013,1,69.99
ITEM_0004954,ORD_002821,PROD_0016,3,39.99
ITEM_0004955,ORD_002821,PROD_0012,2,110.0
ITEM_0004956,ORD_002821,PROD_0017,1,29.99
ITEM_0004957,ORD_002822,PROD_0020,2,85.0
ITEM_0004958,ORD_002822,PROD_0018,1,22.99
ITEM_0004959,ORD_002823,PROD_0011,2,149.99
ITEM_0004960,ORD_002823,PROD_0018,1,22.99
ITEM_0004961,ORD_002823,PROD_0002,2,199.99
ITEM_0004962,ORD_002823,PROD_0012,3,110.0
ITEM_0004963,ORD_002824,PROD_0013,1,69.99
ITEM_0004964,ORD_002824,PROD_0015,2,29.99
ITEM_0004965,ORD_002825,PROD_0020,1,85.0
ITEM_0004966,ORD_002825,PROD_0007,3,24.99
ITEM_0004967,ORD_002825,PROD_0002,2,199.99
ITEM_0004968,ORD_002826,PROD_0012,1,110.0
ITEM_0004969,ORD_002827,PROD_0005,1,39.99
ITEM_0004970,ORD_002828,PROD_0001,3,79.99
ITEM_0004971,ORD_002829,PROD_0007,1,24.99
ITEM_0004972,ORD_002830,PROD_0008,2,119.99
ITEM_0004973,ORD_002831,PROD_0004,3,49.99
ITEM_0004974,ORD_002831,PROD_0020,1,85.0
ITEM_0004975,ORD_002832,PROD_0015,2,29.99
ITEM_0004976,ORD_002833,PROD_0012,1,110.0
ITEM_0004977,ORD_002833,PROD_0004,3,49.99
ITEM_0004978,ORD_002833,PROD_0002,1,199.99
ITEM_0004979,ORD_002834,PROD_0010,3,59.99
ITEM_0004980,ORD_002835,PROD_0003,1,129.99
ITEM_0004981,ORD_002835,PROD_0019,2,34.99
ITEM_0004982,ORD_002836,PROD_0012,3,110.0
ITEM_0004983,ORD_002837,PROD_0006,2,89.99
ITEM_0004984,ORD_002838,PROD_0004,2,49.99
ITEM_0004985,ORD_002839,PROD_0006,2,89.99
ITEM_0004986,ORD_002839,PROD_0014,1,19.99
ITEM_0004987,ORD_002840,PROD_0015,3,29.99
ITEM_0004988,ORD_002841,PROD_0003,3,129.99
ITEM_0004989,ORD_002841,PROD_0014,3,19.99
ITEM_0004990,ORD_002842,PROD_0002,3,199.99
ITEM_0004991,ORD_002842,PROD_0010,3,59.99
ITEM_0004992,ORD_002843,PROD_0005,2,39.99
ITEM_0004993,ORD_002844,PROD_0007,2,24.99
ITEM_0004994,ORD_002844,PROD_0009,3,34.99
ITEM_0004995,ORD_002844,PROD_0008,2,119.99
ITEM_0004996,ORD_002844,PROD_0017,1,29.99
ITEM_0004997,ORD_002845,PROD_0005,2,39.99
ITEM_0004998,ORD_002846,PROD_0005,1,39.99
ITEM_0004999,ORD_002846,PROD_0018,2,22.99
ITEM_0005000,ORD_002846,PROD_0006,1,89.99
ITEM_0005001,ORD_002847,PROD_0015,1,29.99
ITEM_0005002,ORD_002848,PROD_0001,1,79.99
ITEM_0005003,ORD_002849,PROD_0007,1,24.99
ITEM_0005004,ORD_002849,PROD_0010,1,59.99
ITEM_0005005,ORD_002849,PROD_0008,1,119.99
ITEM_0005006,ORD_002850,PROD_0016,1,39.99
ITEM_0005007,ORD_002850,PROD_0020,3,85.0
ITEM_0005008,ORD_002850,PROD_0004,3,49.99
ITEM_0005009,ORD_002850,PROD_0018,1,22.99
ITEM_0005010,ORD_002851,PROD_0013,1,69.99
ITEM_0005011,ORD_002851,PROD_0011,3,149.99
ITEM_0005012,ORD_002852,PROD_0003,1,129.99
ITEM_0005013,ORD_002852,PROD_0002,3,199.99
ITEM_0005014,ORD_002853,PROD_0008,2,119.99
ITEM_0005015,ORD_002853,PROD_0013,1,69.99
ITEM_0005016,ORD_002854,PROD_0004,3,49.99
ITEM_0005017,ORD_002854,PROD_0001,3,79.99
ITEM_0005018,ORD_002855,PROD_0010,3,59.99
ITEM_0005019,ORD_002856,PROD_0009,1,34.99
ITEM_0005020,ORD_002857,PROD_0017,3,29.99
ITEM_0005021,ORD_002858,PROD_0010,2,59.99
ITEM_0005022,ORD_002858,PROD_0012,3,110.0
ITEM_0005023,ORD_002859,PROD_0002,3,199.99
ITEM_0005024,ORD_002860,PROD_0015,3,29.99
ITEM_0005025,ORD_002861,PROD_0008,1,119.99
ITEM_0005026,ORD_002861,PROD_0014,1,19.99
ITEM_0005027,ORD_002862,PROD_0015,1,29.99
ITEM_0005028,ORD_002862,PROD_0006,1,89.99
ITEM_0005029,ORD_002863,PROD_0018,1,22.99
ITEM_0005030,ORD_002864,PROD_0006,3,89.99
ITEM_0005031,ORD_002864,PROD_0012,3,110.0
ITEM_0005032,ORD_002865,PROD_0004,1,49.99
ITEM_0005033,ORD_002866,PROD_0003,3,129.99
ITEM_0005034,ORD_002866,PROD_0016,1,39.99
ITEM_0005035,ORD_002867,PROD_0016,1,39.99
ITEM_0005036,ORD_002867,PROD_0014,1,19.99
ITEM_0005037,ORD_002868,PROD_0004,2,49.99
ITEM_0005038,ORD_002869,PROD_0012,3,110.0
ITEM_0005039,ORD_002870,PROD_0001,1,79.99
ITEM_0005040,ORD_002871,PROD_0020,2,85.0
ITEM_0005041,ORD_002871,PROD_0009,2,34.99
ITEM_0005042,ORD_002872,PROD_0013,1,69.99
ITEM_0005043,ORD_002873,PROD_0003,3,129.99
ITEM_0005044,ORD_002874,PROD_0017,1,29.99
ITEM_0005045,ORD_002874,PROD_0020,3,85.0
ITEM_0005046,ORD_002875,PROD_0013,1,69.99
ITEM_0005047,ORD_002876,PROD_0007,3,24.99
ITEM_0005048,ORD_002877,PROD_0002,3,199.99
ITEM_0005049,ORD_002877,PROD_0006,3,89.99
ITEM_0005050,ORD_002878,PROD_0003,2,129.99
ITEM_0005051,ORD_002879,PROD_0007,1,24.99
ITEM_0005052,ORD_002880,PROD_0010,2,59.99
ITEM_0005053,ORD_002880,PROD_0006,1,89.99
ITEM_0005054,ORD_002881,PROD_0013,1,69.99
ITEM_0005055,ORD_002882,PROD_0009,3,34.99
ITEM_0005056,ORD_002883,PROD_0016,3,39.99
ITEM_0005057,ORD_002883,PROD_0001,1,79.99
ITEM_0005058,ORD_002884,PROD_0016,3,39.99
ITEM_0005059,ORD_002884,PROD_0008,1,119.99
ITEM_0005060,ORD_002885,PROD_0005,3,39.99
ITEM_0005061,ORD_002885,PROD_0004,1,49.99
ITEM_0005062,ORD_002885,PROD_0006,2,89.99
ITEM_0005063,ORD_002885,PROD_0016,1,39.99
ITEM_0005064,ORD_002886,PROD_0005,3,39.99
ITEM_0005065,ORD_002887,PROD_0009,1,34.99
ITEM_0005066,ORD_002887,PROD_0016,1,39.99
ITEM_0005067,ORD_002888,PROD_0013,3,69.99
ITEM_0005068,ORD_002888,PROD_0002,3,199.99
ITEM_0005069,ORD_002889,PROD_0009,3,34.99
ITEM_0005070,ORD_002889,PROD_0019,2,34.99
ITEM_0005071,ORD_002890,PROD_0005,1,39.99
ITEM_0005072,ORD_002891,PROD_0014,3,19.99
ITEM_0005073,ORD_002891,PROD_0012,3,110.0
ITEM_0005074,ORD_002892,PROD_0001,2,79.99
ITEM_0005075,ORD_002892,PROD_0014,1,19.99
ITEM_0005076,ORD_002892,PROD_0003,1,129.99
ITEM_0005077,ORD_002892,PROD_0016,2,39.99
ITEM_0005078,ORD_002893,PROD_0012,1,110.0
ITEM_0005079,ORD_002893,PROD_0020,2,85.0
ITEM_0005080,ORD_002894,PROD_0016,1,39.99
ITEM_0005081,ORD_002895,PROD_0019,3,34.99
ITEM_0005082,ORD_002895,PROD_0020,1,85.0
ITEM_0005083,ORD_002896,PROD_0001,2,79.99
ITEM_0005084,ORD_002896,PROD_0016,1,39.99
ITEM_0005085,ORD_002897,PROD_0007,1,24.99
ITEM_0005086,ORD_002898,PROD_0002,1,199.99
ITEM_0005087,ORD_002899,PROD_0012,3,110.0
ITEM_0005088,ORD_002900,PROD_0014,3,19.99
ITEM_0005089,ORD_002901,PROD_0009,3,34.99
ITEM_0005090,ORD_002902,PROD_0011,3,149.99
ITEM_0005091,ORD_002902,PROD_0004,3,49.99
ITEM_0005092,ORD_002903,PROD_0003,1,129.99
ITEM_0005093,ORD_002903,PROD_0009,3,34.99
ITEM_0005094,ORD_002904,PROD_0002,2,199.99
ITEM_0005095,ORD_002905,PROD_0009,2,34.99
ITEM_0005096,ORD_002906,PROD_0007,1,24.99
ITEM_0005097,ORD_002907,PROD_0017,2,29.99
ITEM_0005098,ORD_002907,PROD_0011,3,149.99
ITEM_0005099,ORD_002908,PROD_0019,3,34.99
ITEM_0005100,ORD_002908,PROD_0018,1,22.99
ITEM_0005101,ORD_002908,PROD_0015,3,29.99
ITEM_0005102,ORD_002909,PROD_0016,3,39.99
ITEM_0005103,ORD_002910,PROD_0003,3,129.99
ITEM_0005104,ORD_002911,PROD_0016,2,39.99
ITEM_0005105,ORD_002912,PROD_0001,1,79.99
ITEM_0005106,ORD_002913,PROD_0009,3,34.99
ITEM_0005107,ORD_002914,PROD_0008,2,119.99
ITEM_0005108,ORD_002915,PROD_0018,2,22.99
ITEM_0005109,ORD_002916,PROD_0018,1,22.99
ITEM_0005110,ORD_002916,PROD_0009,3,34.99
ITEM_0005111,ORD_002917,PROD_0020,2,85.0
ITEM_0005112,ORD_002918,PROD_0017,2,29.99
ITEM_0005113,ORD_002918,PROD_0014,2,19.99
ITEM_0005114,ORD_002919,PROD_0012,3,110.0
ITEM_0005115,ORD_002920,PROD_0011,2,149.99
ITEM_0005116,ORD_002921,PROD_0020,1,85.0
ITEM_0005117,ORD_002921,PROD_0002,3,199.99
ITEM_0005118,ORD_002922,PROD_0011,1,149.99
ITEM_0005119,ORD_002922,PROD_0013,3,69.99
ITEM_0005120,ORD_002923,PROD_0006,3,89.99
ITEM_0005121,ORD_002924,PROD_0014,1,19.99
ITEM_0005122,ORD_002924,PROD_0006,1,89.99
ITEM_0005123,ORD_002925,PROD_0003,3,129.99
ITEM_0005124,ORD_002925,PROD_0020,3,85.0
ITEM_0005125,ORD_002926,PROD_0010,2,59.99
ITEM_0005126,ORD_002926,PROD_0005,1,39.99
ITEM_0005127,ORD_002927,PROD_0007,1,24.99
ITEM_0005128,ORD_002928,PROD_0020,2,85.0
ITEM_0005129,ORD_002928,PROD_0008,2,119.99
ITEM_0005130,ORD_002929,PROD_0020,3,85.0
ITEM_0005131,ORD_002930,PROD_0006,2,89.99
ITEM_0005132,ORD_002930,PROD_0010,3,59.99
ITEM_0005133,ORD_002930,PROD_0008,1,119.99
ITEM_0005134,ORD_002931,PROD_0009,3,34.99
ITEM_0005135,ORD_002932,PROD_0018,1,22.99
ITEM_0005136,ORD_002932,PROD_0017,3,29.99
ITEM_0005137,ORD_002932,PROD_0012,2,110.0
ITEM_0005138,ORD_002932,PROD_0009,3,34.99
ITEM_0005139,ORD_002933,PROD_0011,2,149.99
ITEM_0005140,ORD_002934,PROD_0018,1,22.99
ITEM_0005141,ORD_002935,PROD_0005,1,39.99
ITEM_0005142,ORD_002936,PROD_0020,2,85.0
ITEM_0005143,ORD_002936,PROD_0013,2,69.99
ITEM_0005144,ORD_002937,PROD_0009,2,34.99
ITEM_0005145,ORD_002937,PROD_0015,3,29.99
ITEM_0005146,ORD_002938,PROD_0014,2,19.99
ITEM_0005147,ORD_002938,PROD_0019,1,34.99
ITEM_0005148,ORD_002938,PROD_0002,1,199.99
ITEM_0005149,ORD_002939,PROD_0015,2,29.99
ITEM_0005150,ORD_002940,PROD_0011,1,149.99
ITEM_0005151,ORD_002941,PROD_0001,2,79.99
ITEM_0005152,ORD_002942,PROD_0006,2,89.99
ITEM_0005153,ORD_002942,PROD_0007,3,24.99
ITEM_0005154,ORD_002943,PROD_0001,2,79.99
ITEM_0005155,ORD_002943,PROD_0009,2,34.99
ITEM_0005156,ORD_002944,PROD_0008,1,119.99
ITEM_0005157,ORD_002944,PROD_0016,3,39.99
ITEM_0005158,ORD_002945,PROD_0014,3,19.99
ITEM_0005159,ORD_002945,PROD_0003,1,129.99
ITEM_0005160,ORD_002946,PROD_0002,3,199.99
ITEM_0005161,ORD_002947,PROD_0016,2,39.99
ITEM_0005162,ORD_002948,PROD_0003,3,129.99
ITEM_0005163,ORD_002948,PROD_0014,1,19.99
ITEM_0005164,ORD_002949,PROD_0013,1,69.99
ITEM_0005165,ORD_002949,PROD_0007,3,24.99
ITEM_0005166,ORD_002949,PROD_0011,1,149.99
ITEM_0005167,ORD_002950,PROD_0019,1,34.99
ITEM_0005168,ORD_002951,PROD_0001,1,79.99
ITEM_0005169,ORD_002951,PROD_0010,3,59.99
ITEM_0005170,ORD_002952,PROD_0016,2,39.99
ITEM_0005171,ORD_002952,PROD_0002,1,199.99
ITEM_0005172,ORD_002953,PROD_0009,1,34.99
ITEM_0005173,ORD_002954,PROD_0020,1,85.0
ITEM_0005174,ORD_002955,PROD_0007,2,24.99
ITEM_0005175,ORD_002955,PROD_0008,3,119.99
ITEM_0005176,ORD_002955,PROD_0012,3,110.0
ITEM_0005177,ORD_002955,PROD_0015,1,29.99
ITEM_0005178,ORD_002956,PROD_0015,2,29.99
ITEM_0005179,ORD_002956,PROD_0010,1,59.99
ITEM_0005180,ORD_002956,PROD_0009,3,34.99
ITEM_0005181,ORD_002957,PROD_0013,3,69.99
ITEM_0005182,ORD_002958,PROD_0018,3,22.99
ITEM_0005183,ORD_002958,PROD_0016,2,39.99
ITEM_0005184,ORD_002958,PROD_0019,3,34.99
ITEM_0005185,ORD_002959,PROD_0017,2,29.99
ITEM_0005186,ORD_002959,PROD_0011,3,149.99
ITEM_0005187,ORD_002959,PROD_0005,2,39.99
ITEM_0005188,ORD_002960,PROD_0008,2,119.99
ITEM_0005189,ORD_002960,PROD_0016,1,39.99
ITEM_0005190,ORD_002960,PROD_0013,2,69.99
ITEM_0005191,ORD_002960,PROD_0015,1,29.99
ITEM_0005192,ORD_002961,PROD_0003,2,129.99
ITEM_0005193,ORD_002962,PROD_0016,1,39.99
ITEM_0005194,ORD_002963,PROD_0002,2,199.99
ITEM_0005195,ORD_002963,PROD_0019,2,34.99
ITEM_0005196,ORD_002964,PROD_0008,1,119.99
ITEM_0005197,ORD_002964,PROD_0010,3,59.99
ITEM_0005198,ORD_002965,PROD_0012,3,110.0
ITEM_0005199,ORD_002965,PROD_0008,1,119.99
ITEM_0005200,ORD_002966,PROD_0001,1,79.99
ITEM_0005201,ORD_002966,PROD_0002,1,199.99
ITEM_0005202,ORD_002966,PROD_0009,3,34.99
ITEM_0005203,ORD_002966,PROD_0015,1,29.99
ITEM_0005204,ORD_002967,PROD_0012,3,110.0
ITEM_0005205,ORD_002967,PROD_0014,3,19.99
ITEM_0005206,ORD_002967,PROD_0003,3,129.99
ITEM_0005207,ORD_002967,PROD_0018,3,22.99
ITEM_0005208,ORD_002968,PROD_0003,2,129.99
ITEM_0005209,ORD_002968,PROD_0018,2,22.99
ITEM_0005210,ORD_002968,PROD_0004,2,49.99
ITEM_0005211,ORD_002968,PROD_0011,1,149.99
ITEM_0005212,ORD_002969,PROD_0014,3,19.99
ITEM_0005213,ORD_002970,PROD_0015,2,29.99
ITEM_0005214,ORD_002971,PROD_0005,2,39.99
ITEM_0005215,ORD_002971,PROD_0001,2,79.99
ITEM_0005216,ORD_002972,PROD_0017,2,29.99
ITEM_0005217,ORD_002973,PROD_0008,3,119.99
ITEM_0005218,ORD_002974,PROD_0010,2,59.99
ITEM_0005219,ORD_002975,PROD_0006,2,89.99
ITEM_0005220,ORD_002975,PROD_0005,1,39.99
ITEM_0005221,ORD_002976,PROD_0002,2,199.99
ITEM_0005222,ORD_002977,PROD_0003,2,129.99
ITEM_0005223,ORD_002977,PROD_0009,1,34.99
ITEM_0005224,ORD_002978,PROD_0005,2,39.99
ITEM_0005225,ORD_002978,PROD_0001,1,79.99
ITEM_0005226,ORD_002978,PROD_0007,1,24.99
ITEM_0005227,ORD_002979,PROD_0008,2,119.99
ITEM_0005228,ORD_002980,PROD_0014,2,19.99
ITEM_0005229,ORD_002980,PROD_0020,1,85.0
ITEM_0005230,ORD_002981,PROD_0003,3,129.99
ITEM_0005231,ORD_002981,PROD_0017,2,29.99
ITEM_0005232,ORD_002981,PROD_0007,1,24.99
ITEM_0005233,ORD_002982,PROD_0003,3,129.99
ITEM_0005234,ORD_002982,PROD_0012,2,110.0
ITEM_0005235,ORD_002983,PROD_0018,3,22.99
ITEM_0005236,ORD_002984,PROD_0017,2,29.99
ITEM_0005237,ORD_002984,PROD_0010,2,59.99
ITEM_0005238,ORD_002984,PROD_0003,3,129.99
ITEM_0005239,ORD_002985,PROD_0020,1,85.0
ITEM_0005240,ORD_002986,PROD_0018,3,22.99
ITEM_0005241,ORD_002987,PROD_0007,2,24.99
ITEM_0005242,ORD_002988,PROD_0006,2,89.99
ITEM_0005243,ORD_002988,PROD_0010,3,59.99
ITEM_0005244,ORD_002989,PROD_0004,2,49.99
ITEM_0005245,ORD_002989,PROD_0006,1,89.99
ITEM_0005246,ORD_002989,PROD_0003,2,129.99
ITEM_0005247,ORD_002990,PROD_0013,1,69.99
ITEM_0005248,ORD_002991,PROD_0007,1,24.99
ITEM_0005249,ORD_002992,PROD_0010,3,59.99
ITEM_0005250,ORD_002992,PROD_0001,3,79.99
ITEM_0005251,ORD_002992,PROD_0015,1,29.99
ITEM_0005252,ORD_002993,PROD_0014,2,19.99
ITEM_0005253,ORD_002993,PROD_0012,2,110.0
ITEM_0005254,ORD_002993,PROD_0018,3,22.99
ITEM_0005255,ORD_002993,PROD_0010,3,59.99
ITEM_0005256,ORD_002994,PROD_0011,3,149.99
ITEM_0005257,ORD_002994,PROD_0010,3,59.99
ITEM_0005258,ORD_002994,PROD_0004,1,49.99
ITEM_0005259,ORD_002995,PROD_0020,2,85.0
ITEM_0005260,ORD_002995,PROD_0009,3,34.99
ITEM_0005261,ORD_002995,PROD_0011,1,149.99
ITEM_0005262,ORD_002996,PROD_0004,3,49.99
ITEM_0005263,ORD_002997,PROD_0017,3,29.99
ITEM_0005264,ORD_002998,PROD_0018,1,22.99
ITEM_0005265,ORD_002999,PROD_0016,3,39.99
ITEM_0005266,ORD_002999,PROD_0012,2,110.0
ITEM_0005267,ORD_003000,PROD_0005,2,39.99
ITEM_0005268,ORD_003000,PROD_0001,3,79.99
ITEM_0005269,ORD_003001,PROD_0001,3,79.99
ITEM_0005270,ORD_003001,PROD_0012,3,110.0
ITEM_0005271,ORD_003002,PROD_0005,1,39.99
ITEM_0005272,ORD_003003,PROD_0002,2,199.99
ITEM_0005273,ORD_003004,PROD_0005,2,39.99
ITEM_0005274,ORD_003005,PROD_0003,2,129.99
ITEM_0005275,ORD_003005,PROD_0010,3,59.99
ITEM_0005276,ORD_003006,PROD_0017,3,29.99
ITEM_0005277,ORD_003006,PROD_0013,1,69.99
ITEM_0005278,ORD_003006,PROD_0001,1,79.99
ITEM_0005279,ORD_003007,PROD_0012,2,110.0
ITEM_0005280,ORD_003008,PROD_0011,3,149.99
ITEM_0005281,ORD_003008,PROD_0002,3,199.99
ITEM_0005282,ORD_003008,PROD_0001,3,79.99
ITEM_0005283,ORD_003008,PROD_0009,2,34.99
ITEM_0005284,ORD_003009,PROD_0002,3,199.99
ITEM_0005285,ORD_003010,PROD_0008,3,119.99
ITEM_0005286,ORD_003010,PROD_0017,2,29.99
ITEM_0005287,ORD_003010,PROD_0018,3,22.99
ITEM_0005288,ORD_003011,PROD_0020,1,85.0
ITEM_0005289,ORD_003012,PROD_0005,1,39.99
ITEM_0005290,ORD_003013,PROD_0009,3,34.99
ITEM_0005291,ORD_003014,PROD_0020,1,85.0
ITEM_0005292,ORD_003014,PROD_0001,2,79.99
ITEM_0005293,ORD_003015,PROD_0017,3,29.99
ITEM_0005294,ORD_003015,PROD_0019,1,34.99
ITEM_0005295,ORD_003016,PROD_0004,3,49.99
ITEM_0005296,ORD_003017,PROD_0005,2,39.99
ITEM_0005297,ORD_003018,PROD_0007,2,24.99
ITEM_0005298,ORD_003019,PROD_0013,3,69.99
ITEM_0005299,ORD_003019,PROD_0016,3,39.99
ITEM_0005300,ORD_003020,PROD_0014,3,19.99
ITEM_0005301,ORD_003020,PROD_0011,1,149.99
ITEM_0005302,ORD_003021,PROD_0018,1,22.99
ITEM_0005303,ORD_003021,PROD_0006,1,89.99
ITEM_0005304,ORD_003021,PROD_0019,3,34.99
ITEM_0005305,ORD_003022,PROD_0002,2,199.99
ITEM_0005306,ORD_003023,PROD_0014,3,19.99
ITEM_0005307,ORD_003024,PROD_0018,3,22.99
ITEM_0005308,ORD_003025,PROD_0005,3,39.99
ITEM_0005309,ORD_003026,PROD_0012,3,110.0
ITEM_0005310,ORD_003027,PROD_0016,2,39.99
ITEM_0005311,ORD_003027,PROD_0009,1,34.99
ITEM_0005312,ORD_003028,PROD_0010,2,59.99
ITEM_0005313,ORD_003028,PROD_0017,2,29.99
ITEM_0005314,ORD_003029,PROD_0004,2,49.99
ITEM_0005315,ORD_003029,PROD_0016,3,39.99
ITEM_0005316,ORD_003029,PROD_0014,2,19.99
ITEM_0005317,ORD_003030,PROD_0012,1,110.0
ITEM_0005318,ORD_003031,PROD_0014,3,19.99
ITEM_0005319,ORD_003031,PROD_0008,1,119.99
ITEM_0005320,ORD_003032,PROD_0004,1,49.99
ITEM_0005321,ORD_003033,PROD_0005,1,39.99
ITEM_0005322,ORD_003034,PROD_0007,2,24.99
ITEM_0005323,ORD_003034,PROD_0010,2,59.99
ITEM_0005324,ORD_003035,PROD_0017,1,29.99
ITEM_0005325,ORD_003035,PROD_0009,3,34.99
ITEM_0005326,ORD_003036,PROD_0007,1,24.99
ITEM_0005327,ORD_003037,PROD_0008,2,119.99
ITEM_0005328,ORD_003038,PROD_0011,1,149.99
ITEM_0005329,ORD_003038,PROD_0009,3,34.99
ITEM_0005330,ORD_003038,PROD_0019,1,34.99
ITEM_0005331,ORD_003039,PROD_0014,3,19.99
ITEM_0005332,ORD_003039,PROD_0016,3,39.99
ITEM_0005333,ORD_003040,PROD_0011,3,149.99
ITEM_0005334,ORD_003041,PROD_0004,2,49.99
ITEM_0005335,ORD_003041,PROD_0005,2,39.99
ITEM_0005336,ORD_003042,PROD_0017,1,29.99
ITEM_0005337,ORD_003043,PROD_0007,2,24.99
ITEM_0005338,ORD_003043,PROD_0018,2,22.99
ITEM_0005339,ORD_003044,PROD_0006,2,89.99
ITEM_0005340,ORD_003045,PROD_0017,1,29.99
ITEM_0005341,ORD_003046,PROD_0001,3,79.99
ITEM_0005342,ORD_003046,PROD_0016,3,39.99
ITEM_0005343,ORD_003047,PROD_0015,1,29.99
ITEM_0005344,ORD_003047,PROD_0016,3,39.99
ITEM_0005345,ORD_003048,PROD_0010,1,59.99
ITEM_0005346,ORD_003049,PROD_0020,3,85.0
ITEM_0005347,ORD_003049,PROD_0018,3,22.99
ITEM_0005348,ORD_003049,PROD_0006,2,89.99
ITEM_0005349,ORD_003050,PROD_0014,3,19.99
ITEM_0005350,ORD_003051,PROD_0011,2,149.99
ITEM_0005351,ORD_003052,PROD_0010,2,59.99
ITEM_0005352,ORD_003053,PROD_0014,3,19.99
ITEM_0005353,ORD_003054,PROD_0020,3,85.0
ITEM_0005354,ORD_003055,PROD_0012,1,110.0
ITEM_0005355,ORD_003056,PROD_0011,2,149.99
ITEM_0005356,ORD_003057,PROD_0009,3,34.99
ITEM_0005357,ORD_003057,PROD_0008,3,119.99
ITEM_0005358,ORD_003058,PROD_0012,2,110.0
ITEM_0005359,ORD_003059,PROD_0016,3,39.99
ITEM_0005360,ORD_003060,PROD_0011,3,149.99
ITEM_0005361,ORD_003061,PROD_0019,2,34.99
ITEM_0005362,ORD_003061,PROD_0012,2,110.0
ITEM_0005363,ORD_003062,PROD_0013,3,69.99
ITEM_0005364,ORD_003062,PROD_0002,3,199.99
ITEM_0005365,ORD_003063,PROD_0007,2,24.99
ITEM_0005366,ORD_003064,PROD_0009,3,34.99
ITEM_0005367,ORD_003065,PROD_0016,2,39.99
ITEM_0005368,ORD_003065,PROD_0019,1,34.99
ITEM_0005369,ORD_003066,PROD_0011,2,149.99
ITEM_0005370,ORD_003067,PROD_0013,1,69.99
ITEM_0005371,ORD_003067,PROD_0002,3,199.99
ITEM_0005372,ORD_003068,PROD_0015,3,29.99
ITEM_0005373,ORD_003069,PROD_0002,3,199.99
ITEM_0005374,ORD_003070,PROD_0014,3,19.99
ITEM_0005375,ORD_003071,PROD_0005,3,39.99
ITEM_0005376,ORD_003072,PROD_0019,2,34.99
ITEM_0005377,ORD_003072,PROD_0014,1,19.99
ITEM_0005378,ORD_003073,PROD_0012,2,110.0
ITEM_0005379,ORD_003073,PROD_0020,1,85.0
ITEM_0005380,ORD_003073,PROD_0017,1,29.99
ITEM_0005381,ORD_003073,PROD_0014,3,19.99
ITEM_0005382,ORD_003074,PROD_0007,3,24.99
ITEM_0005383,ORD_003074,PROD_0008,1,119.99
ITEM_0005384,ORD_003075,PROD_0015,3,29.99
ITEM_0005385,ORD_003076,PROD_0008,2,119.99
ITEM_0005386,ORD_003077,PROD_0001,3,79.99
ITEM_0005387,ORD_003078,PROD_0012,2,110.0
ITEM_0005388,ORD_003078,PROD_0014,1,19.99
ITEM_0005389,ORD_003079,PROD_0014,3,19.99
ITEM_0005390,ORD_003080,PROD_0003,2,129.99
ITEM_0005391,ORD_003080,PROD_0005,3,39.99
ITEM_0005392,ORD_003081,PROD_0007,2,24.99
ITEM_0005393,ORD_003081,PROD_0006,1,89.99
ITEM_0005394,ORD_003082,PROD_0019,3,34.99
ITEM_0005395,ORD_003082,PROD_0016,2,39.99
ITEM_0005396,ORD_003082,PROD_0018,2,22.99
ITEM_0005397,ORD_003083,PROD_0009,2,34.99
ITEM_0005398,ORD_003083,PROD_0013,2,69.99
ITEM_0005399,ORD_003083,PROD_0012,1,110.0
ITEM_0005400,ORD_003083,PROD_0007,1,24.99
ITEM_0005401,ORD_003084,PROD_0011,1,149.99
ITEM_0005402,ORD_003084,PROD_0003,3,129.99
ITEM_0005403,ORD_003085,PROD_0002,1,199.99
ITEM_0005404,ORD_003086,PROD_0014,2,19.99
ITEM_0005405,ORD_003086,PROD_0017,1,29.99
ITEM_0005406,ORD_003086,PROD_0010,2,59.99
ITEM_0005407,ORD_003087,PROD_0003,1,129.99
ITEM_0005408,ORD_003088,PROD_0002,2,199.99
ITEM_0005409,ORD_003089,PROD_0001,2,79.99
ITEM_0005410,ORD_003089,PROD_0007,2,24.99
ITEM_0005411,ORD_003089,PROD_0020,2,85.0
ITEM_0005412,ORD_003090,PROD_0014,2,19.99
ITEM_0005413,ORD_003091,PROD_0013,1,69.99
ITEM_0005414,ORD_003091,PROD_0005,2,39.99
ITEM_0005415,ORD_003092,PROD_0003,1,129.99
ITEM_0005416,ORD_003092,PROD_0014,1,19.99
ITEM_0005417,ORD_003093,PROD_0013,3,69.99
ITEM_0005418,ORD_003093,PROD_0018,2,22.99
ITEM_0005419,ORD_003093,PROD_0002,3,199.99
ITEM_0005420,ORD_003094,PROD_0006,2,89.99
ITEM_0005421,ORD_003094,PROD_0013,3,69.99
ITEM_0005422,ORD_003094,PROD_0010,2,59.99
ITEM_0005423,ORD_003095,PROD_0003,3,129.99
ITEM_0005424,ORD_003095,PROD_0013,3,69.99
ITEM_0005425,ORD_003096,PROD_0019,3,34.99
ITEM_0005426,ORD_003096,PROD_0002,1,199.99
ITEM_0005427,ORD_003097,PROD_0004,3,49.99
ITEM_0005428,ORD_003098,PROD_0012,1,110.0
ITEM_0005429,ORD_003099,PROD_0015,1,29.99
ITEM_0005430,ORD_003099,PROD_0001,2,79.99
ITEM_0005431,ORD_003100,PROD_0013,1,69.99
ITEM_0005432,ORD_003100,PROD_0005,1,39.99
ITEM_0005433,ORD_003101,PROD_0001,2,79.99
ITEM_0005434,ORD_003101,PROD_0018,2,22.99
ITEM_0005435,ORD_003102,PROD_0020,3,85.0
ITEM_0005436,ORD_003102,PROD_0008,2,119.99
ITEM_0005437,ORD_003102,PROD_0007,1,24.99
ITEM_0005438,ORD_003103,PROD_0014,2,19.99
ITEM_0005439,ORD_003104,PROD_0009,3,34.99
ITEM_0005440,ORD_003105,PROD_0006,1,89.99
ITEM_0005441,ORD_003106,PROD_0008,3,119.99
ITEM_0005442,ORD_003106,PROD_0007,3,24.99
ITEM_0005443,ORD_003106,PROD_0003,3,129.99
ITEM_0005444,ORD_003107,PROD_0008,2,119.99
ITEM_0005445,ORD_003107,PROD_0011,2,149.99
ITEM_0005446,ORD_003108,PROD_0002,2,199.99
ITEM_0005447,ORD_003109,PROD_0005,1,39.99
ITEM_0005448,ORD_003110,PROD_0008,3,119.99
ITEM_0005449,ORD_003111,PROD_0018,2,22.99
ITEM_0005450,ORD_003112,PROD_0014,2,19.99
ITEM_0005451,ORD_003113,PROD_0019,1,34.99
ITEM_0005452,ORD_003113,PROD_0015,1,29.99
ITEM_0005453,ORD_003113,PROD_0008,1,119.99
ITEM_0005454,ORD_003114,PROD_0014,2,19.99
ITEM_0005455,ORD_003114,PROD_0015,1,29.99
ITEM_0005456,ORD_003115,PROD_0018,3,22.99
ITEM_0005457,ORD_003115,PROD_0002,1,199.99
ITEM_0005458,ORD_003116,PROD_0012,2,110.0
ITEM_0005459,ORD_003117,PROD_0019,2,34.99
ITEM_0005460,ORD_003118,PROD_0016,2,39.99
ITEM_0005461,ORD_003119,PROD_0012,1,110.0
ITEM_0005462,ORD_003120,PROD_0019,2,34.99
ITEM_0005463,ORD_003121,PROD_0019,3,34.99
ITEM_0005464,ORD_003121,PROD_0001,2,79.99
ITEM_0005465,ORD_003122,PROD_0014,3,19.99
ITEM_0005466,ORD_003123,PROD_0014,2,19.99
ITEM_0005467,ORD_003123,PROD_0003,3,129.99
ITEM_0005468,ORD_003124,PROD_0015,2,29.99
ITEM_0005469,ORD_003124,PROD_0020,2,85.0
ITEM_0005470,ORD_003125,PROD_0019,1,34.99
ITEM_0005471,ORD_003126,PROD_0015,1,29.99
ITEM_0005472,ORD_003127,PROD_0004,2,49.99
ITEM_0005473,ORD_003127,PROD_0005,3,39.99
ITEM_0005474,ORD_003127,PROD_0018,3,22.99
ITEM_0005475,ORD_003127,PROD_0014,1,19.99
ITEM_0005476,ORD_003128,PROD_0008,3,119.99
ITEM_0005477,ORD_003129,PROD_0001,2,79.99
ITEM_0005478,ORD_003130,PROD_0001,3,79.99
ITEM_0005479,ORD_003131,PROD_0013,2,69.99
ITEM_0005480,ORD_003132,PROD_0016,2,39.99
ITEM_0005481,ORD_003133,PROD_0018,2,22.99
ITEM_0005482,ORD_003133,PROD_0011,1,149.99
ITEM_0005483,ORD_003134,PROD_0017,2,29.99
ITEM_0005484,ORD_003134,PROD_0001,2,79.99
ITEM_0005485,ORD_003135,PROD_0011,2,149.99
ITEM_0005486,ORD_003135,PROD_0008,2,119.99
ITEM_0005487,ORD_003135,PROD_0015,1,29.99
ITEM_0005488,ORD_003136,PROD_0015,1,29.99
ITEM_0005489,ORD_003136,PROD_0018,1,22.99
ITEM_0005490,ORD_003137,PROD_0008,1,119.99
ITEM_0005491,ORD_003138,PROD_0014,3,19.99
ITEM_0005492,ORD_003138,PROD_0007,2,24.99
ITEM_0005493,ORD_003139,PROD_0017,2,29.99
ITEM_0005494,ORD_003140,PROD_0014,3,19.99
ITEM_0005495,ORD_003140,PROD_0006,3,89.99
ITEM_0005496,ORD_003141,PROD_0001,3,79.99
ITEM_0005497,ORD_003142,PROD_0001,1,79.99
ITEM_0005498,ORD_003143,PROD_0003,3,129.99
ITEM_0005499,ORD_003144,PROD_0001,2,79.99
ITEM_0005500,ORD_003144,PROD_0003,2,129.99
ITEM_0005501,ORD_003145,PROD_0017,3,29.99
ITEM_0005502,ORD_003146,PROD_0009,2,34.99
ITEM_0005503,ORD_003147,PROD_0013,2,69.99
ITEM_0005504,ORD_003148,PROD_0008,2,119.99
ITEM_0005505,ORD_003148,PROD_0013,3,69.99
ITEM_0005506,ORD_003148,PROD_0002,3,199.99
ITEM_0005507,ORD_003149,PROD_0012,1,110.0
ITEM_0005508,ORD_003150,PROD_0001,2,79.99
ITEM_0005509,ORD_003151,PROD_0005,2,39.99
ITEM_0005510,ORD_003152,PROD_0004,1,49.99
ITEM_0005511,ORD_003153,PROD_0019,3,34.99
ITEM_0005512,ORD_003153,PROD_0014,1,19.99
ITEM_0005513,ORD_003154,PROD_0019,3,34.99
ITEM_0005514,ORD_003155,PROD_0005,3,39.99
ITEM_0005515,ORD_003155,PROD_0008,2,119.99
ITEM_0005516,ORD_003156,PROD_0007,1,24.99
ITEM_0005517,ORD_003156,PROD_0016,3,39.99
ITEM_0005518,ORD_003157,PROD_0012,1,110.0
ITEM_0005519,ORD_003157,PROD_0011,3,149.99
ITEM_0005520,ORD_003158,PROD_0006,2,89.99
ITEM_0005521,ORD_003159,PROD_0010,1,59.99
ITEM_0005522,ORD_003159,PROD_0018,2,22.99
ITEM_0005523,ORD_003159,PROD_0015,1,29.99
ITEM_0005524,ORD_003160,PROD_0018,2,22.99
ITEM_0005525,ORD_003160,PROD_0008,3,119.99
ITEM_0005526,ORD_003161,PROD_0014,1,19.99
ITEM_0005527,ORD_003162,PROD_0010,2,59.99
ITEM_0005528,ORD_003163,PROD_0020,1,85.0
ITEM_0005529,ORD_003164,PROD_0008,1,119.99
ITEM_0005530,ORD_003164,PROD_0017,1,29.99
ITEM_0005531,ORD_003164,PROD_0002,2,199.99
ITEM_0005532,ORD_003165,PROD_0010,3,59.99
ITEM_0005533,ORD_003166,PROD_0002,1,199.99
ITEM_0005534,ORD_003166,PROD_0019,2,34.99
ITEM_0005535,ORD_003167,PROD_0014,2,19.99
ITEM_0005536,ORD_003168,PROD_0005,1,39.99
ITEM_0005537,ORD_003168,PROD_0012,2,110.0
ITEM_0005538,ORD_003168,PROD_0009,3,34.99
ITEM_0005539,ORD_003169,PROD_0009,1,34.99
ITEM_0005540,ORD_003169,PROD_0002,2,199.99
ITEM_0005541,ORD_003170,PROD_0015,2,29.99
ITEM_0005542,ORD_003171,PROD_0011,1,149.99
ITEM_0005543,ORD_003172,PROD_0020,3,85.0
ITEM_0005544,ORD_003173,PROD_0006,3,89.99
ITEM_0005545,ORD_003173,PROD_0020,2,85.0
ITEM_0005546,ORD_003173,PROD_0018,3,22.99
ITEM_0005547,ORD_003174,PROD_0003,1,129.99
ITEM_0005548,ORD_003174,PROD_0012,1,110.0
ITEM_0005549,ORD_003175,PROD_0015,1,29.99
ITEM_0005550,ORD_003175,PROD_0008,3,119.99
ITEM_0005551,ORD_003176,PROD_0019,2,34.99
ITEM_0005552,ORD_003176,PROD_0002,2,199.99
ITEM_0005553,ORD_003177,PROD_0010,3,59.99
ITEM_0005554,ORD_003178,PROD_0011,1,149.99
ITEM_0005555,ORD_003178,PROD_0009,3,34.99
ITEM_0005556,ORD_003179,PROD_0020,3,85.0
ITEM_0005557,ORD_003179,PROD_0005,2,39.99
ITEM_0005558,ORD_003180,PROD_0008,2,119.99
ITEM_0005559,ORD_003180,PROD_0007,3,24.99
ITEM_0005560,ORD_003180,PROD_0010,1,59.99
ITEM_0005561,ORD_003181,PROD_0019,3,34.99
ITEM_0005562,ORD_003181,PROD_0006,2,89.99
ITEM_0005563,ORD_003182,PROD_0007,1,24.99
ITEM_0005564,ORD_003183,PROD_0011,1,149.99
ITEM_0005565,ORD_003184,PROD_0006,2,89.99
ITEM_0005566,ORD_003185,PROD_0007,1,24.99
ITEM_0005567,ORD_003185,PROD_0015,2,29.99
ITEM_0005568,ORD_003186,PROD_0005,1,39.99
ITEM_0005569,ORD_003187,PROD_0012,1,110.0
ITEM_0005570,ORD_003187,PROD_0020,3,85.0
ITEM_0005571,ORD_003188,PROD_0002,2,199.99
ITEM_0005572,ORD_003188,PROD_0009,2,34.99
ITEM_0005573,ORD_003188,PROD_0005,2,39.99
ITEM_0005574,ORD_003188,PROD_0018,1,22.99
ITEM_0005575,ORD_003189,PROD_0012,1,110.0
ITEM_0005576,ORD_003190,PROD_0003,1,129.99
ITEM_0005577,ORD_003190,PROD_0019,2,34.99
ITEM_0005578,ORD_003191,PROD_0020,1,85.0
ITEM_0005579,ORD_003191,PROD_0009,2,34.99
ITEM_0005580,ORD_003192,PROD_0004,1,49.99
ITEM_0005581,ORD_003193,PROD_0001,1,79.99
ITEM_0005582,ORD_003194,PROD_0018,2,22.99
ITEM_0005583,ORD_003194,PROD_0012,1,110.0
ITEM_0005584,ORD_003195,PROD_0003,1,129.99
ITEM_0005585,ORD_003196,PROD_0013,3,69.99
ITEM_0005586,ORD_003196,PROD_0017,2,29.99
ITEM_0005587,ORD_003197,PROD_0007,3,24.99
ITEM_0005588,ORD_003198,PROD_0003,1,129.99
ITEM_0005589,ORD_003199,PROD_0017,1,29.99
ITEM_0005590,ORD_003200,PROD_0013,1,69.99
ITEM_0005591,ORD_003201,PROD_0017,3,29.99
ITEM_0005592,ORD_003202,PROD_0012,3,110.0
ITEM_0005593,ORD_003202,PROD_0014,3,19.99
ITEM_0005594,ORD_003202,PROD_0002,2,199.99
ITEM_0005595,ORD_003203,PROD_0006,1,89.99
ITEM_0005596,ORD_003203,PROD_0013,1,69.99
ITEM_0005597,ORD_003204,PROD_0001,1,79.99
ITEM_0005598,ORD_003205,PROD_0007,2,24.99
ITEM_0005599,ORD_003206,PROD_0001,3,79.99
ITEM_0005600,ORD_003206,PROD_0018,2,22.99
ITEM_0005601,ORD_003207,PROD_0019,2,34.99
ITEM_0005602,ORD_003207,PROD_0012,2,110.0
ITEM_0005603,ORD_003208,PROD_0003,2,129.99
ITEM_0005604,ORD_003209,PROD_0017,2,29.99
ITEM_0005605,ORD_003210,PROD_0004,2,49.99
ITEM_0005606,ORD_003210,PROD_0003,1,129.99
ITEM_0005607,ORD_003211,PROD_0007,3,24.99
ITEM_0005608,ORD_003211,PROD_0010,3,59.99
ITEM_0005609,ORD_003211,PROD_0008,2,119.99
ITEM_0005610,ORD_003212,PROD_0002,2,199.99
ITEM_0005611,ORD_003213,PROD_0016,1,39.99
ITEM_0005612,ORD_003214,PROD_0016,1,39.99
ITEM_0005613,ORD_003215,PROD_0010,1,59.99
ITEM_0005614,ORD_003216,PROD_0002,2,199.99
ITEM_0005615,ORD_003217,PROD_0011,3,149.99
ITEM_0005616,ORD_003218,PROD_0018,3,22.99
ITEM_0005617,ORD_003218,PROD_0007,2,24.99
ITEM_0005618,ORD_003219,PROD_0010,1,59.99
ITEM_0005619,ORD_003220,PROD_0008,1,119.99
ITEM_0005620,ORD_003221,PROD_0006,1,89.99
ITEM_0005621,ORD_003222,PROD_0009,2,34.99
ITEM_0005622,ORD_003222,PROD_0004,1,49.99
ITEM_0005623,ORD_003222,PROD_0015,3,29.99
ITEM_0005624,ORD_003222,PROD_0014,3,19.99
ITEM_0005625,ORD_003223,PROD_0017,1,29.99
ITEM_0005626,ORD_003224,PROD_0013,1,69.99
ITEM_0005627,ORD_003224,PROD_0002,1,199.99
ITEM_0005628,ORD_003225,PROD_0013,1,69.99
ITEM_0005629,ORD_003226,PROD_0017,1,29.99
ITEM_0005630,ORD_003226,PROD_0019,3,34.99
ITEM_0005631,ORD_003227,PROD_0001,1,79.99
ITEM_0005632,ORD_003227,PROD_0011,3,149.99
ITEM_0005633,ORD_003227,PROD_0003,3,129.99
ITEM_0005634,ORD_003228,PROD_0005,2,39.99
ITEM_0005635,ORD_003229,PROD_0002,2,199.99
ITEM_0005636,ORD_003229,PROD_0019,1,34.99
ITEM_0005637,ORD_003230,PROD_0011,2,149.99
ITEM_0005638,ORD_003231,PROD_0009,2,34.99
ITEM_0005639,ORD_003232,PROD_0003,2,129.99
ITEM_0005640,ORD_003233,PROD_0003,3,129.99
ITEM_0005641,ORD_003234,PROD_0019,3,34.99
ITEM_0005642,ORD_003235,PROD_0001,2,79.99
ITEM_0005643,ORD_003235,PROD_0013,1,69.99
ITEM_0005644,ORD_003236,PROD_0004,3,49.99
ITEM_0005645,ORD_003236,PROD_0020,3,85.0
ITEM_0005646,ORD_003236,PROD_0005,3,39.99
ITEM_0005647,ORD_003237,PROD_0018,2,22.99
ITEM_0005648,ORD_003238,PROD_0009,3,34.99
ITEM_0005649,ORD_003239,PROD_0010,1,59.99
ITEM_0005650,ORD_003239,PROD_0001,2,79.99
ITEM_0005651,ORD_003240,PROD_0001,2,79.99
ITEM_0005652,ORD_003240,PROD_0010,2,59.99
ITEM_0005653,ORD_003240,PROD_0019,1,34.99
ITEM_0005654,ORD_003241,PROD_0013,2,69.99
ITEM_0005655,ORD_003241,PROD_0015,3,29.99
ITEM_0005656,ORD_003241,PROD_0004,1,49.99
ITEM_0005657,ORD_003242,PROD_0012,2,110.0
ITEM_0005658,ORD_003243,PROD_0016,2,39.99
ITEM_0005659,ORD_003244,PROD_0015,3,29.99
ITEM_0005660,ORD_003245,PROD_0008,2,119.99
ITEM_0005661,ORD_003245,PROD_0020,3,85.0
ITEM_0005662,ORD_003246,PROD_0013,2,69.99
ITEM_0005663,ORD_003247,PROD_0015,3,29.99
ITEM_0005664,ORD_003248,PROD_0013,1,69.99
ITEM_0005665,ORD_003249,PROD_0011,1,149.99
ITEM_0005666,ORD_003250,PROD_0010,2,59.99
ITEM_0005667,ORD_003251,PROD_0010,3,59.99
ITEM_0005668,ORD_003252,PROD_0003,2,129.99
ITEM_0005669,ORD_003253,PROD_0015,3,29.99
ITEM_0005670,ORD_003253,PROD_0020,2,85.0
ITEM_0005671,ORD_003253,PROD_0001,2,79.99
ITEM_0005672,ORD_003253,PROD_0003,3,129.99
ITEM_0005673,ORD_003254,PROD_0007,1,24.99
ITEM_0005674,ORD_003255,PROD_0019,1,34.99
ITEM_0005675,ORD_003256,PROD_0003,1,129.99
ITEM_0005676,ORD_003257,PROD_0019,1,34.99
ITEM_0005677,ORD_003258,PROD_0010,2,59.99
ITEM_0005678,ORD_003258,PROD_0019,1,34.99
ITEM_0005679,ORD_003259,PROD_0001,2,79.99
ITEM_0005680,ORD_003260,PROD_0019,3,34.99
ITEM_0005681,ORD_003261,PROD_0004,1,49.99
ITEM_0005682,ORD_003261,PROD_0016,2,39.99
ITEM_0005683,ORD_003262,PROD_0005,1,39.99
ITEM_0005684,ORD_003262,PROD_0009,3,34.99
ITEM_0005685,ORD_003263,PROD_0013,3,69.99
ITEM_0005686,ORD_003263,PROD_0011,2,149.99
ITEM_0005687,ORD_003263,PROD_0008,3,119.99
ITEM_0005688,ORD_003264,PROD_0003,1,129.99
ITEM_0005689,ORD_003265,PROD_0013,2,69.99
ITEM_0005690,ORD_003265,PROD_0015,3,29.99
ITEM_0005691,ORD_003265,PROD_0002,3,199.99
ITEM_0005692,ORD_003266,PROD_0015,1,29.99
ITEM_0005693,ORD_003266,PROD_0005,2,39.99
ITEM_0005694,ORD_003266,PROD_0004,1,49.99
ITEM_0005695,ORD_003267,PROD_0007,2,24.99
ITEM_0005696,ORD_003267,PROD_0012,1,110.0
ITEM_0005697,ORD_003268,PROD_0015,2,29.99
ITEM_0005698,ORD_003268,PROD_0001,2,79.99
ITEM_0005699,ORD_003269,PROD_0009,3,34.99
ITEM_0005700,ORD_003269,PROD_0005,3,39.99
ITEM_0005701,ORD_003270,PROD_0005,3,39.99
ITEM_0005702,ORD_003270,PROD_0012,1,110.0
ITEM_0005703,ORD_003271,PROD_0013,1,69.99
ITEM_0005704,ORD_003271,PROD_0002,3,199.99
ITEM_0005705,ORD_003271,PROD_0001,3,79.99
ITEM_0005706,ORD_003272,PROD_0014,1,19.99
ITEM_0005707,ORD_003273,PROD_0020,1,85.0
ITEM_0005708,ORD_003273,PROD_0017,3,29.99
ITEM_0005709,ORD_003273,PROD_0003,3,129.99
ITEM_0005710,ORD_003273,PROD_0005,3,39.99
ITEM_0005711,ORD_003274,PROD_0017,3,29.99
ITEM_0005712,ORD_003274,PROD_0010,1,59.99
ITEM_0005713,ORD_003275,PROD_0018,1,22.99
ITEM_0005714,ORD_003275,PROD_0013,1,69.99
ITEM_0005715,ORD_003275,PROD_0016,2,39.99
ITEM_0005716,ORD_003275,PROD_0005,3,39.99
ITEM_0005717,ORD_003276,PROD_0015,2,29.99
ITEM_0005718,ORD_003277,PROD_0020,3,85.0
ITEM_0005719,ORD_003278,PROD_0007,2,24.99
ITEM_0005720,ORD_003279,PROD_0008,2,119.99
ITEM_0005721,ORD_003280,PROD_0020,2,85.0
ITEM_0005722,ORD_003280,PROD_0008,3,119.99
ITEM_0005723,ORD_003281,PROD_0015,1,29.99
ITEM_0005724,ORD_003282,PROD_0019,1,34.99
ITEM_0005725,ORD_003282,PROD_0008,3,119.99
ITEM_0005726,ORD_003283,PROD_0004,3,49.99
ITEM_0005727,ORD_003283,PROD_0006,2,89.99
ITEM_0005728,ORD_003283,PROD_0013,3,69.99
ITEM_0005729,ORD_003284,PROD_0006,3,89.99
ITEM_0005730,ORD_003285,PROD_0017,3,29.99
ITEM_0005731,ORD_003286,PROD_0004,1,49.99
ITEM_0005732,ORD_003286,PROD_0003,2,129.99
ITEM_0005733,ORD_003287,PROD_0001,1,79.99
ITEM_0005734,ORD_003287,PROD_0011,2,149.99
ITEM_0005735,ORD_003288,PROD_0002,3,199.99
ITEM_0005736,ORD_003288,PROD_0013,2,69.99
ITEM_0005737,ORD_003289,PROD_0012,1,110.0
ITEM_0005738,ORD_003290,PROD_0015,2,29.99
ITEM_0005739,ORD_003290,PROD_0006,3,89.99
ITEM_0005740,ORD_003290,PROD_0004,1,49.99
ITEM_0005741,ORD_003290,PROD_0014,1,19.99
ITEM_0005742,ORD_003291,PROD_0003,2,129.99
ITEM_0005743,ORD_003291,PROD_0018,2,22.99
ITEM_0005744,ORD_003292,PROD_0015,2,29.99
ITEM_0005745,ORD_003292,PROD_0019,3,34.99
ITEM_0005746,ORD_003293,PROD_0005,3,39.99
ITEM_0005747,ORD_003293,PROD_0009,1,34.99
ITEM_0005748,ORD_003294,PROD_0013,2,69.99
ITEM_0005749,ORD_003294,PROD_0015,1,29.99
ITEM_0005750,ORD_003295,PROD_0015,2,29.99
ITEM_0005751,ORD_003295,PROD_0014,3,19.99
ITEM_0005752,ORD_003295,PROD_0004,1,49.99
ITEM_0005753,ORD_003295,PROD_0018,1,22.99
ITEM_0005754,ORD_003296,PROD_0012,3,110.0
ITEM_0005755,ORD_003296,PROD_0013,1,69.99
ITEM_0005756,ORD_003297,PROD_0018,1,22.99
ITEM_0005757,ORD_003298,PROD_0016,3,39.99
ITEM_0005758,ORD_003299,PROD_0008,2,119.99
ITEM_0005759,ORD_003299,PROD_0014,1,19.99
ITEM_0005760,ORD_003300,PROD_0003,3,129.99
ITEM_0005761,ORD_003301,PROD_0003,2,129.99
ITEM_0005762,ORD_003302,PROD_0011,2,149.99
ITEM_0005763,ORD_003302,PROD_0003,2,129.99
ITEM_0005764,ORD_003303,PROD_0012,1,110.0
ITEM_0005765,ORD_003304,PROD_0009,1,34.99
ITEM_0005766,ORD_003304,PROD_0005,3,39.99
ITEM_0005767,ORD_003305,PROD_0015,2,29.99
ITEM_0005768,ORD_003306,PROD_0008,3,119.99
ITEM_0005769,ORD_003306,PROD_0001,1,79.99
ITEM_0005770,ORD_003307,PROD_0011,1,149.99
ITEM_0005771,ORD_003307,PROD_0007,3,24.99
ITEM_0005772,ORD_003307,PROD_0004,1,49.99
ITEM_0005773,ORD_003307,PROD_0014,2,19.99
ITEM_0005774,ORD_003308,PROD_0014,2,19.99
ITEM_0005775,ORD_003309,PROD_0001,2,79.99
ITEM_0005776,ORD_003310,PROD_0014,2,19.99
ITEM_0005777,ORD_003311,PROD_0010,2,59.99
ITEM_0005778,ORD_003311,PROD_0011,3,149.99
ITEM_0005779,ORD_003312,PROD_0005,3,39.99
ITEM_0005780,ORD_003313,PROD_0004,1,49.99
ITEM_0005781,ORD_003314,PROD_0014,1,19.99
ITEM_0005782,ORD_003314,PROD_0004,2,49.99
ITEM_0005783,ORD_003315,PROD_0006,1,89.99
ITEM_0005784,ORD_003316,PROD_0018,3,22.99
ITEM_0005785,ORD_003316,PROD_0007,2,24.99
ITEM_0005786,ORD_003317,PROD_0010,3,59.99
ITEM_0005787,ORD_003317,PROD_0016,3,39.99
ITEM_0005788,ORD_003318,PROD_0003,2,129.99
ITEM_0005789,ORD_003318,PROD_0004,3,49.99
ITEM_0005790,ORD_003319,PROD_0018,2,22.99
ITEM_0005791,ORD_003320,PROD_0009,3,34.99
ITEM_0005792,ORD_003320,PROD_0018,3,22.99
ITEM_0005793,ORD_003320,PROD_0001,1,79.99
ITEM_0005794,ORD_003320,PROD_0008,3,119.99
ITEM_0005795,ORD_003321,PROD_0014,1,19.99
ITEM_0005796,ORD_003321,PROD_0003,2,129.99
ITEM_0005797,ORD_003321,PROD_0010,3,59.99
ITEM_0005798,ORD_003322,PROD_0020,3,85.0
ITEM_0005799,ORD_003322,PROD_0006,2,89.99
ITEM_0005800,ORD_003323,PROD_0020,2,85.0
ITEM_0005801,ORD_003324,PROD_0011,2,149.99
ITEM_0005802,ORD_003324,PROD_0015,2,29.99
ITEM_0005803,ORD_003325,PROD_0013,2,69.99
ITEM_0005804,ORD_003326,PROD_0002,1,199.99
ITEM_0005805,ORD_003327,PROD_0017,1,29.99
ITEM_0005806,ORD_003328,PROD_0014,1,19.99
ITEM_0005807,ORD_003329,PROD_0017,1,29.99
ITEM_0005808,ORD_003329,PROD_0019,3,34.99
ITEM_0005809,ORD_003330,PROD_0004,3,49.99
ITEM_0005810,ORD_003331,PROD_0016,1,39.99
ITEM_0005811,ORD_003331,PROD_0019,3,34.99
ITEM_0005812,ORD_003332,PROD_0002,3,199.99
ITEM_0005813,ORD_003332,PROD_0008,3,119.99
ITEM_0005814,ORD_003333,PROD_0005,3,39.99
ITEM_0005815,ORD_003334,PROD_0018,2,22.99
ITEM_0005816,ORD_003334,PROD_0009,3,34.99
ITEM_0005817,ORD_003335,PROD_0019,3,34.99
ITEM_0005818,ORD_003335,PROD_0001,2,79.99
ITEM_0005819,ORD_003335,PROD_0020,3,85.0
ITEM_0005820,ORD_003336,PROD_0009,1,34.99
ITEM_0005821,ORD_003337,PROD_0006,2,89.99
ITEM_0005822,ORD_003337,PROD_0014,3,19.99
ITEM_0005823,ORD_003337,PROD_0005,1,39.99
ITEM_0005824,ORD_003338,PROD_0004,3,49.99
ITEM_0005825,ORD_003338,PROD_0013,3,69.99
ITEM_0005826,ORD_003338,PROD_0001,1,79.99
ITEM_0005827,ORD_003338,PROD_0009,3,34.99
ITEM_0005828,ORD_003339,PROD_0019,2,34.99
ITEM_0005829,ORD_003339,PROD_0002,2,199.99
ITEM_0005830,ORD_003340,PROD_0008,2,119.99
ITEM_0005831,ORD_003341,PROD_0016,2,39.99
ITEM_0005832,ORD_003342,PROD_0007,3,24.99
ITEM_0005833,ORD_003342,PROD_0002,2,199.99
ITEM_0005834,ORD_003342,PROD_0015,2,29.99
ITEM_0005835,ORD_003343,PROD_0007,2,24.99
ITEM_0005836,ORD_003343,PROD_0011,3,149.99
ITEM_0005837,ORD_003343,PROD_0001,3,79.99
ITEM_0005838,ORD_003344,PROD_0007,2,24.99
ITEM_0005839,ORD_003345,PROD_0014,3,19.99
ITEM_0005840,ORD_003345,PROD_0019,1,34.99
ITEM_0005841,ORD_003345,PROD_0011,3,149.99
ITEM_0005842,ORD_003346,PROD_0005,2,39.99
ITEM_0005843,ORD_003346,PROD_0013,1,69.99
ITEM_0005844,ORD_003347,PROD_0004,1,49.99
ITEM_0005845,ORD_003348,PROD_0005,2,39.99
ITEM_0005846,ORD_003349,PROD_0020,1,85.0
ITEM_0005847,ORD_003350,PROD_0015,1,29.99
ITEM_0005848,ORD_003351,PROD_0007,2,24.99
ITEM_0005849,ORD_003352,PROD_0004,1,49.99
ITEM_0005850,ORD_003352,PROD_0006,3,89.99
ITEM_0005851,ORD_003353,PROD_0001,2,79.99
ITEM_0005852,ORD_003354,PROD_0006,2,89.99
ITEM_0005853,ORD_003354,PROD_0005,2,39.99
ITEM_0005854,ORD_003354,PROD_0018,2,22.99
ITEM_0005855,ORD_003355,PROD_0008,2,119.99
ITEM_0005856,ORD_003355,PROD_0001,2,79.99
ITEM_0005857,ORD_003356,PROD_0014,2,19.99
ITEM_0005858,ORD_003357,PROD_0018,1,22.99
ITEM_0005859,ORD_003358,PROD_0007,1,24.99
ITEM_0005860,ORD_003359,PROD_0017,2,29.99
ITEM_0005861,ORD_003360,PROD_0005,3,39.99
ITEM_0005862,ORD_003360,PROD_0014,1,19.99
ITEM_0005863,ORD_003361,PROD_0011,1,149.99
ITEM_0005864,ORD_003362,PROD_0015,2,29.99
ITEM_0005865,ORD_003363,PROD_0007,2,24.99
ITEM_0005866,ORD_003364,PROD_0016,1,39.99
ITEM_0005867,ORD_003365,PROD_0008,3,119.99
ITEM_0005868,ORD_003365,PROD_0020,3,85.0
ITEM_0005869,ORD_003366,PROD_0004,2,49.99
ITEM_0005870,ORD_003366,PROD_0001,1,79.99
ITEM_0005871,ORD_003367,PROD_0002,3,199.99
ITEM_0005872,ORD_003368,PROD_0009,2,34.99
ITEM_0005873,ORD_003369,PROD_0018,3,22.99
ITEM_0005874,ORD_003370,PROD_0005,3,39.99
ITEM_0005875,ORD_003371,PROD_0006,3,89.99
ITEM_0005876,ORD_003371,PROD_0014,2,19.99
ITEM_0005877,ORD_003371,PROD_0018,2,22.99
ITEM_0005878,ORD_003371,PROD_0002,3,199.99
ITEM_0005879,ORD_003372,PROD_0009,2,34.99
ITEM_0005880,ORD_003372,PROD_0016,3,39.99
ITEM_0005881,ORD_003373,PROD_0009,2,34.99
ITEM_0005882,ORD_003374,PROD_0018,2,22.99
ITEM_0005883,ORD_003375,PROD_0015,2,29.99
ITEM_0005884,ORD_003376,PROD_0002,3,199.99
ITEM_0005885,ORD_003377,PROD_0005,2,39.99
ITEM_0005886,ORD_003378,PROD_0005,3,39.99
ITEM_0005887,ORD_003379,PROD_0015,1,29.99
ITEM_0005888,ORD_003380,PROD_0014,3,19.99
ITEM_0005889,ORD_003380,PROD_0002,3,199.99
ITEM_0005890,ORD_003381,PROD_0013,3,69.99
ITEM_0005891,ORD_003382,PROD_0015,1,29.99
ITEM_0005892,ORD_003383,PROD_0012,1,110.0
ITEM_0005893,ORD_003384,PROD_0020,3,85.0
ITEM_0005894,ORD_003385,PROD_0001,3,79.99
ITEM_0005895,ORD_003385,PROD_0004,3,49.99
ITEM_0005896,ORD_003386,PROD_0002,3,199.99
ITEM_0005897,ORD_003387,PROD_0002,3,199.99
ITEM_0005898,ORD_003387,PROD_0010,2,59.99
ITEM_0005899,ORD_003387,PROD_0008,3,119.99
ITEM_0005900,ORD_003388,PROD_0005,1,39.99
ITEM_0005901,ORD_003389,PROD_0003,1,129.99
ITEM_0005902,ORD_003389,PROD_0002,2,199.99
ITEM_0005903,ORD_003389,PROD_0001,3,79.99
ITEM_0005904,ORD_003389,PROD_0019,3,34.99
ITEM_0005905,ORD_003390,PROD_0012,3,110.0
ITEM_0005906,ORD_003391,PROD_0008,1,119.99
ITEM_0005907,ORD_003392,PROD_0006,3,89.99
ITEM_0005908,ORD_003392,PROD_0016,3,39.99
ITEM_0005909,ORD_003392,PROD_0012,3,110.0
ITEM_0005910,ORD_003392,PROD_0019,3,34.99
ITEM_0005911,ORD_003393,PROD_0020,3,85.0
ITEM_0005912,ORD_003393,PROD_0014,2,19.99
ITEM_0005913,ORD_003394,PROD_0013,3,69.99
ITEM_0005914,ORD_003395,PROD_0010,1,59.99
ITEM_0005915,ORD_003396,PROD_0012,2,110.0
ITEM_0005916,ORD_003397,PROD_0014,3,19.99
ITEM_0005917,ORD_003397,PROD_0013,3,69.99
ITEM_0005918,ORD_003397,PROD_0015,2,29.99
ITEM_0005919,ORD_003398,PROD_0016,3,39.99
ITEM_0005920,ORD_003399,PROD_0020,2,85.0
ITEM_0005921,ORD_003399,PROD_0013,2,69.99
ITEM_0005922,ORD_003400,PROD_0007,2,24.99
ITEM_0005923,ORD_003400,PROD_0011,3,149.99
ITEM_0005924,ORD_003401,PROD_0009,3,34.99
ITEM_0005925,ORD_003402,PROD_0009,1,34.99
ITEM_0005926,ORD_003403,PROD_0004,3,49.99
ITEM_0005927,ORD_003403,PROD_0020,3,85.0
ITEM_0005928,ORD_003404,PROD_0009,3,34.99
ITEM_0005929,ORD_003404,PROD_0014,1,19.99
ITEM_0005930,ORD_003404,PROD_0019,1,34.99
ITEM_0005931,ORD_003404,PROD_0017,1,29.99
ITEM_0005932,ORD_003405,PROD_0017,3,29.99
ITEM_0005933,ORD_003406,PROD_0018,1,22.99
ITEM_0005934,ORD_003407,PROD_0020,1,85.0
ITEM_0005935,ORD_003408,PROD_0006,1,89.99
ITEM_0005936,ORD_003408,PROD_0019,3,34.99
ITEM_0005937,ORD_003409,PROD_0010,2,59.99
ITEM_0005938,ORD_003409,PROD_0016,2,39.99
ITEM_0005939,ORD_003409,PROD_0009,2,34.99
ITEM_0005940,ORD_003410,PROD_0008,3,119.99
ITEM_0005941,ORD_003411,PROD_0006,1,89.99
ITEM_0005942,ORD_003412,PROD_0002,3,199.99
ITEM_0005943,ORD_003413,PROD_0014,3,19.99
ITEM_0005944,ORD_003414,PROD_0017,3,29.99
ITEM_0005945,ORD_003414,PROD_0015,2,29.99
ITEM_0005946,ORD_003414,PROD_0016,2,39.99
ITEM_0005947,ORD_003414,PROD_0011,2,149.99
ITEM_0005948,ORD_003415,PROD_0004,3,49.99
ITEM_0005949,ORD_003416,PROD_0020,2,85.0
ITEM_0005950,ORD_003416,PROD_0014,3,19.99
ITEM_0005951,ORD_003417,PROD_0013,1,69.99
ITEM_0005952,ORD_003418,PROD_0017,2,29.99
ITEM_0005953,ORD_003418,PROD_0010,3,59.99
ITEM_0005954,ORD_003418,PROD_0019,3,34.99
ITEM_0005955,ORD_003419,PROD_0003,3,129.99
ITEM_0005956,ORD_003419,PROD_0012,1,110.0
ITEM_0005957,ORD_003419,PROD_0014,3,19.99
ITEM_0005958,ORD_003420,PROD_0015,1,29.99
ITEM_0005959,ORD_003420,PROD_0001,2,79.99
ITEM_0005960,ORD_003420,PROD_0014,1,19.99
ITEM_0005961,ORD_003420,PROD_0011,1,149.99
ITEM_0005962,ORD_003421,PROD_0015,1,29.99
ITEM_0005963,ORD_003421,PROD_0010,2,59.99
ITEM_0005964,ORD_003422,PROD_0016,2,39.99
ITEM_0005965,ORD_003422,PROD_0003,2,129.99
ITEM_0005966,ORD_003422,PROD_0018,2,22.99
ITEM_0005967,ORD_003423,PROD_0003,1,129.99
ITEM_0005968,ORD_003424,PROD_0006,1,89.99
ITEM_0005969,ORD_003425,PROD_0010,2,59.99
ITEM_0005970,ORD_003426,PROD_0014,1,19.99
ITEM_0005971,ORD_003427,PROD_0018,1,22.99
ITEM_0005972,ORD_003427,PROD_0017,1,29.99
ITEM_0005973,ORD_003428,PROD_0014,2,19.99
ITEM_0005974,ORD_003428,PROD_0019,2,34.99
ITEM_0005975,ORD_003429,PROD_0010,3,59.99
ITEM_0005976,ORD_003429,PROD_0006,3,89.99
ITEM_0005977,ORD_003430,PROD_0002,3,199.99
ITEM_0005978,ORD_003431,PROD_0015,3,29.99
ITEM_0005979,ORD_003431,PROD_0003,1,129.99
ITEM_0005980,ORD_003432,PROD_0013,3,69.99
ITEM_0005981,ORD_003432,PROD_0017,2,29.99
ITEM_0005982,ORD_003432,PROD_0014,3,19.99
ITEM_0005983,ORD_003433,PROD_0011,3,149.99
ITEM_0005984,ORD_003433,PROD_0006,2,89.99
ITEM_0005985,ORD_003433,PROD_0016,1,39.99
ITEM_0005986,ORD_003434,PROD_0016,2,39.99
ITEM_0005987,ORD_003435,PROD_0006,1,89.99
ITEM_0005988,ORD_003436,PROD_0012,2,110.0
ITEM_0005989,ORD_003437,PROD_0015,1,29.99
ITEM_0005990,ORD_003438,PROD_0012,1,110.0
ITEM_0005991,ORD_003439,PROD_0005,2,39.99
ITEM_0005992,ORD_003440,PROD_0006,2,89.99
ITEM_0005993,ORD_003441,PROD_0017,2,29.99
ITEM_0005994,ORD_003441,PROD_0008,1,119.99
ITEM_0005995,ORD_003441,PROD_0015,1,29.99
ITEM_0005996,ORD_003442,PROD_0003,2,129.99
ITEM_0005997,ORD_003442,PROD_0012,3,110.0
ITEM_0005998,ORD_003443,PROD_0011,2,149.99
ITEM_0005999,ORD_003444,PROD_0009,1,34.99
ITEM_0006000,ORD_003444,PROD_0014,1,19.99
ITEM_0006001,ORD_003445,PROD_0006,3,89.99
ITEM_0006002,ORD_003445,PROD_0010,2,59.99
ITEM_0006003,ORD_003445,PROD_0018,3,22.99
ITEM_0006004,ORD_003446,PROD_0014,2,19.99
ITEM_0006005,ORD_003446,PROD_0006,2,89.99
ITEM_0006006,ORD_003447,PROD_0002,3,199.99
ITEM_0006007,ORD_003448,PROD_0003,1,129.99
ITEM_0006008,ORD_003449,PROD_0001,2,79.99
ITEM_0006009,ORD_003449,PROD_0004,1,49.99
ITEM_0006010,ORD_003450,PROD_0008,1,119.99
ITEM_0006011,ORD_003450,PROD_0012,2,110.0
ITEM_0006012,ORD_003451,PROD_0001,1,79.99
ITEM_0006013,ORD_003452,PROD_0015,2,29.99
ITEM_0006014,ORD_003453,PROD_0011,2,149.99
ITEM_0006015,ORD_003454,PROD_0019,3,34.99
ITEM_0006016,ORD_003454,PROD_0010,2,59.99
ITEM_0006017,ORD_003455,PROD_0001,1,79.99
ITEM_0006018,ORD_003455,PROD_0011,3,149.99
ITEM_0006019,ORD_003455,PROD_0019,3,34.99
ITEM_0006020,ORD_003455,PROD_0008,3,119.99
ITEM_0006021,ORD_003456,PROD_0012,1,110.0
ITEM_0006022,ORD_003457,PROD_0005,3,39.99
ITEM_0006023,ORD_003457,PROD_0012,3,110.0
ITEM_0006024,ORD_003458,PROD_0003,1,129.99
ITEM_0006025,ORD_003458,PROD_0013,3,69.99
ITEM_0006026,ORD_003459,PROD_0012,2,110.0
ITEM_0006027,ORD_003460,PROD_0005,3,39.99
ITEM_0006028,ORD_003461,PROD_0017,2,29.99
ITEM_0006029,ORD_003462,PROD_0012,3,110.0
ITEM_0006030,ORD_003462,PROD_0008,2,119.99
ITEM_0006031,ORD_003462,PROD_0006,2,89.99
ITEM_0006032,ORD_003463,PROD_0007,3,24.99
ITEM_0006033,ORD_003464,PROD_0003,1,129.99
ITEM_0006034,ORD_003464,PROD_0006,2,89.99
ITEM_0006035,ORD_003465,PROD_0011,3,149.99
ITEM_0006036,ORD_003466,PROD_0009,1,34.99
ITEM_0006037,ORD_003466,PROD_0003,2,129.99
ITEM_0006038,ORD_003467,PROD_0020,2,85.0
ITEM_0006039,ORD_003468,PROD_0017,1,29.99
ITEM_0006040,ORD_003469,PROD_0020,2,85.0
ITEM_0006041,ORD_003469,PROD_0014,3,19.99
ITEM_0006042,ORD_003470,PROD_0010,1,59.99
ITEM_0006043,ORD_003471,PROD_0007,1,24.99
ITEM_0006044,ORD_003472,PROD_0018,1,22.99
ITEM_0006045,ORD_003472,PROD_0002,3,199.99
ITEM_0006046,ORD_003472,PROD_0006,3,89.99
ITEM_0006047,ORD_003473,PROD_0013,2,69.99
ITEM_0006048,ORD_003474,PROD_0004,3,49.99
ITEM_0006049,ORD_003474,PROD_0019,1,34.99
ITEM_0006050,ORD_003474,PROD_0002,1,199.99
ITEM_0006051,ORD_003475,PROD_0007,2,24.99
ITEM_0006052,ORD_003475,PROD_0004,3,49.99
ITEM_0006053,ORD_003476,PROD_0003,3,129.99
ITEM_0006054,ORD_003476,PROD_0016,1,39.99
ITEM_0006055,ORD_003476,PROD_0020,3,85.0
ITEM_0006056,ORD_003476,PROD_0001,1,79.99
ITEM_0006057,ORD_003477,PROD_0011,3,149.99
ITEM_0006058,ORD_003478,PROD_0008,2,119.99
ITEM_0006059,ORD_003478,PROD_0009,1,34.99
ITEM_0006060,ORD_003479,PROD_0017,1,29.99
ITEM_0006061,ORD_003480,PROD_0005,1,39.99
ITEM_0006062,ORD_003481,PROD_0007,3,24.99
ITEM_0006063,ORD_003481,PROD_0004,2,49.99
ITEM_0006064,ORD_003482,PROD_0003,1,129.99
ITEM_0006065,ORD_003482,PROD_0002,1,199.99
ITEM_0006066,ORD_003483,PROD_0013,2,69.99
ITEM_0006067,ORD_003484,PROD_0013,1,69.99
ITEM_0006068,ORD_003484,PROD_0020,3,85.0
ITEM_0006069,ORD_003484,PROD_0008,2,119.99
ITEM_0006070,ORD_003485,PROD_0011,3,149.99
ITEM_0006071,ORD_003486,PROD_0018,1,22.99
ITEM_0006072,ORD_003486,PROD_0014,2,19.99
ITEM_0006073,ORD_003487,PROD_0018,3,22.99
ITEM_0006074,ORD_003488,PROD_0006,3,89.99
ITEM_0006075,ORD_003488,PROD_0008,2,119.99
ITEM_0006076,ORD_003488,PROD_0015,1,29.99
ITEM_0006077,ORD_003489,PROD_0005,2,39.99
ITEM_0006078,ORD_003489,PROD_0012,2,110.0
ITEM_0006079,ORD_003489,PROD_0018,1,22.99
ITEM_0006080,ORD_003490,PROD_0001,2,79.99
ITEM_0006081,ORD_003490,PROD_0007,3,24.99
ITEM_0006082,ORD_003490,PROD_0010,3,59.99
ITEM_0006083,ORD_003490,PROD_0017,1,29.99
ITEM_0006084,ORD_003491,PROD_0019,1,34.99
ITEM_0006085,ORD_003492,PROD_0008,2,119.99
ITEM_0006086,ORD_003493,PROD_0009,3,34.99
ITEM_0006087,ORD_003494,PROD_0003,1,129.99
ITEM_0006088,ORD_003495,PROD_0006,2,89.99
ITEM_0006089,ORD_003496,PROD_0010,1,59.99
ITEM_0006090,ORD_003497,PROD_0012,3,110.0
ITEM_0006091,ORD_003497,PROD_0015,2,29.99
ITEM_0006092,ORD_003498,PROD_0003,2,129.99
ITEM_0006093,ORD_003499,PROD_0001,1,79.99
ITEM_0006094,ORD_003500,PROD_0001,3,79.99
